DPC施設名,都道府県,病院類型,DPC算定病床数,病床総数,マッチ状態,スコア,病床報告施設名,候補2,候補3
医療法人サヂカム会三国丘病院,大阪府,令和6年度出来高算定病院,0.0,120.0,未結合,,,,
地方独立行政法人長野県立病院機構長野県立阿南病院,長野県,令和7年度出来高算定病院,36.0,52.0,サフィックス一致,0.9,長野県立阿南病院,,
独立行政法人国立病院機構熊本南病院,熊本県,令和7年度出来高算定病院,74.0,172.0,完全一致,1.0,独立行政法人国立病院機構熊本南病院,,
医療法人社団大藏会札幌佐藤病院,北海道,令和6年度出来高算定病院,0.0,244.0,未結合,,,,
竹田綜合病院,福島県,平成16年度DPC参加病院,548.0,727.0,完全一致,1.0,竹田綜合病院,,
山形市立病院済生館,山形県,平成20年度DPC参加病院,528.0,528.0,完全一致,1.0,山形市立病院済生館,,
公立学校共済組合東北中央病院,山形県,平成21年度DPC参加病院,160.0,217.0,完全一致,1.0,公立学校共済組合東北中央病院,,
社会福祉法人恩賜財団済生会山形済生病院,山形県,平成18年度DPC参加病院,306.0,406.0,完全一致,1.0,社会福祉法人恩賜財団済生会 山形済生病院,,
米沢市立病院,山形県,平成21年度DPC参加病院,263.0,263.0,完全一致,1.0,米沢市立病院,,
鶴岡市立荘内病院,山形県,平成20年度DPC参加病院,461.0,461.0,完全一致,1.0,鶴岡市立荘内病院,,
山形県立新庄病院,山形県,平成22年度DPC参加病院,275.0,325.0,完全一致,1.0,山形県立新庄病院,,
山形県立河北病院,山形県,平成21年度DPC参加病院,66.0,116.0,完全一致,1.0,山形県立河北病院,,
公益財団法人ときわ会常磐病院,福島県,令和4年度DPC参加病院,180.0,240.0,完全一致,1.0,公益財団法人ときわ会常磐病院,,
医療法人徳洲会　庄内余目病院,山形県,平成22年度DPC参加病院,160.0,282.0,完全一致,1.0,医療法人徳洲会 庄内余目病院,,
社会医療法人福島厚生会福島第一病院,福島県,令和6年度DPC参加病院,85.0,130.0,サフィックス一致,0.9,福島第一病院,,
あづま脳神経外科病院,福島県,平成20年度DPC参加病院,40.0,168.0,完全一致,1.0,あづま脳神経外科病院,,
一般財団法人　脳神経疾患研究所　附属　南東北福島病院,福島県,平成21年度DPC参加病院,114.0,205.0,完全一致,1.0,一般財団法人脳神経疾患研究所附属南東北福島病院,,
済生会福島総合病院,福島県,平成21年度DPC参加病院,160.0,216.0,完全一致,1.0,済生会福島総合病院,,
一般財団法人大原記念財団　大原綜合病院,福島県,平成21年度DPC参加病院,344.0,344.0,完全一致,1.0,一般財団法人大原記念財団 大原綜合病院,,
福島赤十字病院,福島県,平成21年度DPC参加病院,286.0,286.0,完全一致,1.0,福島赤十字病院,,
水戸赤十字病院,茨城県,平成20年度DPC参加病院,259.0,325.0,完全一致,1.0,水戸赤十字病院,,
会津中央病院,福島県,平成22年度DPC参加病院,572.0,678.0,完全一致,1.0,会津中央病院,,
公立大学法人福島県立医科大学会津医療センター附属病院,福島県,平成21年度DPC参加病院,183.0,215.0,完全一致,1.0,公立大学法人福島県立医科大学会津医療センター附属病院,,
一般財団法人太田綜合病院附属太田西ノ内病院,福島県,平成20年度DPC参加病院,641.0,641.0,完全一致,1.0,一般財団法人太田綜合病院附属太田西ノ内病院,,
公益財団法人　湯浅報恩会寿泉堂綜合病院,福島県,平成20年度DPC参加病院,265.0,265.0,完全一致,1.0,公益財団法人湯浅報恩会寿泉堂綜合病院,,
公益財団法人星総合病院,福島県,平成21年度DPC参加病院,336.0,427.0,完全一致,1.0,公益財団法人星総合病院,,
松村総合病院,福島県,平成26年度DPC参加病院,41.0,199.0,完全一致,1.0,松村総合病院,,
独立行政法人労働者健康安全機構　福島労災病院,福島県,平成21年度DPC参加病院,266.0,336.0,完全一致,1.0,独立行政法人労働者健康安全機構福島労災病院,,
独立行政法人地域医療機能推進機構　仙台南病院,宮城県,平成16年度DPC参加病院,140.0,190.0,完全一致,1.0,独立行政法人地域医療機能推進機構 仙台南病院,,
福島県厚生農業協同組合連合会白河厚生総合病院,福島県,平成21年度DPC参加病院,342.0,342.0,完全一致,1.0,福島県厚生農業協同組合連合会 白河厚生総合病院,,
公立岩瀬病院,福島県,平成21年度DPC参加病院,231.0,279.0,完全一致,1.0,公立岩瀬病院,,
独立行政法人地域医療機能推進機構　二本松病院,福島県,平成16年度DPC参加病院,104.0,160.0,完全一致,1.0,独立行政法人地域医療機能推進機構 二本松病院,,
北福島医療センター,福島県,平成21年度DPC参加病院,120.0,225.0,完全一致,1.0,北福島医療センター,,
公立藤田総合病院,福島県,平成18年度DPC参加病院,247.0,311.0,完全一致,1.0,公立藤田総合病院,,
福島県厚生農業協同組合連合会　坂下厚生総合病院,福島県,令和6年度DPC参加病院,138.0,159.0,完全一致,1.0,福島県厚生農業協同組合連合会坂下厚生総合病院,,
福島県厚生農業協同組合連合会　塙厚生病院,福島県,平成28年度DPC参加病院,105.0,181.0,完全一致,1.0,福島県厚生農業協同組合連合会塙厚生病院,,
独立行政法人国立病院機構沼田病院,群馬県,令和6年度出来高算定病院,55.0,110.0,完全一致,1.0,独立行政法人国立病院機構沼田病院,,
医療法人社団東京せいわ会　おくさわ脳卒中リハビリテーション病院,東京都,令和6年度出来高算定病院,0.0,82.0,完全一致,1.0,医療法人社団東京せいわ会 おくさわ脳卒中リハビリテーション病院,,
よしか病院,島根県,令和6年度出来高算定病院,15.0,50.0,完全一致,1.0,よしか病院,,
医療法人社団鶴友会鶴田病院,熊本県,令和6年度出来高算定病院,10.0,105.0,サフィックス一致,0.9,鶴田病院,,
医療法人社団亮仁会那須中央病院,栃木県,令和6年度出来高算定病院,40.0,169.0,サフィックス一致,0.9,那須中央病院,,
社会福祉法人聖テレジア会総合病院聖ヨゼフ病院,神奈川県,令和6年度出来高算定病院,70.0,182.0,サフィックス一致,0.9,聖ヨゼフ病院,,
社会医療法人垣谷会　明治橋病院,大阪府,令和6年度出来高算定病院,0.0,120.0,完全一致,1.0,社会医療法人垣谷会明治橋病院,,
社会医療法人創和会　重井医学研究所附属病院,岡山県,令和6年度出来高算定病院,0.0,198.0,サフィックス一致,0.9,重井医学研究所附属病院,,
医療法人社団青泉会下北沢病院,東京都,令和6年度出来高算定病院,43.0,53.0,完全一致,1.0,医療法人社団青泉会 下北沢病院,,
医療法人社団五稜会病院,北海道,令和6年度出来高算定病院,0.0,193.0,未結合,,,,
医療法人社団履信会りしん会整形外科病院,北海道,令和6年度出来高算定病院,51.0,51.0,完全一致,1.0,医療法人社団　履信会　りしん会整形外科病院,,
社団医療法人至誠会こうじま慈愛病院,福島県,令和6年度出来高算定病院,30.0,120.0,完全一致,1.0,社団医療法人至誠会こうじま慈愛病院,,
永井ひたちの森病院,茨城県,令和6年度出来高算定病院,0.0,228.0,完全一致,1.0,永井ひたちの森病院,,
みどり病院,群馬県,令和6年度出来高算定病院,0.0,50.0,完全一致,1.0,みどり病院,,
社会福祉法人　恩賜財団　島根県済生会江津総合病院,島根県,令和6年度出来高算定病院,37.0,137.0,サフィックス一致,0.9,島根県済生会江津総合病院,,
帰巖会みえ病院,大分県,令和6年度出来高算定病院,0.0,110.0,完全一致,1.0,帰巖会 みえ病院,,
十慈堂病院,神奈川県,令和6年度出来高算定病院,0.0,29.0,完全一致,1.0,十慈堂病院,,
医療法人産育会堀病院,神奈川県,令和6年度出来高算定病院,68.0,68.0,完全一致,1.0,医療法人産育会 堀病院,,
医療法人社団澄鈴会粟津神経サナトリウム,石川県,令和6年度出来高算定病院,0.0,263.0,未結合,,,,
医療法人社団宗仁会筑後吉井こころホスピタル,福岡県,令和6年度出来高算定病院,0.0,180.0,未結合,,,,
医療法人トウスイ会稲津内科病院,鹿児島県,令和6年度出来高算定病院,0.0,41.0,サフィックス一致,0.9,稲津内科病院,,
社会医療法人中央会尼崎中央リハビリテーション病院,兵庫県,令和6年度出来高算定病院,0.0,93.0,完全一致,1.0,社会医療法人中央会 尼崎中央リハビリテーション病院,,
串間市民病院,宮崎県,令和6年度出来高算定病院,32.0,90.0,完全一致,1.0,串間市民病院,,
独立行政法人国立病院機構長良医療センター,岐阜県,令和6年度出来高算定病院,111.0,327.0,完全一致,1.0,独立行政法人国立病院機構長良医療センター,,
医療法人研成会札幌鈴木病院,北海道,令和6年度出来高算定病院,0.0,163.0,未結合,,,,
医療法人社団図南会あしりべつ病院,北海道,令和6年度出来高算定病院,0.0,316.0,未結合,,,,
北上駅前病院,岩手県,令和6年度出来高算定病院,50.0,80.0,完全一致,1.0,北上駅前病院,,
医療法人菅野愛生会緑ケ丘病院,宮城県,令和6年度出来高算定病院,0.0,291.0,未結合,,,,
医療法人香風会岩上記念病院,茨城県,令和6年度出来高算定病院,0.0,24.0,未結合,,,,
大平下病院,栃木県,令和6年度出来高算定病院,0.0,94.0,未結合,,,,
医療法人白百合会市原鶴岡病院,千葉県,令和6年度出来高算定病院,0.0,205.0,未結合,,,,
鋸南町国民健康保険鋸南病院,千葉県,令和6年度出来高算定病院,0.0,66.0,完全一致,1.0,鋸南町国民健康保険鋸南病院,,
バルツァ・ゴーデル,奈良県,令和5年度出来高算定病院,0.0,70.0,未結合,,,,
社会福祉法人和歌山つくし会つくし医療・福祉センター,和歌山県,令和5年度出来高算定病院,0.0,136.0,サフィックス一致,0.9,つくし医療・福祉センター,,
一般財団法人志清会岡山紀念病院,岡山県,令和5年度出来高算定病院,40.0,40.0,サフィックス一致,0.9,岡山紀念病院,,
マオカ病院,香川県,令和5年度出来高算定病院,29.0,58.0,サフィックス一致,0.9,医療法人社団弘徳会マオカ病院,,
きら病院,愛媛県,令和5年度出来高算定病院,30.0,30.0,完全一致,1.0,きら病院,,
栗整形外科病院,愛媛県,令和5年度出来高算定病院,40.0,40.0,完全一致,1.0,栗整形外科病院,,
東京Ｄタワーホスピタル,東京都,令和5年度出来高算定病院,32.0,32.0,完全一致,1.0,東京Dタワーホスピタル,,
医療法人社団敬悠会副都心病院,東京都,令和5年度出来高算定病院,0.0,50.0,完全一致,1.0,医療法人社団敬悠会 副都心病院,,
小富士病院,福岡県,令和5年度出来高算定病院,0.0,39.0,完全一致,1.0,小富士病院,,
医療法人誠晴會ふきあげ納富病院,佐賀県,令和5年度出来高算定病院,30.0,30.0,完全一致,1.0,医療法人誠晴會ふきあげ納富病院,,
おおいた県南ホスピタル,大分県,令和5年度出来高算定病院,0.0,180.0,未結合,,,,
医療法人建悠会吉田病院,宮崎県,令和5年度出来高算定病院,0.0,307.0,未結合,,,,
なかがみ西病院,沖縄県,令和5年度出来高算定病院,0.0,94.0,完全一致,1.0,なかがみ西病院,,
社会福祉法人慈恵療育会相模原療育園,神奈川県,令和5年度出来高算定病院,0.0,60.0,サフィックス一致,0.9,相模原療育園,,
医療法人社団医聖会京都八幡病院,京都府,令和5年度出来高算定病院,0.0,60.0,完全一致,1.0,医療法人社団医聖会京都八幡病院,,
医療法人恒尚会兵田病院,大阪府,令和5年度出来高算定病院,0.0,81.0,完全一致,1.0,医療法人恒尚会兵田病院,,
社会医療法人財団天心堂へつぎ病院,大分県,令和6年度出来高算定病院,0.0,188.0,完全一致,1.0,社会医療法人財団天心堂へつぎ病院,,
医療法人昨雲会　飯塚病院附属有隣病院,福島県,令和6年度出来高算定病院,39.0,60.0,完全一致,1.0,医療法人昨雲会 飯塚病院附属有隣病院,,
医療法人　博仁会　志村大宮病院,茨城県,令和6年度出来高算定病院,0.0,178.0,サフィックス一致,0.9,志村大宮病院,,
公立つるぎ病院,石川県,令和6年度出来高算定病院,0.0,152.0,完全一致,1.0,公立つるぎ病院,,
医療法人マックシール巽病院,大阪府,令和6年度出来高算定病院,0.0,75.0,完全一致,1.0,医療法人マックシール巽病院,,
社会医療法人　ONE　FLAG　牧病院,大阪府,令和6年度出来高算定病院,0.0,75.0,完全一致,1.0,社会医療法人ONE FLAG牧病院,,
福岡県こども療育センター新光園,福岡県,令和5年度出来高算定病院,0.0,30.0,完全一致,1.0,福岡県こども療育センター新光園,,
医療法人社団　益豊会　今宿病院,福岡県,令和5年度出来高算定病院,0.0,140.0,未結合,,,,
医療法人聖真会　渭南病院,高知県,令和6年度出来高算定病院,0.0,105.0,サフィックス一致,0.9,渭南病院,,
うえの病院,福岡県,令和6年度出来高算定病院,0.0,36.0,完全一致,1.0,うえの病院,,
佐藤第一病院,大分県,令和6年度出来高算定病院,0.0,180.0,サフィックス一致,0.9,医療法人明徳会佐藤第一病院,,
肝属郡医師会立病院,鹿児島県,令和6年度出来高算定病院,0.0,150.0,完全一致,1.0,肝属郡医師会立病院,,
天草第一病院,熊本県,令和6年度出来高算定病院,0.0,110.0,完全一致,1.0,天草第一病院,,
いちき串木野市医師会立　脳神経外科センター,鹿児島県,令和6年度出来高算定病院,0.0,64.0,完全一致,1.0,いちき串木野市医師会立脳神経外科センター,,
社会医療法人聖医会サザン・リージョン病院,鹿児島県,令和6年度出来高算定病院,0.0,131.0,サフィックス一致,0.9,サザン・リージョン病院,,
長野県厚生農業協同組合連合会　下伊那厚生病院,長野県,令和6年度出来高算定病院,0.0,73.0,完全一致,1.0,長野県厚生農業協同組合連合会下伊那厚生病院,,
長崎県病院企業団長崎県精神医療センター,長崎県,令和5年度出来高算定病院,0.0,122.0,未結合,,,,
社会医療法人佐藤会弓削病院,熊本県,令和5年度出来高算定病院,0.0,160.0,未結合,,,,
阿梨花病院大津,熊本県,令和5年度出来高算定病院,20.0,60.0,完全一致,1.0,阿梨花病院大津,,
社会医療法人ましき会益城病院,熊本県,令和5年度出来高算定病院,0.0,198.0,未結合,,,,
天草市立栖本病院,熊本県,令和5年度出来高算定病院,24.0,44.0,完全一致,1.0,天草市立 栖本病院,,
国民健康保険天草市立新和病院,熊本県,令和5年度出来高算定病院,30.0,30.0,完全一致,1.0,国民健康保険 天草市立 新和病院,,
医療法人社団健仁会岩本病院,香川県,令和5年度出来高算定病院,0.0,73.0,完全一致,1.0,医療法人社団健仁会岩本病院,,
医療法人圭良会永生病院,香川県,令和5年度出来高算定病院,40.0,40.0,完全一致,1.0,医療法人圭良会永生病院,,
医療法人弘征会西浦病院,宮崎県,令和5年度出来高算定病院,43.0,43.0,サフィックス一致,0.9,西浦病院,,
医療法人仁愛会横山病院,宮崎県,令和5年度出来高算定病院,40.0,40.0,完全一致,1.0,医療法人仁愛会 横山病院,,
宮崎県立こども療育センター,宮崎県,令和5年度出来高算定病院,0.0,50.0,完全一致,1.0,宮崎県立こども療育センター,,
医療法人尚愛会西田橋小田原病院,鹿児島県,令和5年度出来高算定病院,0.0,51.0,未結合,,,,
やまびこ医療福祉センター,鹿児島県,令和5年度出来高算定病院,0.0,199.0,完全一致,1.0,やまびこ医療福祉センター,,
医療法人健生会あんびる病院,鹿児島県,令和5年度出来高算定病院,0.0,54.0,サフィックス一致,0.9,あんびる病院,,
北九州市立総合療育センター,福岡県,令和5年度出来高算定病院,0.0,125.0,完全一致,1.0,北九州市立総合療育センター,,
医療法人光佑会北川病院,長崎県,令和5年度出来高算定病院,48.0,48.0,完全一致,1.0,医療法人光佑会　北川病院,,
八戸城北病院,青森県,令和5年度出来高算定病院,60.0,100.0,完全一致,1.0,八戸城北病院,,
川口きゅうぽらリハビリテーション病院,埼玉県,令和5年度出来高算定病院,0.0,172.0,完全一致,1.0,川口きゅうぽらリハビリテーション病院,,
社会福祉法人恩賜財団済生会支部埼玉県済生会鴻巣病院,埼玉県,令和5年度出来高算定病院,0.0,379.0,未結合,,,,
医療法人社団忠尽会所沢肛門病院,埼玉県,令和5年度出来高算定病院,44.0,44.0,サフィックス一致,0.9,所沢肛門病院,,
医療法人金子病院,埼玉県,令和5年度出来高算定病院,40.0,40.0,完全一致,1.0,医療法人金子病院,,
医療法人社団明生会三橋明生病院,千葉県,令和5年度出来高算定病院,40.0,90.0,完全一致,1.0,医療法人社団明生会 三橋明生病院,,
医療法人清栄会清瀬病院,大分県,令和5年度出来高算定病院,40.0,40.0,サフィックス一致,0.9,清瀬病院,,
医療法人幸秀会大江整形外科病院,宮崎県,令和5年度出来高算定病院,60.0,60.0,サフィックス一致,0.9,大江整形外科病院,,
医療法人志匠会練馬志匠会病院,東京都,令和5年度出来高算定病院,60.0,60.0,完全一致,1.0,医療法人志匠会　練馬志匠会病院,,
医療法人社団哲仁会井口病院,東京都,令和5年度出来高算定病院,53.0,53.0,完全一致,1.0,医療法人社団哲仁会 井口病院,,
医療法人社団博豊会博豊会東京脊椎病院,東京都,令和5年度出来高算定病院,55.0,78.0,サフィックス一致,0.9,博豊会　東京脊椎病院,,
むさしの救急病院,東京都,令和5年度出来高算定病院,132.0,132.0,完全一致,1.0,むさしの救急病院,,
鶴見大学歯学部附属病院,神奈川県,令和5年度出来高算定病院,32.0,32.0,完全一致,1.0,鶴見大学歯学部附属病院,,
医療法人徳洲会横浜日野病院,神奈川県,令和5年度出来高算定病院,0.0,257.0,未結合,,,,
公立種子島病院,鹿児島県,令和5年度出来高算定病院,62.0,62.0,完全一致,1.0,公立種子島病院,,
岩見沢市立栗沢病院,北海道,令和5年度出来高算定病院,0.0,85.0,完全一致,1.0,岩見沢市立栗沢病院,,
医療法人社団美松会生田病院,滋賀県,令和5年度出来高算定病院,99.0,149.0,完全一致,1.0,医療法人社団美松会生田病院,,
医療法人明生会賀茂病院,京都府,令和5年度出来高算定病院,0.0,59.0,完全一致,1.0,医療法人明生会賀茂病院,,
医療法人威徳壬生大路病院,京都府,令和5年度出来高算定病院,0.0,55.0,完全一致,1.0,医療法人威徳壬生大路病院,,
医療法人社団洛和会洛和会東寺南病院,京都府,令和5年度出来高算定病院,0.0,46.0,完全一致,1.0,医療法人社団洛和会洛和会東寺南病院,,
医療法人社団松仁会内田病院,京都府,令和5年度出来高算定病院,63.0,63.0,完全一致,1.0,医療法人社団松仁会内田病院,,
一般財団法人高雄病院,京都府,令和5年度出来高算定病院,0.0,60.0,完全一致,1.0,一般財団法人高雄病院,,
医療法人公仁会轟病院,長野県,令和5年度出来高算定病院,0.0,99.0,完全一致,1.0,医療法人公仁会轟病院,,
伊豆医療福祉センター,静岡県,令和5年度出来高算定病院,0.0,43.0,完全一致,1.0,伊豆医療福祉センター,,
医療法人長尾会ねや川サナトリウム,大阪府,令和5年度出来高算定病院,0.0,253.0,未結合,,,,
医療法人孝仁会澤田病院,大阪府,令和5年度出来高算定病院,0.0,60.0,完全一致,1.0,医療法人孝仁会澤田病院,,
医療法人仁志会西眼科病院,大阪府,令和5年度出来高算定病院,28.0,28.0,完全一致,1.0,医療法人仁志会西眼科病院,,
医療法人正幸会正幸会病院,大阪府,令和5年度出来高算定病院,56.0,56.0,完全一致,1.0,医療法人正幸会正幸会病院,,
寺下病院,大阪府,令和5年度出来高算定病院,29.0,72.0,サフィックス一致,0.9,医療法人邦英会寺下病院,,
医療法人社団五仁会住吉川病院,兵庫県,令和5年度出来高算定病院,45.0,45.0,完全一致,1.0,医療法人社団五仁会 住吉川病院,,
医療法人社団瀬田川病院,滋賀県,令和5年度出来高算定病院,0.0,282.0,完全一致,1.0,医療法人社団 瀬田川病院,,
南草津野村病院,滋賀県,令和5年度出来高算定病院,25.0,25.0,完全一致,1.0,南草津野村病院,,
和歌山県立こころの医療センター,和歌山県,令和5年度出来高算定病院,0.0,248.0,未結合,,,,
医療法人専仁会信生病院,鳥取県,令和5年度出来高算定病院,0.0,92.0,完全一致,1.0,医療法人専仁会信生病院,,
川崎医科大学高齢者医療センター,岡山県,令和5年度出来高算定病院,51.0,102.0,完全一致,1.0,川崎医科大学高齢者医療センター,,
医療法人社団楓会林病院,広島県,令和5年度出来高算定病院,51.0,51.0,完全一致,1.0,医療法人社団楓会 林病院,,
妹尾病院,広島県,令和5年度出来高算定病院,48.0,48.0,完全一致,1.0,妹尾病院,,
岩国市立美和病院,山口県,令和5年度出来高算定病院,52.0,52.0,完全一致,1.0,岩国市立美和病院,,
京都府立心身障害者福祉センター附属リハビリテーション病院,京都府,令和5年度出来高算定病院,25.0,25.0,完全一致,1.0,京都府立心身障害者福祉センター附属リハビリテーション病院,,
医療法人紀陽会田仲北野田病院,大阪府,令和5年度出来高算定病院,53.0,100.0,完全一致,1.0,医療法人紀陽会田仲北野田病院,,
医療法人社団みのり会三瓶病院,愛媛県,令和5年度出来高算定病院,0.0,47.0,サフィックス一致,0.9,三瓶病院,,
梼原町立国民健康保険梼原病院,高知県,令和5年度出来高算定病院,30.0,30.0,未結合,,,,
医療法人博腎会博腎会病院,福岡県,令和5年度出来高算定病院,35.0,35.0,完全一致,1.0,医療法人博腎会 博腎会病院,,
医療法人楽天堂廣橋病院,福岡県,令和5年度出来高算定病院,0.0,120.0,未結合,,,,
みどりの杜病院,福岡県,令和5年度出来高算定病院,0.0,30.0,完全一致,1.0,みどりの杜病院,,
療養介護事業所ひなた家,福岡県,令和5年度出来高算定病院,0.0,46.0,完全一致,1.0,療養介護事業所 ひなた家,,
医療法人社団五誓会あさひ病院,兵庫県,令和5年度出来高算定病院,100.0,100.0,サフィックス一致,0.9,あさひ病院,,
医療法人三宅会太子病院,兵庫県,令和5年度出来高算定病院,41.0,132.0,完全一致,1.0,医療法人三宅会太子病院,,
社会福祉法人新栄会滝野川病院,東京都,令和5年度出来高算定病院,0.0,59.0,完全一致,1.0,社会福祉法人新栄会滝野川病院,,
医療法人社団中央白報会白報会王子病院,東京都,令和5年度出来高算定病院,112.0,112.0,完全一致,1.0,医療法人社団中央白報会 白報会王子病院,,
医療法人財団厚生協会東京足立病院,東京都,令和5年度出来高算定病院,0.0,315.0,未結合,,,,
医療法人社団大和会大内病院,東京都,令和5年度出来高算定病院,0.0,228.0,未結合,,,,
医療法人社団成仁病院,東京都,令和5年度出来高算定病院,0.0,114.0,未結合,,,,
等潤メディカルプラザ病院,東京都,令和5年度出来高算定病院,0.0,20.0,サフィックス一致,0.9,社会医療法人社団慈生会　等潤メディカルプラザ病院,,
医療法人社団厚生会埼玉厚生病院,埼玉県,令和5年度出来高算定病院,55.0,108.0,完全一致,1.0,医療法人社団厚生会埼玉厚生病院,,
医療法人泰一会飯能整形外科病院,埼玉県,令和5年度出来高算定病院,57.0,57.0,完全一致,1.0,医療法人泰一会飯能整形外科病院,,
一般財団ライフ・プランニング・センター日野原記念ピースハウス病院,神奈川県,令和5年度出来高算定病院,0.0,22.0,サフィックス一致,0.9,日野原記念ピースハウス病院,,
社会福祉法人聖テレジア会鎌倉療育医療センター小さき花の園,神奈川県,令和5年度出来高算定病院,0.0,72.0,完全一致,1.0,社会福祉法人聖テレジア会鎌倉療育医療センター小さき花の園,,
公益財団法人積善会曽我病院,神奈川県,令和5年度出来高算定病院,0.0,285.0,未結合,,,,
医療法人仁愛会近藤病院,神奈川県,令和5年度出来高算定病院,0.0,111.0,完全一致,1.0,医療法人仁愛会近藤病院,,
医療法人裕徳会港南台病院,神奈川県,令和5年度出来高算定病院,77.0,77.0,完全一致,1.0,医療法人裕徳会 港南台病院,,
黒埼病院,新潟県,令和5年度出来高算定病院,0.0,60.0,完全一致,1.0,黒埼病院,,
学校法人昭和医科大学烏山病院,東京都,令和5年度出来高算定病院,0.0,296.0,完全一致,1.0,昭和医科大学烏山病院,,
医療法人社団親和会杉並病院,東京都,令和5年度出来高算定病院,0.0,97.0,完全一致,1.0,医療法人社団親和会杉並病院,,
木村病院,福井県,令和5年度出来高算定病院,50.0,133.0,完全一致,1.0,木村病院,,
峡南医療センター企業団市川三郷病院,山梨県,令和5年度出来高算定病院,50.0,50.0,完全一致,1.0,峡南医療センター企業団 市川三郷病院,,
医療法人社団慈成会三枝病院,山梨県,令和5年度出来高算定病院,96.0,96.0,サフィックス一致,0.9,三枝病院,,
甲州市立勝沼病院,山梨県,令和5年度出来高算定病院,0.0,39.0,サフィックス一致,0.9,勝沼病院,,
長野県立総合リハビリテーションセンター,長野県,令和5年度出来高算定病院,80.0,80.0,完全一致,1.0,長野県立総合リハビリテーションセンター,,
医療法人愛和会愛和病院,長野県,令和5年度出来高算定病院,0.0,48.0,完全一致,1.0,医療法人愛和会 愛和病院,,
秋津療育園,東京都,令和5年度出来高算定病院,0.0,178.0,完全一致,1.0,秋津療育園,,
医療法人泰一会多摩北整形外科病院,東京都,令和5年度出来高算定病院,36.0,36.0,完全一致,1.0,医療法人泰一会　多摩北整形外科病院,,
重症心身障害児施設つばさ静岡,静岡県,令和5年度出来高算定病院,0.0,73.0,完全一致,1.0,重症心身障害児施設 つばさ静岡,,
静岡県立こころの医療センター,静岡県,令和5年度出来高算定病院,0.0,172.0,未結合,,,,
医療法人聖真会横山記念病院,愛知県,令和5年度出来高算定病院,56.0,56.0,完全一致,1.0,医療法人聖真会 横山記念病院,,
医療法人開生会かいせい病院,愛知県,令和5年度出来高算定病院,41.0,41.0,完全一致,1.0,医療法人開生会 かいせい病院,,
三重県立子ども心身発達医療センター,三重県,令和5年度出来高算定病院,0.0,110.0,完全一致,1.0,三重県立子ども心身発達医療センター,,
医療法人久居病院,三重県,令和5年度出来高算定病院,0.0,215.0,未結合,,,,
医療法人社団重仁会佐々木病院,富山県,令和5年度出来高算定病院,0.0,139.0,未結合,,,,
医療法人社団博仁会小池病院,石川県,令和5年度出来高算定病院,0.0,60.0,サフィックス一致,0.9,小池病院,,
宮城中央病院,宮城県,令和5年度出来高算定病院,58.0,58.0,完全一致,1.0,宮城中央病院,,
秋田県立医療療育センター,秋田県,令和5年度出来高算定病院,0.0,100.0,完全一致,1.0,秋田県立医療療育センター,,
医療法人五光会福島寿光会病院,福島県,令和5年度出来高算定病院,0.0,60.0,サフィックス一致,0.9,福島寿光会病院,,
猪苗代町立猪苗代病院,福島県,令和5年度出来高算定病院,65.0,65.0,完全一致,1.0,猪苗代町立猪苗代病院,,
社会福祉法人愛正会記念茨城福祉医療センター,茨城県,令和5年度出来高算定病院,0.0,129.0,完全一致,1.0,愛正会記念 茨城福祉医療センター,,
医療法人社団日鉱記念病院,茨城県,令和5年度出来高算定病院,51.0,51.0,完全一致,1.0,医療法人社団日鉱記念病院,,
医療法人社団養生館青葉病院,北海道,令和5年度出来高算定病院,0.0,52.0,完全一致,1.0,医療法人社団養生館青葉病院,,
豊浦町国民健康保険病院,北海道,令和5年度出来高算定病院,0.0,60.0,完全一致,1.0,豊浦町国民健康保険病院,,
社会医療法人恒貴会協和南病院,茨城県,令和5年度出来高算定病院,0.0,109.0,完全一致,1.0,社会医療法人恒貴会 協和南病院,,
医療法人鳳香会石本病院,茨城県,令和5年度出来高算定病院,45.0,45.0,完全一致,1.0,医療法人鳳香会石本病院,,
医療法人社団恵仁会筑波中央病院,茨城県,令和5年度出来高算定病院,0.0,96.0,完全一致,1.0,医療法人社団恵仁会 筑波中央病院,,
医療法人社団健正会茎崎アオイ病院,茨城県,令和5年度出来高算定病院,0.0,180.0,サフィックス一致,0.9,茎崎アオイ病院,,
医療法人社団愛和会前田病院,茨城県,令和5年度出来高算定病院,0.0,36.0,サフィックス一致,0.9,前田病院,,
医療法人圭明会原眼科病院,栃木県,令和5年度出来高算定病院,30.0,30.0,サフィックス一致,0.9,原眼科病院,,
社会福祉法人新生会みちのく療育園メディカルセンター,岩手県,令和5年度出来高算定病院,0.0,60.0,サフィックス一致,0.9,みちのく療育園メディカルセンター,,
岩手県立療育センター,岩手県,令和5年度出来高算定病院,0.0,60.0,完全一致,1.0,岩手県立療育センター,,
医療法人社団寿山会田島病院,群馬県,令和5年度出来高算定病院,24.0,70.0,完全一致,1.0,医療法人社団 寿山会田島病院,,
医療法人社団明石会桐生整形外科病院,群馬県,令和5年度出来高算定病院,38.0,38.0,サフィックス一致,0.9,桐生整形外科病院,,
医療法人社団望星会望星病院,埼玉県,令和5年度出来高算定病院,0.0,58.0,完全一致,1.0,医療法人社団望星会望星病院,,
医療法人賢仁会産婦人科菅原病院,埼玉県,令和5年度出来高算定病院,50.0,50.0,サフィックス一致,0.9,産婦人科菅原病院,,
医療法人秀峰会北辰病院,埼玉県,令和5年度出来高算定病院,0.0,238.0,未結合,,,,
医療法人移山会二宮病院,埼玉県,令和5年度出来高算定病院,60.0,60.0,完全一致,1.0,医療法人移山会二宮病院,,
芳香会病院青嵐荘療育園,茨城県,令和5年度出来高算定病院,0.0,56.0,完全一致,1.0,芳香会病院青嵐荘療育園,,
医療法人杏仁会大圃病院,茨城県,令和5年度出来高算定病院,51.0,159.0,サフィックス一致,0.9,大圃病院,,
医療法人社団武蔵野会狭山神経内科病院,埼玉県,令和5年度出来高算定病院,0.0,147.0,完全一致,1.0,医療法人社団武蔵野会狭山神経内科病院,,
医療法人十善病院,埼玉県,令和5年度出来高算定病院,36.0,36.0,完全一致,1.0,医療法人十善病院,,
国立障害者リハビリテーションセンター病院,埼玉県,令和5年度出来高算定病院,80.0,160.0,完全一致,1.0,国立障害者リハビリテーションセンター病院,,
医療法人社団清志会山本病院,千葉県,令和5年度出来高算定病院,60.0,60.0,完全一致,1.0,医療法人社団清志会山本病院,,
湘南メディカル記念病院,東京都,令和5年度出来高算定病院,0.0,89.0,完全一致,1.0,湘南メディカル記念病院,,
社会福祉法人児玉新生会児玉経堂病院,東京都,令和5年度出来高算定病院,0.0,120.0,完全一致,1.0,社会福祉法人児玉新生会児玉経堂病院,,
社会福祉法人邦友会なす療育園,栃木県,令和5年度出来高算定病院,0.0,55.0,サフィックス一致,0.9,なす療育園,,
医療法人社団あかね会矢板南病院,栃木県,令和5年度出来高算定病院,0.0,128.0,サフィックス一致,0.9,矢板南病院,,
医療法人錦会小倉中井病院,福岡県,令和5年度出来高算定病院,0.0,140.0,サフィックス一致,0.9,小倉中井病院,,
社会福祉法人聖家族会みさかえの園あゆみの家,長崎県,令和5年度出来高算定病院,0.0,110.0,サフィックス一致,0.9,みさかえの園あゆみの家,,
医療法人保田窪会保田窪整形外科病院,熊本県,令和5年度出来高算定病院,39.0,39.0,完全一致,1.0,医療法人保田窪会 保田窪整形外科病院,,
八代市医師会立病院,熊本県,令和5年度出来高算定病院,0.0,100.0,サフィックス一致,0.9,一般社団法人八代市医師会 八代市医師会立病院,,
間部病院,熊本県,令和5年度出来高算定病院,0.0,35.0,完全一致,1.0,間部病院,,
別府発達医療センター,大分県,令和5年度出来高算定病院,0.0,120.0,完全一致,1.0,社会福祉法人別府発達医療センター,,
大月町国民健康保険大月病院,高知県,令和5年度出来高算定病院,25.0,25.0,完全一致,1.0,大月町国民健康保険大月病院,,
社会福祉法人あきの会障がい児者医療生活支援ホーム虹の家,福岡県,令和5年度出来高算定病院,0.0,68.0,サフィックス一致,0.9,障がい児者医療生活支援ホーム虹の家,,
﨑元病院,鹿児島県,令和5年度出来高算定病院,0.0,40.0,完全一致,1.0,﨑元病院,,
南さつま市立坊津病院,鹿児島県,令和5年度出来高算定病院,26.0,26.0,完全一致,1.0,南さつま市立坊津病院,,
医療法人天仁会天久台病院,沖縄県,令和5年度出来高算定病院,0.0,333.0,未結合,,,,
沖縄南部療育医療センター,沖縄県,令和5年度出来高算定病院,0.0,140.0,完全一致,1.0,沖縄南部療育医療センター,,
医療法人社団志誠会平和病院,沖縄県,令和5年度出来高算定病院,0.0,212.0,未結合,,,,
沖縄中部療育医療センター,沖縄県,令和5年度出来高算定病院,0.0,80.0,完全一致,1.0,沖縄中部療育医療センター,,
医療法人社団翠会八幡厚生病院,福岡県,令和5年度出来高算定病院,0.0,315.0,未結合,,,,
青山リハビリテーション病院,福岡県,令和5年度出来高算定病院,0.0,50.0,完全一致,1.0,青山リハビリテーション病院,,
社会医療法人憲仁会牧田病院,北海道,令和5年度出来高算定病院,0.0,57.0,完全一致,1.0,医療法人社団憲仁会 牧田病院,,
医療法人社団北札幌病院,北海道,令和5年度出来高算定病院,35.0,95.0,完全一致,1.0,医療法人社団 北札幌病院,,
医療法人同仁会　札幌ススキノ病院,北海道,令和5年度出来高算定病院,0.0,50.0,完全一致,1.0,医療法人同仁会 札幌ススキノ病院,,
八雲町熊石国民健康保険病院,北海道,令和5年度出来高算定病院,60.0,60.0,完全一致,1.0,八雲町熊石国民健康保険病院,,
厚沢部町国民健康保険病院,北海道,令和5年度出来高算定病院,45.0,69.0,完全一致,1.0,厚沢部町国民健康保険病院,,
町立下川病院,北海道,令和5年度出来高算定病院,41.0,41.0,完全一致,1.0,町立下川病院,,
つくし園,大分県,令和5年度出来高算定病院,0.0,40.0,完全一致,1.0,つくし園,,
社会医療法人如月会若草病院,宮崎県,令和5年度出来高算定病院,0.0,106.0,未結合,,,,
日高町立門別国民健康保険病院,北海道,令和5年度出来高算定病院,24.0,34.0,完全一致,1.0,日高町立門別国民健康保険病院,,
標津町国民健康保険標津病院,北海道,令和5年度出来高算定病院,35.0,35.0,完全一致,1.0,標津町国民健康保険標津病院,,
足寄町国民健康保険病院,北海道,令和5年度出来高算定病院,60.0,60.0,完全一致,1.0,足寄町国民健康保険病院,,
浜頓別町国民健康保険病院,北海道,令和5年度出来高算定病院,40.0,40.0,完全一致,1.0,浜頓別町国民健康保険病院,,
弘前記念病院,青森県,令和5年度出来高算定病院,160.0,160.0,完全一致,1.0,弘前記念病院,,
岩手医科大学附属内丸メディカルセンター,岩手県,令和5年度出来高算定病院,50.0,50.0,完全一致,1.0,岩手医科大学附属内丸メディカルセンター,,
医療法人卯の会新垣病院,沖縄県,令和5年度出来高算定病院,0.0,273.0,未結合,,,,
うえむら病院,沖縄県,令和5年度出来高算定病院,62.0,62.0,サフィックス一致,0.9,医療法人海秀会うえむら病院,,
医療法人行堂会長野病院,岡山県,令和5年度出来高算定病院,0.0,86.0,完全一致,1.0,医療法人行堂会長野病院,,
独立行政法人自動車事故対策機構岡山療護センター,岡山県,令和5年度出来高算定病院,0.0,50.0,完全一致,1.0,独立行政法人自動車事故対策機構岡山療護センター,,
社会福祉法人三篠会重症児・者福祉医療施設鈴が峰,広島県,令和5年度出来高算定病院,0.0,110.0,サフィックス一致,0.9,重症児・者福祉医療施設 鈴が峰,,
安佐医師会病院,広島県,令和5年度出来高算定病院,0.0,102.0,完全一致,1.0,安佐医師会病院,,
医療法人賢仁会松岡病院,広島県,令和5年度出来高算定病院,41.0,41.0,サフィックス一致,0.9,松岡病院,,
広島県立福山若草園,広島県,令和5年度出来高算定病院,0.0,60.0,完全一致,1.0,広島県立福山若草園,,
堺市立重症心身障害者（児）支援センター,大阪府,令和5年度出来高算定病院,0.0,60.0,完全一致,1.0,堺市立重症心身障害者（児）支援センター,,
医療法人尚生会湊川病院,兵庫県,令和5年度出来高算定病院,0.0,241.0,未結合,,,,
医療法人玖玉会玖珂中央病院,山口県,令和5年度出来高算定病院,0.0,148.0,サフィックス一致,0.9,玖珂中央病院,,
医療法人むつみホスピタル,徳島県,令和5年度出来高算定病院,0.0,283.0,未結合,,,,
藍里病院,徳島県,令和5年度出来高算定病院,0.0,228.0,未結合,,,,
井上病院,徳島県,令和5年度出来高算定病院,0.0,60.0,完全一致,1.0,井上病院,,
医療法人社団光風会三光病院,香川県,令和5年度出来高算定病院,0.0,320.0,未結合,,,,
医療法人社団寿愛会羽崎病院,香川県,令和5年度出来高算定病院,40.0,100.0,完全一致,1.0,医療法人社団寿愛会羽崎病院,,
一般財団法人新宮病院,和歌山県,令和5年度出来高算定病院,0.0,84.0,完全一致,1.0,一般財団法人 新宮病院,,
鳥取県立総合療育センター,鳥取県,令和5年度出来高算定病院,0.0,69.0,完全一致,1.0,鳥取県立総合療育センター,,
愛媛県立子ども療育センター,愛媛県,令和5年度出来高算定病院,0.0,110.0,完全一致,1.0,愛媛県立子ども療育センター,,
医療法人弘仁会岡林病院,高知県,令和5年度出来高算定病院,0.0,91.0,サフィックス一致,0.9,岡林病院,,
医療法人愛生会室戸中央病院,高知県,令和5年度出来高算定病院,0.0,96.0,サフィックス一致,0.9,室戸中央病院,,
土佐希望の家医療福祉センター,高知県,令和5年度出来高算定病院,0.0,142.0,完全一致,1.0,土佐希望の家 医療福祉センター,,
医療法人広正会井上病院,高知県,令和5年度出来高算定病院,0.0,50.0,サフィックス一致,0.9,井上病院,,
幡多希望の家医療福祉センター,高知県,令和5年度出来高算定病院,0.0,51.0,完全一致,1.0,幡多希望の家医療福祉センター,,
重症児・者福祉医療施設原,広島県,令和5年度出来高算定病院,0.0,60.0,完全一致,1.0,重症児・者福祉医療施設原,,
医療法人至誠会梅田病院,山口県,令和5年度出来高算定病院,34.0,34.0,完全一致,1.0,医療法人至誠会梅田病院,,
久山療育園重症児者医療療育センター,福岡県,令和5年度出来高算定病院,0.0,94.0,完全一致,1.0,久山療育園重症児者医療療育センター,,
福間病院,福岡県,令和5年度出来高算定病院,0.0,408.0,未結合,,,,
福岡県立精神医療センター太宰府病院,福岡県,令和5年度出来高算定病院,0.0,300.0,未結合,,,,
柳川療育センター,福岡県,令和5年度出来高算定病院,0.0,120.0,完全一致,1.0,柳川療育センター,,
社会保険二瀬病院,福岡県,令和5年度出来高算定病院,0.0,55.0,完全一致,1.0,社会保険二瀬病院,,
医療法人住田病院,福岡県,令和5年度出来高算定病院,0.0,209.0,未結合,,,,
今治市医師会市民病院,愛媛県,令和5年度出来高算定病院,55.0,55.0,完全一致,1.0,今治市医師会市民病院,,
医療法人天楽会三木病院,愛媛県,令和5年度出来高算定病院,30.0,30.0,サフィックス一致,0.9,三木病院,,
あいせい紀年病院,愛知県,令和5年度出来高算定病院,0.0,218.0,未結合,,,,
医療法人有仁会守山友愛病院,愛知県,令和5年度出来高算定病院,0.0,20.0,完全一致,1.0,医療法人有仁会 守山友愛病院,,
名古屋市立大学医学部附属みらい光生病院,愛知県,令和5年度出来高算定病院,104.0,140.0,完全一致,1.0,名古屋市立大学医学部附属みらい光生病院,,
医療法人善恵会長屋病院,愛知県,令和5年度出来高算定病院,0.0,84.0,完全一致,1.0,医療法人善恵会 長屋病院,,
医療法人大町会犬山駅西病院,愛知県,令和5年度出来高算定病院,0.0,107.0,完全一致,1.0,医療法人大町会犬山駅西病院,,
桶狭間病院藤田こころケアセンター,愛知県,令和5年度出来高算定病院,0.0,283.0,未結合,,,,
医療法人芳州会村井病院,長野県,令和5年度出来高算定病院,0.0,215.0,未結合,,,,
稲荷山医療福祉センター,長野県,令和5年度出来高算定病院,0.0,80.0,完全一致,1.0,稲荷山医療福祉センター,,
甲賀市立信楽中央病院,滋賀県,令和5年度出来高算定病院,19.0,40.0,完全一致,1.0,甲賀市立信楽中央病院,,
一般財団法人薬師山病院,京都府,令和5年度出来高算定病院,0.0,30.0,完全一致,1.0,一般財団法人薬師山病院,,
医療法人河端病院,京都府,令和5年度出来高算定病院,50.0,50.0,完全一致,1.0,医療法人河端病院,,
医療法人八仁会久御山南病院,京都府,令和5年度出来高算定病院,0.0,60.0,完全一致,1.0,医療法人八仁会久御山南病院,,
医療法人長安会中村病院,京都府,令和5年度出来高算定病院,0.0,103.0,完全一致,1.0,医療法人長安会中村病院,,
花ノ木医療福祉センター,京都府,令和5年度出来高算定病院,0.0,150.0,サフィックス一致,0.9,重症心身障害児施設花ノ木医療福祉センター,,
医療法人湘山会眼科三宅病院,愛知県,令和5年度出来高算定病院,48.0,48.0,完全一致,1.0,医療法人湘山会眼科三宅病院,,
名古屋市重症心身障害児者施設,愛知県,令和5年度出来高算定病院,0.0,90.0,完全一致,1.0,名古屋市重症心身障害児者施設,,
医療法人穂仁会原病院,大阪府,令和5年度出来高算定病院,0.0,94.0,完全一致,1.0,医療法人穂仁会原病院,,
医療法人誠真会関目病院,大阪府,令和5年度出来高算定病院,0.0,48.0,完全一致,1.0,医療法人誠真会関目病院,,
医療法人養心会国分病院,大阪府,令和5年度出来高算定病院,0.0,201.0,未結合,,,,
医療法人社団丸山会八戸の里病院,大阪府,令和5年度出来高算定病院,36.0,95.0,完全一致,1.0,医療法人社団丸山会八戸の里病院,,
医療法人清和会ながはら病院,大阪府,令和5年度出来高算定病院,48.0,144.0,完全一致,1.0,医療法人清和会ながはら病院,,
社会医療法人明生会明生記念病院,大阪府,令和5年度出来高算定病院,0.0,38.0,完全一致,1.0,社会医療法人明生会明生記念病院,,
伊勢田中病院,三重県,令和5年度出来高算定病院,0.0,83.0,完全一致,1.0,伊勢田中病院,,
北勢病院,三重県,令和5年度出来高算定病院,0.0,174.0,未結合,,,,
西宮すなご医療福祉センター,兵庫県,令和5年度出来高算定病院,0.0,182.0,完全一致,1.0,西宮すなご医療福祉センター,,
医療法人山西会宝塚三田病院,兵庫県,令和5年度出来高算定病院,0.0,631.0,未結合,,,,
神戸医療福祉センターにこにこハウス,兵庫県,令和5年度出来高算定病院,0.0,88.0,完全一致,1.0,神戸医療福祉センターにこにこハウス,,
神戸医療福祉センターひだまり,兵庫県,令和5年度出来高算定病院,0.0,56.0,完全一致,1.0,神戸医療福祉センターひだまり,,
社会福祉法人愛徳園愛徳医療福祉センター,和歌山県,令和5年度出来高算定病院,0.0,60.0,サフィックス一致,0.9,愛徳医療福祉センター,,
整形外科北裏病院,和歌山県,令和5年度出来高算定病院,52.0,100.0,完全一致,1.0,整形外科北裏病院,,
医療法人社団石鎚会同志社山手病院,京都府,令和5年度出来高算定病院,0.0,50.0,完全一致,1.0,医療法人社団石鎚会同志社山手病院,,
京都府立舞鶴こども療育センター,京都府,令和5年度出来高算定病院,0.0,35.0,完全一致,1.0,京都府立舞鶴こども療育センター,,
医療法人社団薫風会山田病院,東京都,令和5年度出来高算定病院,0.0,306.0,未結合,,,,
一般財団法人多摩緑成会緑成会整育園,東京都,令和5年度出来高算定病院,0.0,100.0,サフィックス一致,0.9,緑成会整育園,,
医療法人社団大聖病院,東京都,令和5年度出来高算定病院,116.0,116.0,完全一致,1.0,医療法人社団大聖病院,,
医療法人社団秀仁会櫻井病院,東京都,令和5年度出来高算定病院,0.0,60.0,完全一致,1.0,医療法人社団秀仁会 櫻井病院,,
医療法人社団武蔵野会世田谷神経内科病院,東京都,令和5年度出来高算定病院,0.0,165.0,完全一致,1.0,医療法人社団武蔵野会 世田谷神経内科病院,,
医療法人社団峰至会桜十字白金リハビリテーション病院,東京都,令和5年度出来高算定病院,0.0,60.0,サフィックス一致,0.9,桜十字白金リハビリテーション病院,,
医療法人社団嬉泉会大島記念嬉泉病院,千葉県,令和5年度出来高算定病院,35.0,35.0,完全一致,1.0,医療法人社団嬉泉会大島記念嬉泉病院,,
医療法人三省会（社団）本多病院,千葉県,令和5年度出来高算定病院,30.0,220.0,未結合,,,,
医療法人財団青山会福井記念病院,神奈川県,令和5年度出来高算定病院,0.0,357.0,未結合,,,,
医療法人誠心会あさひの丘病院,神奈川県,令和5年度出来高算定病院,0.0,240.0,未結合,,,,
医療法人社団ハートフル川崎病院,神奈川県,令和5年度出来高算定病院,0.0,320.0,未結合,,,,
重症児・者福祉医療施設ソレイユ川崎,神奈川県,令和5年度出来高算定病院,0.0,120.0,完全一致,1.0,重症児・者福祉医療施設ソレイユ川崎,,
医療法人恵生会南浜病院,新潟県,令和5年度出来高算定病院,0.0,275.0,未結合,,,,
長岡療育園,新潟県,令和5年度出来高算定病院,0.0,165.0,完全一致,1.0,長岡療育園,,
医療法人社団幸隆会多摩丘陵病院,東京都,令和5年度出来高算定病院,96.0,199.0,完全一致,1.0,医療法人社団幸隆会 多摩丘陵病院,,
医療法人社団東仁会吉祥寺あさひ病院,東京都,令和5年度出来高算定病院,46.0,46.0,完全一致,1.0,医療法人社団東仁会 吉祥寺あさひ病院,,
金沢こども医療福祉センター,石川県,令和5年度出来高算定病院,0.0,100.0,完全一致,1.0,金沢こども医療福祉センター,,
福井県こども療育センター,福井県,令和5年度出来高算定病院,0.0,50.0,完全一致,1.0,福井県こども療育センター,,
加納病院,福井県,令和5年度出来高算定病院,22.0,40.0,完全一致,1.0,加納病院,,
山梨市立牧丘病院,山梨県,令和5年度出来高算定病院,30.0,30.0,完全一致,1.0,山梨市立牧丘病院,,
山梨県立あけぼの医療福祉センター,山梨県,令和5年度出来高算定病院,0.0,98.0,サフィックス一致,0.9,あけぼの医療福祉センター,,
北野病院,長野県,令和5年度出来高算定病院,35.0,35.0,完全一致,1.0,北野病院,,
太陽の門,神奈川県,令和5年度出来高算定病院,0.0,50.0,完全一致,1.0,太陽の門,,
社会福祉法人ワゲン福祉会ワゲン療育病院長竹,神奈川県,令和5年度出来高算定病院,0.0,50.0,サフィックス一致,0.9,ワゲン療育病院長竹,,
岐阜県立希望が丘こども医療福祉センター,岐阜県,令和5年度出来高算定病院,0.0,43.0,完全一致,1.0,岐阜県立希望が丘こども医療福祉センター,,
名和病院,岐阜県,令和5年度出来高算定病院,33.0,106.0,完全一致,1.0,名和病院,,
公益財団法人復康会沼津中央病院,静岡県,令和5年度出来高算定病院,0.0,270.0,未結合,,,,
医療法人財団新六会大富士病院,静岡県,令和5年度出来高算定病院,0.0,160.0,未結合,,,,
浜松市国民健康保険佐久間病院,静岡県,令和5年度出来高算定病院,40.0,40.0,完全一致,1.0,浜松市国民健康保険 佐久間病院,,
愛知県精神医療センター,愛知県,令和5年度出来高算定病院,0.0,255.0,未結合,,,,
社会医療法人崇徳会　田宮病院,新潟県,令和5年度出来高算定病院,0.0,385.0,未結合,,,,
よしだ病院,新潟県,令和5年度出来高算定病院,60.0,60.0,完全一致,1.0,よしだ病院,,
山形県立こころの医療センター,山形県,令和5年度出来高算定病院,0.0,197.0,未結合,,,,
佐藤病院,山形県,令和5年度出来高算定病院,0.0,114.0,未結合,,,,
独立行政法人国立病院機構いわき病院,福島県,令和5年度出来高算定病院,0.0,154.0,完全一致,1.0,独立行政法人国立病院機構いわき病院,,
医療法人一誠会川﨑病院,茨城県,令和5年度出来高算定病院,45.0,45.0,完全一致,1.0,医療法人一誠会川﨑病院,,
医療法人三尚会高須病院,茨城県,令和5年度出来高算定病院,55.0,55.0,完全一致,1.0,医療法人三尚会 高須病院,,
さわらび医療福祉センター,群馬県,令和5年度出来高算定病院,0.0,105.0,完全一致,1.0,さわらび医療福祉センター,,
国民健康保険月形町立病院,北海道,令和5年度出来高算定病院,0.0,40.0,完全一致,1.0,国民健康保険月形町立病院,,
公益財団法人鷹揚郷腎研究所弘前病院,青森県,令和5年度出来高算定病院,109.0,109.0,完全一致,1.0,公益財団法人鷹揚郷腎研究所弘前病院,,
岩槻中央病院,埼玉県,令和5年度出来高算定病院,37.0,121.0,完全一致,1.0,岩槻中央病院,,
医療法人社団南越谷病院,埼玉県,令和5年度出来高算定病院,43.0,43.0,完全一致,1.0,医療法人社団南越谷病院,,
医療法人社団髙志館レイクタウン整形外科病院,埼玉県,令和5年度出来高算定病院,53.0,53.0,サフィックス一致,0.9,レイクタウン整形外科病院,,
医療法人社団州山会広瀬病院,埼玉県,令和5年度出来高算定病院,60.0,60.0,完全一致,1.0,医療法人社団州山会広瀬病院,,
一般財団法人関東厚生福祉会朝霞厚生病院,埼玉県,令和5年度出来高算定病院,39.0,85.0,サフィックス一致,0.9,朝霞厚生病院,,
西熊谷病院,埼玉県,令和5年度出来高算定病院,0.0,528.0,未結合,,,,
社会医療法人公徳会若宮病院,山形県,令和5年度出来高算定病院,0.0,113.0,未結合,,,,
社会医療法人公徳会米沢こころの病院,山形県,令和5年度出来高算定病院,0.0,114.0,未結合,,,,
医療法人向英会髙田整形外科病院,埼玉県,令和5年度出来高算定病院,40.0,40.0,完全一致,1.0,医療法人向英会髙田整形外科病院,,
医療法人学而会木村病院,千葉県,令和5年度出来高算定病院,0.0,118.0,未結合,,,,
医療法人社団誠馨会自動車事故対策機構千葉療護センター,千葉県,令和5年度出来高算定病院,0.0,80.0,完全一致,1.0,医療法人社団誠馨会自動車事故対策機構千葉療護センター,,
医療法人社団緑祐会永野病院,千葉県,令和5年度出来高算定病院,60.0,60.0,完全一致,1.0,医療法人社団緑祐会永野病院,,
医療法人社団満葉会くぼのやウィメンズホスピタル,千葉県,令和5年度出来高算定病院,40.0,40.0,サフィックス一致,0.9,くぼのやウィメンズホスピタル,,
医療法人社団成和会山口病院,千葉県,令和5年度出来高算定病院,41.0,41.0,完全一致,1.0,医療法人社団成和会山口病院,,
医療法人赤城会三枚橋病院,群馬県,令和5年度出来高算定病院,0.0,233.0,未結合,,,,
ふれあい生協病院,埼玉県,令和5年度出来高算定病院,0.0,54.0,完全一致,1.0,ふれあい生協病院,,
独立行政法人国立病院機構下総精神医療センター,千葉県,令和5年度出来高算定病院,0.0,246.0,未結合,,,,
令和あらかわ病院,東京都,令和5年度出来高算定病院,129.0,240.0,完全一致,1.0,令和あらかわ病院,,
医療法人財団厚生協会大泉病院,東京都,令和5年度出来高算定病院,0.0,240.0,未結合,,,,
慈雲堂病院,東京都,令和5年度出来高算定病院,0.0,476.0,完全一致,1.0,慈雲堂病院,,
医療法人社団新新会多摩あおば病院,東京都,令和5年度出来高算定病院,0.0,206.0,未結合,,,,
医療法人財団青溪会駒木野病院,東京都,令和5年度出来高算定病院,0.0,447.0,未結合,,,,
医療法人社団宏仁会小川病院,埼玉県,令和5年度出来高算定病院,34.0,34.0,完全一致,1.0,宏仁会小川病院,,
医療法人愛應会騎西病院,埼玉県,令和5年度出来高算定病院,80.0,80.0,完全一致,1.0,医療法人愛應会騎西病院,,
兵庫県立粒子線医療センター,兵庫県,令和5年度出来高算定病院,50.0,50.0,完全一致,1.0,兵庫県立粒子線医療センター,,
関西青少年サナトリューム,兵庫県,令和5年度出来高算定病院,0.0,331.0,未結合,,,,
医療法人実風会新生病院,兵庫県,令和5年度出来高算定病院,0.0,168.0,未結合,,,,
社会福祉法人東大寺福祉事業団東大寺福祉療育病院,奈良県,令和5年度出来高算定病院,0.0,106.0,サフィックス一致,0.9,東大寺福祉療育病院,,
和歌山県福祉事業団南紀医療福祉センター,和歌山県,令和5年度出来高算定病院,0.0,64.0,サフィックス一致,0.9,南紀医療福祉センター,,
社会医療法人清和会西川病院,島根県,令和5年度出来高算定病院,0.0,402.0,未結合,,,,
社会福祉法人愛徳福祉会大阪発達総合療育センター南大阪小児リハビリテーション病院,大阪府,令和5年度出来高算定病院,0.0,120.0,未結合,,,,
社会福祉法人恩賜財団済生会支部大阪府済生会大阪北リハビリテーション病院,大阪府,令和5年度出来高算定病院,0.0,96.0,完全一致,1.0,社会福祉法人恩賜財団済生会支部大阪府済生会大阪北リハビリテーション病院,,
のぞえ総合心療病院,福岡県,令和5年度出来高算定病院,0.0,146.0,未結合,,,,
医療法人社団豊永会飯塚記念病院,福岡県,令和5年度出来高算定病院,0.0,400.0,未結合,,,,
向陽台病院,熊本県,令和5年度出来高算定病院,0.0,198.0,未結合,,,,
社会医療法人芳和会菊陽病院,熊本県,令和5年度出来高算定病院,0.0,223.0,未結合,,,,
熊本県こども総合療育センター,熊本県,令和5年度出来高算定病院,0.0,60.0,完全一致,1.0,熊本県こども総合療育センター,,
医療法人有隣会伊敷病院,鹿児島県,令和5年度出来高算定病院,19.0,229.0,サフィックス一致,0.9,伊敷病院,,
医療福祉センターのぎく,兵庫県,令和5年度出来高算定病院,0.0,60.0,完全一致,1.0,医療福祉センターのぎく,,
社会医療法人恵風会高岡病院,兵庫県,令和5年度出来高算定病院,0.0,404.0,未結合,,,,
医療法人社団心優会沼﨑病院,北海道,令和5年度出来高算定病院,28.0,40.0,完全一致,1.0,医療法人社団心優会沼﨑病院,,
ＪＡ北海道厚生連美深厚生病院,北海道,令和5年度出来高算定病院,0.0,52.0,完全一致,1.0,ＪＡ北海道厚生連美深厚生病院,,
町立厚岸病院,北海道,令和5年度出来高算定病院,55.0,55.0,完全一致,1.0,町立厚岸病院,,
大樹町立国民健康保険病院,北海道,令和5年度出来高算定病院,50.0,50.0,完全一致,1.0,大樹町立国民健康保険病院,,
北海道立緑ケ丘病院,北海道,令和5年度出来高算定病院,0.0,168.0,未結合,,,,
医療法人社団慶北会花田病院,北海道,令和5年度出来高算定病院,45.0,45.0,完全一致,1.0,医療法人社団慶北会花田病院,,
ＴＡＯＫＡこころの医療センター,徳島県,令和5年度出来高算定病院,0.0,322.0,未結合,,,,
徳島赤十字ひのみね医療療育センター,徳島県,令和5年度出来高算定病院,0.0,140.0,完全一致,1.0,徳島赤十字ひのみね医療療育センタｰ,,
社会医療法人智徳会未来の風せいわ病院,岩手県,令和5年度出来高算定病院,0.0,267.0,未結合,,,,
岩手県立南光病院,岩手県,令和5年度出来高算定病院,0.0,256.0,未結合,,,,
医療法人松涛会南浜中央病院,宮城県,令和5年度出来高算定病院,0.0,197.0,未結合,,,,
医療法人東北会東北会病院,宮城県,令和5年度出来高算定病院,0.0,172.0,未結合,,,,
仙台エコー医療療育センター,宮城県,令和5年度出来高算定病院,0.0,120.0,完全一致,1.0,仙台エコー医療療育センター,,
社会医療法人二本松会山形さくら町病院,山形県,令和5年度出来高算定病院,0.0,339.0,未結合,,,,
医療法人隆仁会納病院,鹿児島県,令和5年度出来高算定病院,0.0,36.0,未結合,,,,
鹿児島県立姶良病院,鹿児島県,令和5年度出来高算定病院,0.0,250.0,未結合,,,,
医療法人財団青葉会青葉病院,東京都,令和5年度出来高算定病院,27.0,87.0,サフィックス一致,0.9,青葉病院,,
医療法人社団藤寿会佐藤病院,東京都,令和5年度出来高算定病院,0.0,98.0,完全一致,1.0,医療法人社団藤寿会 佐藤病院,,
医療法人社団すずき病院,東京都,令和5年度出来高算定病院,60.0,110.0,完全一致,1.0,医療法人社団すずき病院,,
医療法人社団湘南会亀有中央病院,東京都,令和5年度出来高算定病院,0.0,68.0,完全一致,1.0,医療法人社団湘南会 亀有中央病院,,
社会福祉法人桜ヶ丘社会事業協会桜ヶ丘記念病院,東京都,令和5年度出来高算定病院,0.0,447.0,未結合,,,,
公益財団法人積善会日向台病院,神奈川県,令和5年度出来高算定病院,0.0,299.0,未結合,,,,
一般財団法人野中東晧会静風荘病院,埼玉県,令和5年度出来高算定病院,0.0,124.0,サフィックス一致,0.9,静風荘病院,,
社会医療法人社団同仁会木更津病院,千葉県,令和5年度出来高算定病院,0.0,321.0,未結合,,,,
地方独立行政法人山梨県立病院機構山梨県立北病院,山梨県,令和5年度出来高算定病院,0.0,182.0,未結合,,,,
公益社団法人岐阜病院,岐阜県,令和5年度出来高算定病院,0.0,486.0,未結合,,,,
医療法人杏野会各務原病院,岐阜県,令和5年度出来高算定病院,0.0,120.0,サフィックス一致,0.9,各務原病院,,
清水駿府病院,静岡県,令和5年度出来高算定病院,0.0,160.0,未結合,,,,
医療法人社団健正会静岡アオイ病院,静岡県,令和5年度出来高算定病院,0.0,174.0,完全一致,1.0,医療法人社団健正会静岡アオイ病院,,
医療法人生生会松蔭病院,愛知県,令和5年度出来高算定病院,0.0,535.0,未結合,,,,
社会福祉法人ユーカリ優都会南ヶ丘病院,千葉県,令和5年度出来高算定病院,0.0,51.0,完全一致,1.0,社会福祉法人ユーカリ優都会 南ヶ丘病院,,
東京都立東部療育センター,東京都,令和5年度出来高算定病院,0.0,120.0,完全一致,1.0,東京都立東部療育センター,,
医療法人三九会三九朗東リハビリテーション病院,愛知県,令和5年度出来高算定病院,0.0,60.0,完全一致,1.0,医療法人三九会　三九朗東リハビリテーション病院,,
医療法人共生会みどりの風南知多病院,愛知県,令和5年度出来高算定病院,0.0,218.0,未結合,,,,
三重県厚生農業協同組合連合会鈴鹿厚生病院,三重県,令和5年度出来高算定病院,0.0,320.0,未結合,,,,
鈴鹿医療科学大学附属桜の森病院,三重県,令和5年度出来高算定病院,0.0,25.0,完全一致,1.0,鈴鹿医療科学大学附属桜の森病院,,
三重県立こころの医療センター,三重県,令和5年度出来高算定病院,0.0,318.0,未結合,,,,
医療法人稲門会いわくら病院,京都府,令和5年度出来高算定病院,0.0,378.0,未結合,,,,
公益財団法人松原病院,福井県,令和5年度出来高算定病院,0.0,180.0,未結合,,,,
医療法人韮崎東ヶ丘病院,山梨県,令和5年度出来高算定病院,0.0,147.0,完全一致,1.0,韮崎東ヶ丘病院,,
社会福祉法人四天王寺福祉事業団四天王寺和らぎ苑,大阪府,令和5年度出来高算定病院,0.0,100.0,サフィックス一致,0.9,四天王寺和らぎ苑,,
すくよか,大阪府,令和5年度出来高算定病院,0.0,110.0,サフィックス一致,0.9,社会福祉法人 大阪府障害者福祉事業団 すくよか,,
医療法人新明会神原病院,大阪府,令和5年度出来高算定病院,57.0,57.0,完全一致,1.0,医療法人新明会神原病院,,
医療法人藤井会北河内藤井病院,大阪府,令和5年度出来高算定病院,45.0,45.0,完全一致,1.0,医療法人藤井会北河内藤井病院,,
大阪市立弘済院附属病院,大阪府,令和5年度出来高算定病院,90.0,90.0,完全一致,1.0,大阪市立弘済院附属病院,,
明石こころのホスピタル,兵庫県,令和5年度出来高算定病院,0.0,276.0,未結合,,,,
信愛医療療育センター,愛知県,令和5年度出来高算定病院,0.0,60.0,完全一致,1.0,信愛医療療育センター,,
医療法人研精会豊田西病院,愛知県,令和5年度出来高算定病院,0.0,168.0,未結合,,,,
福岡整形外科病院,福岡県,令和5年度出来高算定病院,30.0,175.0,完全一致,1.0,福岡整形外科病院,,
一般財団法人黎明郷弘前脳卒中・リハビリテーションセンター,青森県,令和5年度出来高算定病院,79.0,248.0,サフィックス一致,0.9,弘前脳卒中・リハビリテーションセンター,,
医療法人社団幸隆会多摩丘陵リハビリテーション病院,東京都,令和5年度出来高算定病院,0.0,117.0,完全一致,1.0,医療法人社団幸隆会 多摩丘陵リハビリテーション病院,,
愛知県医療療育総合センター中央病院,愛知県,令和5年度出来高算定病院,89.0,267.0,完全一致,1.0,愛知県医療療育総合センター中央病院,,
医療法人社団医王会朝倉健生病院,福岡県,令和5年度出来高算定病院,80.0,150.0,完全一致,1.0,医療法人社団医王会 朝倉健生病院,,
医療法人社団清和会南札幌病院,北海道,令和5年度出来高算定病院,0.0,94.0,完全一致,1.0,医療法人社団清和会 南札幌病院,,
下村病院,高知県,令和4年度出来高算定病院,0.0,41.0,完全一致,1.0,下村病院,,
社会医療法人春回会出島病院,長崎県,令和4年度出来高算定病院,0.0,37.0,サフィックス一致,0.9,出島病院,,
医療法人北祐会北海道脳神経内科病院,北海道,令和5年度出来高算定病院,0.0,105.0,サフィックス一致,0.9,北海道脳神経内科病院,,
社会医療法人アルデバラン手稲いなづみ病院,北海道,令和5年度出来高算定病院,0.0,110.0,完全一致,1.0,社会医療法人 アルデバラン 手稲いなづみ病院,,
北海道立旭川子ども総合療育センター,北海道,令和5年度出来高算定病院,0.0,60.0,完全一致,1.0,北海道立旭川子ども総合療育センター,,
社会医療法人こぶし　ウトナイ病院,北海道,令和5年度出来高算定病院,0.0,180.0,未結合,,,,
士幌町国民健康保険病院,北海道,令和5年度出来高算定病院,50.0,50.0,完全一致,1.0,士幌町国民健康保険病院,,
町立真室川病院,山形県,令和5年度出来高算定病院,45.0,55.0,完全一致,1.0,町立真室川病院,,
三友堂病院,山形県,令和5年度出来高算定病院,0.0,199.0,完全一致,1.0,三友堂病院,,
岐阜県厚生農業協同組合連合会　岐阜・西濃医療センター　西美濃厚生病院,岐阜県,令和5年度出来高算定病院,50.0,140.0,完全一致,1.0,岐阜県厚生農業協同組合連合会 岐阜・西濃医療センター 西美濃厚生病院,,
大山病院,茨城県,令和5年度出来高算定病院,50.0,50.0,完全一致,1.0,大山病院,,
医療法人康積会柴病院,栃木県,令和5年度出来高算定病院,13.0,110.0,未結合,,,,
群馬県立精神医療センター,群馬県,令和5年度出来高算定病院,0.0,207.0,未結合,,,,
医療法人社団晃悠会ふじみの救急病院,埼玉県,令和5年度出来高算定病院,20.0,20.0,サフィックス一致,0.9,ふじみの救急病院,,
医療法人西狭山病院,埼玉県,令和5年度出来高算定病院,41.0,41.0,完全一致,1.0,医療法人西狭山病院,,
医療法人社団三光会そのべ病院,埼玉県,令和5年度出来高算定病院,22.0,51.0,未結合,,,,
医療法人札幌ハートセンター　札幌ハートクリニック,北海道,令和5年度出来高算定病院,20.0,20.0,サフィックス一致,0.9,札幌ハートクリニック,,
医療法人社団五風会さっぽろ香雪病院,北海道,令和5年度出来高算定病院,0.0,450.0,未結合,,,,
医療法人社団明敬会重城病院,千葉県,令和5年度出来高算定病院,36.0,36.0,完全一致,1.0,医療法人社団明敬会重城病院,,
医療法人社団柏水会初石病院,千葉県,令和5年度出来高算定病院,0.0,746.0,未結合,,,,
社会福祉法人創仁会東葛医療福祉センター光陽園,千葉県,令和5年度出来高算定病院,0.0,88.0,サフィックス一致,0.9,東葛医療福祉センター光陽園,,
医療法人明柳会恩田第二病院,千葉県,令和5年度出来高算定病院,0.0,272.0,未結合,,,,
医療法人社団太公会我孫子東邦病院,千葉県,令和5年度出来高算定病院,100.0,100.0,完全一致,1.0,医療法人社団太公会我孫子東邦病院,,
医療法人同和会千葉病院,千葉県,令和5年度出来高算定病院,0.0,331.0,未結合,,,,
医療法人社団敬愛会福島南病院,福島県,令和5年度出来高算定病院,55.0,115.0,サフィックス一致,0.9,福島南病院,,
たむら市民病院,福島県,令和5年度出来高算定病院,20.0,32.0,完全一致,1.0,たむら市民病院,,
社会福祉法人鶴風会東京小児療育病院,東京都,令和4年度出来高算定病院,0.0,176.0,完全一致,1.0,社会福祉法人鶴風会東京小児療育病院,,
医療法人社団恵愛会恵愛会松南病院,石川県,令和4年度出来高算定病院,35.0,35.0,サフィックス一致,0.9,恵愛会松南病院,,
医療法人峡南会峡南病院,山梨県,令和4年度出来高算定病院,40.0,40.0,サフィックス一致,0.9,峡南病院,,
愛知県青い鳥医療療育センター,愛知県,令和4年度出来高算定病院,0.0,170.0,完全一致,1.0,愛知県青い鳥医療療育センター,,
愛知県三河青い鳥医療療育センター,愛知県,令和4年度出来高算定病院,0.0,140.0,完全一致,1.0,愛知県三河青い鳥医療療育センター,,
一宮医療療育センター,愛知県,令和4年度出来高算定病院,0.0,128.0,完全一致,1.0,一宮医療療育センター,,
医療法人大田原厚生会室井病院,栃木県,令和4年度出来高算定病院,29.0,204.0,サフィックス一致,0.9,室井病院,,
カルガモの家,埼玉県,令和4年度出来高算定病院,0.0,44.0,完全一致,1.0,カルガモの家,,
びわこ学園医療福祉センター草津,滋賀県,令和4年度出来高算定病院,0.0,126.0,完全一致,1.0,びわこ学園医療福祉センター草津,,
一般財団法人日伸会ビハーラ医療福祉機構あそかビハーラ病院,京都府,令和4年度出来高算定病院,0.0,28.0,完全一致,1.0,一般財団法人日伸会ビハーラ医療福祉機構あそかビハーラ病院,,
長岡京病院,京都府,令和4年度出来高算定病院,0.0,97.0,サフィックス一致,0.9,医療法人総心会長岡京病院,,
社会医療法人杏和会　阪南病院,大阪府,令和4年度出来高算定病院,0.0,652.0,未結合,,,,
医療法人光愛会光愛病院,大阪府,令和4年度出来高算定病院,0.0,203.0,未結合,,,,
医療法人ふれ愛の杜みどり病院,大阪府,令和4年度出来高算定病院,0.0,40.0,完全一致,1.0,医療法人ふれ愛の杜みどり病院,,
医療法人社団城東桐和会タムス瑞江病院,東京都,令和4年度出来高算定病院,0.0,60.0,完全一致,1.0,医療法人社団城東桐和会　タムス瑞江病院,,
医療法人社団明和会西八王子病院,東京都,令和4年度出来高算定病院,0.0,227.0,完全一致,1.0,医療法人社団明和会西八王子病院,,
医療福祉センターきずな,兵庫県,令和4年度出来高算定病院,0.0,80.0,完全一致,1.0,医療福祉センターきずな,,
医療法人三祥会幸町記念病院,岡山県,令和4年度出来高算定病院,35.0,35.0,サフィックス一致,0.9,幸町記念病院,,
医療法人水の木会下関病院,山口県,令和4年度出来高算定病院,0.0,300.0,未結合,,,,
地方独立行政法人山口県立病院機構山口県立こころの医療センター,山口県,令和4年度出来高算定病院,0.0,172.0,未結合,,,,
白井病院,香川県,令和4年度出来高算定病院,40.0,40.0,サフィックス一致,0.9,医療法人明世社 白井病院,,
鬼北町立北宇和病院,愛媛県,令和4年度出来高算定病院,21.0,55.0,完全一致,1.0,鬼北町立北宇和病院,,
あいちせぼね病院,愛知県,令和4年度出来高算定病院,48.0,48.0,完全一致,1.0,あいちせぼね病院,,
社会福祉法人大同宏緑会重心施設にじいろのいえ,愛知県,令和4年度出来高算定病院,0.0,48.0,完全一致,1.0,社会福祉法人　大同宏緑会　重心施設　にじいろのいえ,,
医療法人川口会川口病院,熊本県,令和4年度出来高算定病院,27.0,59.0,サフィックス一致,0.9,川口病院,,
医療法人社団親和会えとう内科病院,大分県,令和4年度出来高算定病院,0.0,58.0,サフィックス一致,0.9,えとう内科病院,,
医療法人大壮会久喜すずのき病院,埼玉県,令和4年度出来高算定病院,0.0,440.0,未結合,,,,
医療法人社団輔仁会片倉病院,神奈川県,令和4年度出来高算定病院,0.0,28.0,完全一致,1.0,医療法人社団輔仁会 片倉病院,,
医療法人衆和会長崎腎病院,長崎県,令和4年度出来高算定病院,43.0,43.0,完全一致,1.0,医療法人衆和会　長崎腎病院,,
全眞会病院,山口県,令和4年度出来高算定病院,0.0,54.0,完全一致,1.0,全眞会病院,,
医療法人豊旺会啓生病院,大阪府,令和4年度出来高算定病院,0.0,50.0,完全一致,1.0,医療法人豊旺会啓生病院,,
医療法人桜希会東朋病院,大阪府,令和4年度出来高算定病院,0.0,100.0,完全一致,1.0,医療法人桜希会東朋病院,,
医療法人社団清仁会宇多津病院,香川県,令和4年度出来高算定病院,56.0,56.0,完全一致,1.0,医療法人社団清仁会 宇多津病院,,
医療法人佑心會堀江病院,愛媛県,令和4年度出来高算定病院,0.0,200.0,未結合,,,,
のぞえの丘病院,福岡県,令和4年度出来高算定病院,0.0,73.0,未結合,,,,
独立行政法人国立病院機構肥前精神医療センター,佐賀県,令和4年度出来高算定病院,0.0,490.0,完全一致,1.0,独立行政法人国立病院機構肥前精神医療センター,,
くまもと芦北療育医療センター,熊本県,令和4年度出来高算定病院,0.0,205.0,完全一致,1.0,くまもと芦北療育医療センター,,
オアシス第二病院,大分県,令和4年度出来高算定病院,0.0,108.0,完全一致,1.0,オアシス第二病院,,
社会福祉法人枚方療育園医療福祉センターさくら,兵庫県,令和4年度出来高算定病院,0.0,300.0,完全一致,1.0,社会福祉法人枚方療育園医療福祉センターさくら,,
独立行政法人国立病院機構兵庫あおの病院,兵庫県,令和4年度出来高算定病院,0.0,250.0,完全一致,1.0,独立行政法人国立病院機構 兵庫あおの病院,,
勝連病院,沖縄県,令和4年度出来高算定病院,0.0,390.0,未結合,,,,
アドベンチストメディカルセンター,沖縄県,令和4年度出来高算定病院,0.0,48.0,完全一致,1.0,アドベンチスト メディカルセンター,,
嬉野が丘サマリヤ人病院,沖縄県,令和4年度出来高算定病院,0.0,372.0,サフィックス一致,0.9,医療法人 社団 輔仁会 嬉野が丘サマリヤ人病院,,
医療法人社団北裕会札幌記念病院,北海道,令和4年度出来高算定病院,0.0,113.0,完全一致,1.0,医療法人社団北裕会 札幌記念病院,,
一般財団法人愛成会弘前愛成会病院,青森県,令和4年度出来高算定病院,0.0,328.0,未結合,,,,
独立行政法人国立病院機構岩手病院,岩手県,令和4年度出来高算定病院,0.0,250.0,完全一致,1.0,独立行政法人国立病院機構岩手病院,,
医療法人社団玉藻会馬場病院,香川県,令和4年度出来高算定病院,0.0,378.0,未結合,,,,
こころの医療センター五色台,香川県,令和4年度出来高算定病院,0.0,280.0,未結合,,,,
山形県立こども医療療育センター,山形県,令和4年度出来高算定病院,0.0,60.0,完全一致,1.0,山形県立こども医療療育センター,,
最上町立最上病院,山形県,令和4年度出来高算定病院,60.0,60.0,完全一致,1.0,最上町立最上病院,,
日立港病院,茨城県,令和4年度出来高算定病院,45.0,45.0,サフィックス一致,0.9,医療法人惇慈会日立港病院,,
茨城県立こころの医療センター,茨城県,令和4年度出来高算定病院,0.0,258.0,未結合,,,,
医療法人加瀬病院,茨城県,令和4年度出来高算定病院,30.0,30.0,完全一致,1.0,加瀬病院,,
社団医療法人明倫会日光野口病院,栃木県,令和4年度出来高算定病院,0.0,120.0,サフィックス一致,0.9,日光野口病院,,
医療法人三省会倉内整形外科病院,宮崎県,令和4年度出来高算定病院,60.0,60.0,完全一致,1.0,医療法人三省会 倉内整形外科病院,,
愛泉会日南病院,宮崎県,令和4年度出来高算定病院,0.0,133.0,完全一致,1.0,愛泉会日南病院,,
医療型障害児入所施設カリヨンの杜,埼玉県,令和4年度出来高算定病院,0.0,50.0,完全一致,1.0,医療型障害児入所施設カリヨンの杜,,
医療法人社団全生会江戸川病院,千葉県,令和4年度出来高算定病院,0.0,339.0,完全一致,1.0,医療法人社団全生会　江戸川病院,,
医療法人社団愛育会愛和病院,東京都,令和4年度出来高算定病院,0.0,60.0,完全一致,1.0,医療法人社団 愛育会 愛和病院,,
医療法人社団清湘会清湘会記念病院,東京都,令和4年度出来高算定病院,45.0,45.0,完全一致,1.0,医療法人社団清湘会 清湘会記念病院,,
医療法人財団佐花会大井中央病院,東京都,令和4年度出来高算定病院,20.0,55.0,完全一致,1.0,医療法人財団佐花会大井中央病院,,
医療法人社団明生会セントラル病院,東京都,令和4年度出来高算定病院,0.0,92.0,完全一致,1.0,医療法人社団 明生会 セントラル病院,,
医療法人回生会秋田回生会病院,秋田県,令和4年度出来高算定病院,0.0,397.0,未結合,,,,
市立田沢湖病院,秋田県,令和4年度出来高算定病院,0.0,60.0,完全一致,1.0,市立田沢湖病院,,
公益財団法人三生会三生会病院,山梨県,令和4年度出来高算定病院,0.0,206.0,未結合,,,,
医療法人友愛会千曲荘病院,長野県,令和4年度出来高算定病院,0.0,239.0,未結合,,,,
長野県立こころの医療センター駒ヶ根,長野県,令和4年度出来高算定病院,0.0,123.0,未結合,,,,
医療法人静風会大垣病院,岐阜県,令和4年度出来高算定病院,41.0,346.0,サフィックス一致,0.9,大垣病院,,
御殿場かいせい病院,静岡県,令和4年度出来高算定病院,0.0,120.0,完全一致,1.0,御殿場かいせい病院,,
名古屋市立大学医学部附属リハビリテーション病院,愛知県,令和4年度出来高算定病院,33.0,80.0,完全一致,1.0,名古屋市立大学医学部附属リハビリテーション病院,,
医療法人社団福寿会福寿会病院,東京都,令和4年度出来高算定病院,0.0,176.0,完全一致,1.0,医療法人社団福寿会　福寿会病院,,
医療法人積信会長谷川病院,東京都,令和4年度出来高算定病院,0.0,590.0,完全一致,1.0,医療法人社団積信会長谷川病院,,
京ケ峰岡田病院,愛知県,令和4年度出来高算定病院,0.0,445.0,未結合,,,,
医療法人社団橘会多度あやめ病院,三重県,令和4年度出来高算定病院,0.0,222.0,未結合,,,,
医療法人大仲会大仲さつき病院,三重県,令和4年度出来高算定病院,0.0,242.0,未結合,,,,
医療法人財団康生会北山武田病院,京都府,令和4年度出来高算定病院,0.0,60.0,完全一致,1.0,医療法人財団康生会北山武田病院,,
医療法人財団医道会稲荷山武田病院,京都府,令和4年度出来高算定病院,0.0,35.0,完全一致,1.0,医療法人財団医道会稲荷山武田病院,,
医療法人財団宮津康生会宮津武田病院,京都府,令和4年度出来高算定病院,0.0,60.0,完全一致,1.0,医療法人財団宮津康生会宮津武田病院,,
医療法人社団十全会十全病院,石川県,令和4年度出来高算定病院,0.0,256.0,未結合,,,,
住吉病院,山梨県,令和4年度出来高算定病院,0.0,225.0,未結合,,,,
医療法人利田会久米田病院,大阪府,令和4年度出来高算定病院,0.0,425.0,未結合,,,,
医療法人爽神堂七山病院,大阪府,令和4年度出来高算定病院,0.0,508.0,未結合,,,,
ほくとクリニック病院,大阪府,令和4年度出来高算定病院,0.0,50.0,未結合,,,,
社会医療法人北斗会さわ病院,大阪府,令和4年度出来高算定病院,0.0,455.0,未結合,,,,
医療法人高遼会高遼会病院,大阪府,令和4年度出来高算定病院,33.0,33.0,完全一致,1.0,医療法人高遼会高遼会病院,,
医療法人社団アガペ会アガペ甲山病院,兵庫県,令和4年度出来高算定病院,48.0,166.0,完全一致,1.0,医療法人社団アガペ会 アガペ甲山病院,,
医療法人社団順心会井上病院,愛知県,令和4年度出来高算定病院,0.0,46.0,完全一致,1.0,医療法人社団順心会井上病院,,
医療法人成精会刈谷病院,愛知県,令和4年度出来高算定病院,0.0,207.0,未結合,,,,
兵庫県立ひょうごこころの医療センター,兵庫県,令和4年度出来高算定病院,0.0,254.0,未結合,,,,
奈良東九条病院,奈良県,令和4年度出来高算定病院,40.0,60.0,完全一致,1.0,奈良東九条病院,,
医療法人拓誠会辻村病院,奈良県,令和4年度出来高算定病院,26.0,66.0,完全一致,1.0,医療法人拓誠会 辻村病院,,
医療法人社団更生会　こころホスピタル草津,広島県,令和4年度出来高算定病院,0.0,429.0,未結合,,,,
黒川病院,山口県,令和4年度出来高算定病院,50.0,50.0,完全一致,1.0,黒川病院,,
城南病院,徳島県,令和4年度出来高算定病院,0.0,167.0,未結合,,,,
医療法人倖生会身原病院,京都府,令和4年度出来高算定病院,29.0,29.0,完全一致,1.0,医療法人倖生会身原病院,,
精華町国民健康保険病院,京都府,令和4年度出来高算定病院,0.0,50.0,完全一致,1.0,精華町国民健康保険病院,,
独立行政法人国立病院機構青森病院,青森県,令和4年度出来高算定病院,0.0,319.0,完全一致,1.0,独立行政法人国立病院機構青森病院,,
医療法人社団蔵王会精神科病院仙南サナトリウム＋,宮城県,令和4年度出来高算定病院,0.0,212.0,未結合,,,,
医療法人香木会伊藤病院,宮城県,令和4年度出来高算定病院,0.0,39.0,サフィックス一致,0.9,伊藤病院,,
医療法人久盛会秋田緑ヶ丘病院,秋田県,令和4年度出来高算定病院,0.0,372.0,未結合,,,,
医療法人敬愛会尾花沢病院,山形県,令和4年度出来高算定病院,0.0,152.0,完全一致,1.0,医療法人敬愛会 尾花沢病院,,
独立行政法人国立病院機構山形病院,山形県,令和4年度出来高算定病院,0.0,300.0,完全一致,1.0,独立行政法人国立病院機構山形病院,,
医療法人清潮会三和中央病院,長崎県,令和4年度出来高算定病院,0.0,642.0,未結合,,,,
緑ヶ丘保養園,大分県,令和4年度出来高算定病院,0.0,170.0,未結合,,,,
独立行政法人国立病院機構福島病院,福島県,令和4年度出来高算定病院,0.0,220.0,完全一致,1.0,独立行政法人国立病院機構福島病院,,
医療法人社団耕潤会ハートフルふじしろ病院,茨城県,令和4年度出来高算定病院,0.0,45.0,完全一致,1.0,医療法人社団耕潤会ハートフルふじしろ病院,,
地方独立行政法人栃木県立岡本台病院,栃木県,令和4年度出来高算定病院,0.0,147.0,未結合,,,,
医療法人社団清宮医院山王リハビリテーション病院,群馬県,令和4年度出来高算定病院,27.0,50.0,サフィックス一致,0.9,山王リハビリテーション病院,,
医療法人誠和会正田病院,群馬県,令和4年度出来高算定病院,43.0,43.0,サフィックス一致,0.9,正田病院,,
医療法人栄寿会林病院,埼玉県,令和4年度出来高算定病院,0.0,114.0,完全一致,1.0,医療法人栄寿会林病院,,
医療法人社団桜会　小林病院,北海道,令和4年度出来高算定病院,178.0,300.0,完全一致,1.0,医療法人社団桜会小林病院,,
平岸病院,北海道,令和4年度出来高算定病院,0.0,366.0,完全一致,1.0,平岸病院,,
社会福祉法人　埼玉療育友の会　埼玉療育医療センター,埼玉県,令和4年度出来高算定病院,0.0,90.0,サフィックス一致,0.9,埼玉療育医療センター,,
社会福祉法人シナプス埼玉精神神経センター,埼玉県,令和4年度出来高算定病院,20.0,357.0,完全一致,1.0,社会福祉法人シナプス埼玉精神神経センター,,
医療法人社団翠会成増厚生病院,東京都,令和4年度出来高算定病院,0.0,484.0,完全一致,1.0,医療法人社団翠会成増厚生病院,,
一般財団法人精神医学研究所附属東京武蔵野病院,東京都,令和4年度出来高算定病院,0.0,552.0,完全一致,1.0,一般財団法人 精神医学研究所 附属東京武蔵野病院,,
医療法人社団秀佑会東海病院,東京都,令和4年度出来高算定病院,0.0,23.0,完全一致,1.0,医療法人社団秀佑会 東海病院,,
医療法人社団翠会陽和病院,東京都,令和4年度出来高算定病院,0.0,260.0,未結合,,,,
独立行政法人国立病院機構米沢病院,山形県,令和4年度出来高算定病院,0.0,220.0,完全一致,1.0,独立行政法人国立病院機構米沢病院,,
社会医療法人あさかホスピタル,福島県,令和4年度出来高算定病院,0.0,470.0,未結合,,,,
医療法人社団欣助会吉祥寺病院,東京都,令和4年度出来高算定病院,0.0,345.0,未結合,,,,
社会福祉法人日本心身障害児協会島田療育センター,東京都,令和4年度出来高算定病院,0.0,243.0,完全一致,1.0,社会福祉法人日本心身障害児協会 島田療育センター,,
ライフゆう,神奈川県,令和4年度出来高算定病院,0.0,58.0,完全一致,1.0,ライフゆう,,
横浜医療福祉センター港南,神奈川県,令和4年度出来高算定病院,0.0,170.0,完全一致,1.0,横浜医療福祉センター港南,,
横浜療育医療センター,神奈川県,令和4年度出来高算定病院,0.0,113.0,サフィックス一致,0.9,重症心身障害児（者）施設横浜療育医療センター,,
医療法人新川病院,富山県,令和4年度出来高算定病院,0.0,60.0,完全一致,1.0,医療法人新川病院,,
医療法人社団輔仁会大宮厚生病院,埼玉県,令和4年度出来高算定病院,0.0,281.0,未結合,,,,
埼玉県立精神医療センター,埼玉県,令和4年度出来高算定病院,0.0,150.0,未結合,,,,
塩川病院,三重県,令和4年度出来高算定病院,42.0,57.0,サフィックス一致,0.9,医療法人誠仁会 塩川病院,,
医療法人紀南会熊野病院,三重県,令和4年度出来高算定病院,0.0,320.0,未結合,,,,
独立行政法人国立病院機構鈴鹿病院,三重県,令和4年度出来高算定病院,0.0,290.0,完全一致,1.0,独立行政法人国立病院機構鈴鹿病院,,
医療法人社団湯川胃腸病院,大阪府,令和4年度出来高算定病院,0.0,1.0,完全一致,1.0,医療法人社団湯川胃腸病院,,
社会福祉法人枚方療育園,大阪府,令和4年度出来高算定病院,0.0,490.0,完全一致,1.0,社会福祉法人枚方療育園,,
医療法人微風会浜寺病院,大阪府,令和4年度出来高算定病院,0.0,594.0,未結合,,,,
独立行政法人国立病院機構医王病院,石川県,令和4年度出来高算定病院,0.0,310.0,完全一致,1.0,独立行政法人国立病院機構医王病院,,
独立行政法人国立病院機構七尾病院,石川県,令和4年度出来高算定病院,0.0,206.0,完全一致,1.0,独立行政法人国立病院機構七尾病院,,
独立行政法人国立病院機構やまと精神医療センター,奈良県,令和4年度出来高算定病院,0.0,248.0,完全一致,1.0,独立行政法人国立病院機構やまと精神医療センター,,
公益財団法人慈圭会慈圭病院,岡山県,令和4年度出来高算定病院,0.0,560.0,未結合,,,,
旭川荘療育・医療センター,岡山県,令和4年度出来高算定病院,0.0,422.0,完全一致,1.0,旭川荘療育・医療センター,,
医療法人三和会おおうち病院,広島県,令和4年度出来高算定病院,0.0,50.0,完全一致,1.0,医療法人三和会 おおうち病院,,
医療法人せのがわ瀬野川病院,広島県,令和4年度出来高算定病院,0.0,312.0,未結合,,,,
独立行政法人国立病院機構柳井医療センター,山口県,令和4年度出来高算定病院,0.0,280.0,サフィックス一致,0.9,国立病院機構 柳井医療センター,,
犬山病院,愛知県,令和4年度出来高算定病院,0.0,342.0,未結合,,,,
社会医療法人居仁会総合心療センターひなが,三重県,令和4年度出来高算定病院,0.0,480.0,未結合,,,,
松山記念病院,愛媛県,令和4年度出来高算定病院,0.0,515.0,未結合,,,,
医療法人須藤会土佐病院,高知県,令和4年度出来高算定病院,0.0,174.0,未結合,,,,
雁の巣病院,福岡県,令和4年度出来高算定病院,0.0,281.0,完全一致,1.0,雁の巣病院,,
社会医療法人青洲会百年橋リハビリテーション病院,福岡県,令和4年度出来高算定病院,0.0,98.0,サフィックス一致,0.9,百年橋リハビリテーション病院,,
医療法人徳洲会二日市徳洲会病院,福岡県,令和4年度出来高算定病院,0.0,52.0,完全一致,1.0,医療法人徳洲会 二日市徳洲会病院,,
医療法人財団はまゆう会新王子病院,福岡県,令和4年度出来高算定病院,41.0,41.0,完全一致,1.0,医療法人財団はまゆう会新王子病院,,
平野若葉会病院,大阪府,令和4年度出来高算定病院,38.0,174.0,サフィックス一致,0.9,医療法人五月会平野若葉会病院,,
医療法人若葉会王子回生病院,兵庫県,令和4年度出来高算定病院,0.0,69.0,サフィックス一致,0.9,王子回生病院,,
医療法人仁愛会仁愛会病院,鹿児島県,令和4年度出来高算定病院,0.0,72.0,サフィックス一致,0.9,仁愛会病院,,
医療法人和風会加世田病院,鹿児島県,令和4年度出来高算定病院,58.0,231.0,サフィックス一致,0.9,加世田病院,,
特定医療法人さっぽろ悠心の郷ときわ病院,北海道,令和4年度出来高算定病院,0.0,206.0,未結合,,,,
医療法人セレスさっぽろ神経内科病院,北海道,令和4年度出来高算定病院,0.0,79.0,完全一致,1.0,医療法人セレス さっぽろ神経内科病院,,
社会福祉法人北海道療育園,北海道,令和4年度出来高算定病院,0.0,336.0,完全一致,1.0,北海道療育園,,
医療法人社団圭泉会旭川圭泉会病院,北海道,令和4年度出来高算定病院,0.0,399.0,未結合,,,,
独立行政法人国立病院機構とくしま医療センター西病院,徳島県,令和4年度出来高算定病院,0.0,236.0,完全一致,1.0,独立行政法人国立病院機構とくしま医療センター西病院,,
医療法人社団三愛会三船病院,香川県,令和4年度出来高算定病院,0.0,328.0,未結合,,,,
あしかがの森足利病院,栃木県,令和4年度出来高算定病院,0.0,195.0,完全一致,1.0,あしかがの森足利病院,,
医療法人山崎会サンピエール病院,群馬県,令和4年度出来高算定病院,57.0,522.0,完全一致,1.0,医療法人山崎会サンピエール病院,,
群馬病院,群馬県,令和4年度出来高算定病院,0.0,461.0,未結合,,,,
浦和神経サナトリウム,埼玉県,令和4年度出来高算定病院,0.0,257.0,未結合,,,,
医療法人誠至会狭山厚生病院,埼玉県,令和4年度出来高算定病院,0.0,42.0,サフィックス一致,0.9,狭山厚生病院,,
医療法人白百合会幕張病院,千葉県,令和4年度出来高算定病院,0.0,206.0,完全一致,1.0,医療法人白百合会幕張病院,,
公立下蒲刈病院,広島県,令和4年度出来高算定病院,21.0,49.0,完全一致,1.0,公立下蒲刈病院,,
医療法人精華園海辺の杜ホスピタル,高知県,令和4年度出来高算定病院,0.0,236.0,未結合,,,,
医療法人社団敬智会梶原病院,東京都,令和4年度出来高算定病院,16.0,47.0,完全一致,1.0,医療法人社団敬智会 梶原病院,,
医療法人財団同潤会富士見病院,東京都,令和4年度出来高算定病院,18.0,48.0,完全一致,1.0,医療法人財団同潤会 富士見病院,,
心身障害児総合医療療育センター,東京都,令和4年度出来高算定病院,0.0,251.0,完全一致,1.0,心身障害児総合医療療育センター,,
医療法人社団慈誠会慈誠会・練馬高野台病院,東京都,令和4年度出来高算定病院,0.0,218.0,完全一致,1.0,医療法人社団慈誠会　慈誠会・練馬高野台病院,,
医療法人社団福寿会慈英会病院,東京都,令和4年度出来高算定病院,0.0,48.0,完全一致,1.0,医療法人社団福寿会 慈英会病院,,
横浜町田関節脊椎病院,東京都,令和4年度出来高算定病院,42.0,42.0,完全一致,1.0,横浜町田関節脊椎病院,,
土浦リハビリテーション病院,茨城県,令和4年度出来高算定病院,0.0,42.0,完全一致,1.0,土浦リハビリテーション病院,,
取手中央病院,茨城県,令和4年度出来高算定病院,0.0,60.0,完全一致,1.0,取手中央病院,,
医療法人丹沢病院,神奈川県,令和4年度出来高算定病院,0.0,275.0,未結合,,,,
独立行政法人国立病院機構箱根病院,神奈川県,令和4年度出来高算定病院,0.0,180.0,完全一致,1.0,独立行政法人国立病院機構箱根病院,,
独立行政法人国立病院機構久里浜医療センター,神奈川県,令和4年度出来高算定病院,45.0,225.0,完全一致,1.0,独立行政法人国立病院機構久里浜医療センター,,
独立行政法人国立病院機構さいがた医療センター,新潟県,令和4年度出来高算定病院,0.0,262.0,完全一致,1.0,独立行政法人国立病院機構さいがた医療センター,,
医療法人社団弘仁会魚津緑ヶ丘病院,富山県,令和4年度出来高算定病院,0.0,140.0,未結合,,,,
独立行政法人国立病院機構富山病院,富山県,令和4年度出来高算定病院,45.0,275.0,完全一致,1.0,独立行政法人国立病院機構富山病院,,
医療法人社団直樹会磯ヶ谷病院,千葉県,令和4年度出来高算定病院,0.0,164.0,未結合,,,,
公益財団法人復光会総武病院,千葉県,令和4年度出来高算定病院,0.0,452.0,未結合,,,,
社会医療法人加納岩日下部記念病院,山梨県,令和4年度出来高算定病院,0.0,282.0,未結合,,,,
医療法人暁会仁愛病院,長野県,令和4年度出来高算定病院,73.0,167.0,完全一致,1.0,医療法人暁会 仁愛病院,,
独立行政法人国立病院機構東長野病院,長野県,令和4年度出来高算定病院,0.0,219.0,完全一致,1.0,独立行政法人国立病院機構東長野病院,,
社会医療法人聖泉会聖十字病院,岐阜県,令和4年度出来高算定病院,0.0,199.0,未結合,,,,
医療法人緑翔会小松病院,愛知県,令和4年度出来高算定病院,36.0,90.0,完全一致,1.0,医療法人緑翔会 小松病院,,
八事病院,愛知県,令和4年度出来高算定病院,60.0,485.0,完全一致,1.0,八事病院,,
東京都立府中療育センター,東京都,令和4年度出来高算定病院,0.0,260.0,完全一致,1.0,東京都立府中療育センター,,
地方独立行政法人東京都立病院機構東京都立松沢病院,東京都,令和4年度出来高算定病院,45.0,660.0,完全一致,1.0,地方独立行政法人東京都立病院機構　東京都立松沢病院,,
日東病院,福島県,令和3年度出来高算定病院,36.0,36.0,完全一致,1.0,日東病院,,
療育センターきぼう,群馬県,令和3年度出来高算定病院,0.0,140.0,完全一致,1.0,療育センターきぼう,,
小美玉市医療センター,茨城県,令和3年度出来高算定病院,60.0,60.0,サフィックス一致,0.9,社会医療法人財団古宿会小美玉市医療センター,,
社会医療法人創和会　しげい病院,岡山県,令和4年度出来高算定病院,0.0,256.0,完全一致,1.0,医療法人創和会 しげい病院,,
公立高畠病院,山形県,令和4年度出来高算定病院,0.0,130.0,完全一致,1.0,公立高畠病院,,
社会医療法人　頌徳会　日野病院,大阪府,令和4年度出来高算定病院,10.0,199.0,完全一致,1.0,社会医療法人頌徳会日野病院,,
医療法人徳洲会東佐野病院,大阪府,令和3年度出来高算定病院,0.0,79.0,完全一致,1.0,医療法人徳洲会東佐野病院,,
医療法人社団輝斉会森田病院,山口県,令和3年度出来高算定病院,0.0,36.0,完全一致,1.0,医療法人社団輝斉会 森田病院,,
医療法人中沢会上毛病院,群馬県,令和4年度出来高算定病院,20.0,334.0,完全一致,1.0,医療法人中沢会 上毛病院,,
医療法人群栄会田中病院,群馬県,令和4年度出来高算定病院,0.0,494.0,完全一致,1.0,群栄会田中病院,,
光の家療育センター,埼玉県,令和4年度出来高算定病院,0.0,345.0,完全一致,1.0,光の家療育センター,,
医療法人壽亮会大谷記念病院,埼玉県,令和4年度出来高算定病院,0.0,103.0,完全一致,1.0,医療法人壽亮会大谷記念病院,,
医療法人社団あい増田病院,千葉県,令和4年度出来高算定病院,48.0,48.0,完全一致,1.0,医療法人社団あい 増田病院,,
医療法人積仁会岡部病院,石川県,令和4年度出来高算定病院,0.0,287.0,未結合,,,,
医療法人社団清峰会村山中央病院,東京都,令和3年度出来高算定病院,0.0,60.0,完全一致,1.0,医療法人社団清峰会 村山中央病院,,
原田病院,大阪府,令和3年度出来高算定病院,22.0,37.0,完全一致,1.0,原田病院,,
医療法人八誠会もりやま総合心療病院,愛知県,令和4年度出来高算定病院,0.0,425.0,未結合,,,,
医療法人羔羊会弥生病院,愛知県,令和4年度出来高算定病院,90.0,130.0,完全一致,1.0,医療法人羔羊会 弥生病院,,
一般財団法人信貴山病院分院上野病院,三重県,令和4年度出来高算定病院,0.0,396.0,未結合,,,,
社会福祉法人平成記念会サポートハウスココロネ住吉,兵庫県,令和4年度出来高算定病院,0.0,100.0,完全一致,1.0,社会福祉法人平成記念会　サポートハウス　ココロネ住吉,,
須磨浦病院,兵庫県,令和4年度出来高算定病院,0.0,126.0,完全一致,1.0,須磨浦病院,,
大矢整形外科病院,広島県,令和4年度出来高算定病院,0.0,33.0,完全一致,1.0,大矢整形外科病院,,
医療法人杏林会みちのく記念病院,青森県,令和4年度出来高算定病院,40.0,326.0,サフィックス一致,0.9,みちのく記念病院,,
医療法人幕内会山王台病院,茨城県,令和4年度出来高算定病院,127.0,172.0,サフィックス一致,0.9,山王台病院,,
小倉南メディカルケア病院,福岡県,令和4年度出来高算定病院,0.0,90.0,完全一致,1.0,小倉南メディカルケア病院,,
社会医療法人共栄会札幌トロイカ病院,北海道,令和4年度出来高算定病院,0.0,419.0,未結合,,,,
医療法人聖愛会　発寒リハビリテーション病院,北海道,令和4年度出来高算定病院,0.0,108.0,完全一致,1.0,医療法人　聖愛会　発寒リハビリテーション病院,,
宮城県立精神医療センター,宮城県,令和4年度出来高算定病院,0.0,258.0,未結合,,,,
社会医療法人興生会横手興生病院,秋田県,令和4年度出来高算定病院,0.0,246.0,未結合,,,,
独立行政法人国立病院機構あきた病院,秋田県,令和4年度出来高算定病院,0.0,334.0,完全一致,1.0,独立行政法人国立病院機構あきた病院,,
石川県立こころの病院,石川県,令和4年度出来高算定病院,0.0,400.0,未結合,,,,
特定医療法人南山会峡西病院,山梨県,令和4年度出来高算定病院,0.0,210.0,未結合,,,,
医療法人野毛会もとぶ野毛病院,沖縄県,令和3年度出来高算定病院,0.0,150.0,完全一致,1.0,医療法人野毛会 もとぶ野毛病院,,
医療法人社団哲栄会順天病院,北海道,令和3年度出来高算定病院,0.0,60.0,完全一致,1.0,医療法人社団哲栄会順天病院,,
枝幸町国民健康保険病院,北海道,令和3年度出来高算定病院,60.0,60.0,完全一致,1.0,枝幸町国民健康保険病院,,
医療法人アンリー・デュナン会新雨竜第一病院,北海道,令和3年度出来高算定病院,0.0,108.0,サフィックス一致,0.9,新雨竜第一病院,,
医療法人社団青秀会車田病院,福島県,令和3年度出来高算定病院,0.0,34.0,完全一致,1.0,医療法人社団青秀会車田病院,,
福島県ふたば医療センター附属病院,福島県,令和3年度出来高算定病院,30.0,30.0,完全一致,1.0,福島県ふたば医療センター附属病院,,
医療法人回生会堤病院,熊本県,令和3年度出来高算定病院,0.0,55.0,未結合,,,,
医療法人永輝会ニュー天草病院,熊本県,令和3年度出来高算定病院,0.0,132.0,サフィックス一致,0.9,ニュー天草病院,,
医療法人社団寿光会松戸牧の原病院,千葉県,令和3年度出来高算定病院,0.0,180.0,完全一致,1.0,医療法人社団寿光会 松戸牧の原病院,,
一般財団法人慈愛会慈愛病院,東京都,令和3年度出来高算定病院,0.0,47.0,完全一致,1.0,一般財団法人慈愛会　慈愛病院,,
医療法人社団青藍会鈴木リハビリテーション病院,東京都,令和3年度出来高算定病院,0.0,103.0,完全一致,1.0,医療法人社団青藍会 鈴木リハビリテーション病院,,
医療法人社団総風会江戸川共済病院,東京都,令和3年度出来高算定病院,0.0,120.0,サフィックス一致,0.9,医社）総風会 江戸川共済病院,,
東京心臓不整脈病院,東京都,令和3年度出来高算定病院,58.0,58.0,サフィックス一致,0.9,医療法人社団東京ハートサミット東京心臓不整脈病院,,
地方独立行政法人神奈川県立病院機構神奈川県立精神医療センター,神奈川県,令和3年度出来高算定病院,0.0,290.0,未結合,,,,
医療法人桃蹊会霧島桜ヶ丘病院,鹿児島県,令和3年度出来高算定病院,0.0,131.0,サフィックス一致,0.9,桜ヶ丘病院,,
中村温泉病院,鹿児島県,令和3年度出来高算定病院,0.0,116.0,完全一致,1.0,中村温泉病院,,
長島回生病院,三重県,令和3年度出来高算定病院,27.0,74.0,サフィックス一致,0.9,社会医療法人峰和会 長島回生病院,,
京都府立洛南病院,京都府,令和3年度出来高算定病院,0.0,256.0,未結合,,,,
医療法人公道会公道会病院,大阪府,令和3年度出来高算定病院,36.0,141.0,サフィックス一致,0.9,公道会病院,,
医療法人同仁会松崎病院,大阪府,令和3年度出来高算定病院,58.0,113.0,完全一致,1.0,医療法人同仁会松崎病院,,
医療法人相生会相生病院,大阪府,令和3年度出来高算定病院,44.0,100.0,完全一致,1.0,医療法人相生会相生病院,,
大阪社会医療センター付属病院,大阪府,令和3年度出来高算定病院,50.0,80.0,完全一致,1.0,大阪社会医療センター付属病院,,
上野病院,栃木県,令和3年度出来高算定病院,0.0,103.0,完全一致,1.0,上野病院,,
宇都宮脳脊髄センター・シンフォニー病院,栃木県,令和3年度出来高算定病院,40.0,40.0,完全一致,1.0,宇都宮脳脊髄センター・シンフォニー病院,,
医療法人全生会周防病院,山口県,令和3年度出来高算定病院,0.0,120.0,サフィックス一致,0.9,周防病院,,
医療法人済世会河野名島病院,福岡県,令和3年度出来高算定病院,0.0,188.0,完全一致,1.0,医療法人済世会 河野名島病院,,
社会医療法人陽明会御所病院,福岡県,令和3年度出来高算定病院,0.0,120.0,完全一致,1.0,社会医療法人陽明会御所病院,,
医療法人陽明会樋口病院,佐賀県,令和3年度出来高算定病院,45.0,80.0,完全一致,1.0,医療法人陽明会樋口病院,,
医療法人是心会久保内科病院,長崎県,令和3年度出来高算定病院,20.0,83.0,完全一致,1.0,医療法人是心会　久保内科病院,,
名城病院,沖縄県,令和3年度出来高算定病院,37.0,37.0,完全一致,1.0,名城病院,,
中部脳リハビリテーション病院,岐阜県,令和3年度出来高算定病院,0.0,92.0,完全一致,1.0,中部脳リハビリテーション病院,,
医療法人社団榮紀会東名裾野病院,静岡県,令和3年度出来高算定病院,0.0,94.0,完全一致,1.0,医療法人社団榮紀会 東名裾野病院,,
医療法人新松田会愛宕病院分院,高知県,令和3年度出来高算定病院,0.0,180.0,完全一致,1.0,新松田会愛宕病院分院,,
医療法人杏林会高知ハーモニーホスピタル,高知県,令和3年度出来高算定病院,0.0,133.0,未結合,,,,
医療法人藤原会藤原病院,高知県,令和3年度出来高算定病院,0.0,117.0,サフィックス一致,0.9,藤原病院,,
医療法人千博会南国厚生病院,高知県,令和3年度出来高算定病院,0.0,88.0,サフィックス一致,0.9,南国厚生病院,,
医療法人千博会ネオリゾートちひろ病院,高知県,令和3年度出来高算定病院,0.0,54.0,サフィックス一致,0.9,ネオリゾートちひろ病院,,
医療法人慈恵会中村病院,高知県,令和3年度出来高算定病院,0.0,60.0,サフィックス一致,0.9,中村病院,,
医療法人若草会松村病院,徳島県,令和3年度出来高算定病院,0.0,56.0,サフィックス一致,0.9,松村病院,,
医療法人住友内科病院,徳島県,令和3年度出来高算定病院,0.0,32.0,完全一致,1.0,医療法人住友内科病院,,
平尾病院,福岡県,令和3年度出来高算定病院,0.0,72.0,完全一致,1.0,平尾病院,,
八女健朋会八媛病院,福岡県,令和3年度出来高算定病院,0.0,60.0,完全一致,1.0,医療法人八女健朋会 八媛病院,,
医療法人善志会久留米南病院,福岡県,令和3年度出来高算定病院,0.0,100.0,サフィックス一致,0.9,久留米南病院,,
医療法人信和会　嘉穂信和病院,福岡県,令和3年度出来高算定病院,0.0,30.0,サフィックス一致,0.9,嘉穂信和病院,,
医療法人古川病院,福岡県,令和3年度出来高算定病院,0.0,36.0,完全一致,1.0,医療法人 古川病院,,
医療法人笠松会有吉病院,福岡県,令和3年度出来高算定病院,0.0,56.0,完全一致,1.0,医療法人笠松会有吉病院,,
医療法人鎌野病院,愛媛県,令和3年度出来高算定病院,0.0,36.0,完全一致,1.0,鎌野病院,,
医療法人高潮会潮江高橋病院,高知県,令和3年度出来高算定病院,0.0,80.0,未結合,,,,
医療法人尚誠会冬野病院,佐賀県,令和3年度出来高算定病院,0.0,55.0,完全一致,1.0,医療法人 尚誠会 冬野病院,,
唐津市民病院きたはた,佐賀県,令和3年度出来高算定病院,0.0,56.0,完全一致,1.0,唐津市民病院きたはた,,
医療法人七久会山﨑病院,長崎県,令和3年度出来高算定病院,0.0,38.0,サフィックス一致,0.9,山﨑病院,,
医療法人社団厚善会郡家病院,長崎県,令和3年度出来高算定病院,40.0,50.0,完全一致,1.0,医療法人社団厚善会　郡家病院,,
医療法人啓正会清水病院,長崎県,令和3年度出来高算定病院,0.0,181.0,サフィックス一致,0.9,清水病院,,
医療法人弘池会口之津病院,長崎県,令和3年度出来高算定病院,0.0,89.0,完全一致,1.0,医療法人　弘池会　口之津病院,,
医療法人次田会足摺病院,高知県,令和3年度出来高算定病院,0.0,31.0,サフィックス一致,0.9,足摺病院,,
大杉中央病院,高知県,令和3年度出来高算定病院,0.0,80.0,完全一致,1.0,大杉中央病院,,
重症心身障害児施設はまゆう療育園,熊本県,令和3年度出来高算定病院,0.0,170.0,完全一致,1.0,重症心身障害児施設はまゆう療育園,,
医療法人二豊会国見病院,大分県,令和3年度出来高算定病院,0.0,30.0,サフィックス一致,0.9,国見病院,,
医療法人康成会植村病院,鹿児島県,令和3年度出来高算定病院,10.0,59.0,未結合,,,,
医療法人隆成会隆成会病院,鹿児島県,令和3年度出来高算定病院,0.0,55.0,サフィックス一致,0.9,隆成会病院,,
上山病院,鹿児島県,令和3年度出来高算定病院,0.0,40.0,完全一致,1.0,上山病院,,
医療法人碧仁会井ノ上病院,鹿児島県,令和3年度出来高算定病院,0.0,40.0,サフィックス一致,0.9,井ノ上病院,,
医療法人社団響会緑ヶ丘病院,福岡県,令和3年度出来高算定病院,0.0,104.0,未結合,,,,
医療法人平川病院,佐賀県,令和3年度出来高算定病院,0.0,40.0,完全一致,1.0,医療法人平川病院,,
医療法人社団薫英の会久野病院,兵庫県,令和3年度出来高算定病院,0.0,118.0,サフィックス一致,0.9,久野病院,,
医療法人弘仁会南和病院,奈良県,令和3年度出来高算定病院,42.0,120.0,完全一致,1.0,医療法人弘仁会南和病院,,
医療法人良友会西和歌山病院,和歌山県,令和3年度出来高算定病院,60.0,120.0,サフィックス一致,0.9,西和歌山病院,,
医療法人明成会向井病院,和歌山県,令和3年度出来高算定病院,0.0,70.0,サフィックス一致,0.9,向井病院,,
医療法人稲穂会稲穂会病院,和歌山県,令和3年度出来高算定病院,0.0,24.0,サフィックス一致,0.9,稲穂会病院,,
平成記念病院,島根県,令和3年度出来高算定病院,60.0,115.0,完全一致,1.0,平成記念病院,,
医療法人松徳会松谷病院,大阪府,令和3年度出来高算定病院,0.0,40.0,完全一致,1.0,医療法人松徳会松谷病院,,
一般社団法人津守病院,大阪府,令和3年度出来高算定病院,0.0,80.0,完全一致,1.0,一般社団法人津守病院,,
医療法人鷲風会下津井病院,岡山県,令和3年度出来高算定病院,0.0,60.0,完全一致,1.0,医療法人鷲風会 下津井病院,,
医療法人晴顕会大谷病院,岡山県,令和3年度出来高算定病院,0.0,48.0,完全一致,1.0,医療法人晴顕会 大谷病院,,
医療法人正光会鳥越病院,岡山県,令和3年度出来高算定病院,0.0,48.0,サフィックス一致,0.9,鳥越病院,,
重症心身障害児施設ときわ呉,広島県,令和3年度出来高算定病院,0.0,60.0,完全一致,1.0,重症心身障害児施設ときわ呉,,
医療法人社団神田会木曽病院,広島県,令和3年度出来高算定病院,30.0,133.0,完全一致,1.0,医療法人社団神田会木曽病院,,
医療法人真慈会真愛病院,広島県,令和3年度出来高算定病院,0.0,55.0,完全一致,1.0,医療法人真慈会 真愛病院,,
医療法人五葉会　城南病院,兵庫県,令和3年度出来高算定病院,9.0,51.0,完全一致,1.0,医療法人五葉会城南病院,,
医療法人杏風会浜坂七釜温泉病院,兵庫県,令和3年度出来高算定病院,0.0,80.0,完全一致,1.0,医療法人杏風会浜坂七釜温泉病院,,
医療法人緑山会周南高原病院,山口県,令和3年度出来高算定病院,0.0,115.0,サフィックス一致,0.9,周南高原病院,,
医療法人社団千寿会岩国第一病院,山口県,令和3年度出来高算定病院,0.0,47.0,サフィックス一致,0.9,岩国第一病院,,
医療法人生山会斎木病院,山口県,令和3年度出来高算定病院,46.0,90.0,完全一致,1.0,医療法人　生山会　斎木病院,,
医療法人南和会みどり病院,山口県,令和3年度出来高算定病院,0.0,120.0,サフィックス一致,0.9,みどり病院,,
医療法人燈来会大久保病院,徳島県,令和3年度出来高算定病院,0.0,105.0,サフィックス一致,0.9,大久保病院,,
眉山病院,徳島県,令和3年度出来高算定病院,0.0,47.0,完全一致,1.0,眉山病院,,
岡山西大寺病院附属中野分院,岡山県,令和3年度出来高算定病院,0.0,116.0,完全一致,1.0,岡山西大寺病院附属中野分院,,
医療法人水清会水島第一病院,岡山県,令和3年度出来高算定病院,107.0,199.0,完全一致,1.0,医療法人水清会水島第一病院,,
医療法人峰寿会岡内科病院,徳島県,令和3年度出来高算定病院,0.0,30.0,サフィックス一致,0.9,岡内科病院,,
医療法人博美会大野病院,徳島県,令和3年度出来高算定病院,0.0,35.0,サフィックス一致,0.9,大野病院,,
医療法人社団清澄会ミタニ病院,香川県,令和3年度出来高算定病院,42.0,85.0,完全一致,1.0,医療法人社団清澄会ミタニ病院,,
医療法人友朋会なかじま中央病院,愛媛県,令和3年度出来高算定病院,0.0,50.0,サフィックス一致,0.9,なかじま中央病院,,
医療法人慈風会白石病院,愛媛県,令和3年度出来高算定病院,60.0,100.0,サフィックス一致,0.9,白石病院,,
医療法人平成会山内病院,愛媛県,令和3年度出来高算定病院,0.0,50.0,完全一致,1.0,医療法人平成会 山内病院,,
医療法人社団清冨会サンポプラ病院,山口県,令和3年度出来高算定病院,0.0,42.0,完全一致,1.0,医療法人社団清冨会サンポプラ病院,,
医療法人社団若宮会山口若宮病院,山口県,令和3年度出来高算定病院,0.0,116.0,サフィックス一致,0.9,山口若宮病院,,
福井リハビリテーション病院,福井県,令和3年度出来高算定病院,0.0,31.0,完全一致,1.0,福井リハビリテーション病院,,
長野県厚生農業協同組合連合会長野松代総合病院附属若穂病院,長野県,令和3年度出来高算定病院,0.0,120.0,完全一致,1.0,長野県厚生農業協同組合連合会 長野松代総合病院附属若穂病院,,
医療法人祐愛会祐愛病院,長野県,令和3年度出来高算定病院,0.0,49.0,サフィックス一致,0.9,祐愛病院,,
医療法人真摯会諏訪城東病院,長野県,令和3年度出来高算定病院,0.0,48.0,サフィックス一致,0.9,諏訪城東病院,,
医療法人新光会伊豆平和病院,静岡県,令和3年度出来高算定病院,0.0,109.0,完全一致,1.0,医療法人新光会伊豆平和病院,,
医療法人社団慈広会記念病院,静岡県,令和3年度出来高算定病院,0.0,110.0,完全一致,1.0,医療法人社団慈広会記念病院,,
成和病院,富山県,令和3年度出来高算定病院,0.0,40.0,完全一致,1.0,成和病院,,
医療法人社団桑山会丹保病院,富山県,令和3年度出来高算定病院,0.0,34.0,完全一致,1.0,医療法人社団桑山会 丹保病院,,
フジヤマ病院,静岡県,令和3年度出来高算定病院,60.0,110.0,サフィックス一致,0.9,医療法人社団鵬友会 フジヤマ病院,,
清水富士山病院,静岡県,令和3年度出来高算定病院,0.0,120.0,完全一致,1.0,清水富士山病院,,
白梅豊岡病院,静岡県,令和3年度出来高算定病院,0.0,50.0,完全一致,1.0,白梅豊岡病院,,
医療法人社団一穂会西山病院,静岡県,令和3年度出来高算定病院,0.0,158.0,完全一致,1.0,医療法人社団一穂会 西山病院,,
医療法人愛仁会名春中央病院,愛知県,令和3年度出来高算定病院,32.0,84.0,完全一致,1.0,医療法人愛仁会名春中央病院,,
医療法人杉山会すぎやま病院,愛知県,令和3年度出来高算定病院,0.0,55.0,完全一致,1.0,医療法人杉山会 すぎやま病院,,
みずほ病院,石川県,令和3年度出来高算定病院,0.0,79.0,サフィックス一致,0.9,医療法人社団 瑞穂会 みずほ病院,,
中田内科病院,石川県,令和3年度出来高算定病院,0.0,35.0,完全一致,1.0,中田内科病院,,
医療法人西大路病院,京都府,令和3年度出来高算定病院,51.0,70.0,完全一致,1.0,医療法人西大路病院,,
一般財団法人仁風会嵯峨野病院,京都府,令和3年度出来高算定病院,0.0,60.0,完全一致,1.0,一般財団法人仁風会嵯峨野病院,,
特定医療法人三青園丹後ふるさと病院,京都府,令和3年度出来高算定病院,100.0,160.0,完全一致,1.0,特定医療法人三青園丹後ふるさと病院,,
淀井病院,大阪府,令和3年度出来高算定病院,0.0,96.0,完全一致,1.0,医療法人淀井病院,,
医療法人徳洲会貝塚記念病院,大阪府,令和3年度出来高算定病院,0.0,57.0,完全一致,1.0,医療法人徳洲会　貝塚記念病院,,
医療法人貴和会生野中央病院,大阪府,令和3年度出来高算定病院,60.0,148.0,完全一致,1.0,医療法人貴和会生野中央病院,,
社会福祉法人愛誠会　南熱海病院,静岡県,令和3年度出来高算定病院,0.0,110.0,完全一致,1.0,社会福祉法人愛誠会南熱海病院,,
御殿場石川病院,静岡県,令和3年度出来高算定病院,46.0,159.0,サフィックス一致,0.9,医療法人社団 駿栄会 御殿場石川病院,,
医療法人正正会分野病院,大阪府,令和3年度出来高算定病院,52.0,100.0,完全一致,1.0,医療法人正正会分野病院,,
貴生病院,大阪府,令和3年度出来高算定病院,60.0,115.0,完全一致,1.0,貴生病院,,
明芳外科リハビリテーション病院,兵庫県,令和3年度出来高算定病院,0.0,35.0,完全一致,1.0,明芳外科リハビリテーション病院,,
医療法人信和会　めいわリハビリテーション病院,兵庫県,令和3年度出来高算定病院,0.0,153.0,サフィックス一致,0.9,めいわリハビリテーション病院,,
金田病院,兵庫県,令和3年度出来高算定病院,0.0,50.0,完全一致,1.0,金田病院,,
医療法人社団三紀会木下病院,兵庫県,令和3年度出来高算定病院,27.0,48.0,サフィックス一致,0.9,木下病院,,
医療法人泰玄会泰玄会西病院,愛知県,令和3年度出来高算定病院,0.0,81.0,完全一致,1.0,医療法人泰玄会 泰玄会西病院,,
医療法人堅田病院,滋賀県,令和3年度出来高算定病院,0.0,45.0,完全一致,1.0,医療法人堅田病院,,
医療法人社団清志会大倉記念病院,千葉県,令和3年度出来高算定病院,0.0,147.0,完全一致,1.0,医療法人社団清志会大倉記念病院,,
医療法人社団聖進会市川東病院,千葉県,令和3年度出来高算定病院,103.0,128.0,完全一致,1.0,医療法人社団聖進会市川東病院,,
医療法人社団協和会滝不動病院,千葉県,令和3年度出来高算定病院,5.0,51.0,完全一致,1.0,医療法人社団協和会滝不動病院,,
医療法人社団寿光会岬病院,千葉県,令和3年度出来高算定病院,0.0,198.0,完全一致,1.0,医療法人社団寿光会岬病院,,
医療法人美篶会中原病院,千葉県,令和3年度出来高算定病院,0.0,109.0,完全一致,1.0,医療法人美篶会中原病院,,
医療法人社団寿光会栗源病院,千葉県,令和3年度出来高算定病院,0.0,165.0,完全一致,1.0,医療法人社団寿光会栗源病院,,
医療法人慶晴会宇都宮南病院,栃木県,令和3年度出来高算定病院,33.0,57.0,完全一致,1.0,医療法人慶晴会　宇都宮南病院,,
医療法人徳真会真岡病院,栃木県,令和3年度出来高算定病院,48.0,120.0,サフィックス一致,0.9,真岡病院,,
医療法人社団有仁会糀谷病院,東京都,令和3年度出来高算定病院,0.0,88.0,完全一致,1.0,医療法人社団有仁会糀谷病院,,
社会福祉法人上宮会日暮里上宮病院,東京都,令和3年度出来高算定病院,27.0,81.0,完全一致,1.0,社会福祉法人上宮会 日暮里上宮病院,,
医療法人社団はなぶさ会島村記念病院,東京都,令和3年度出来高算定病院,46.0,90.0,完全一致,1.0,医療法人社団はなぶさ会 島村記念病院,,
医療法人社団福仁会小松川病院,東京都,令和3年度出来高算定病院,50.0,91.0,完全一致,1.0,医療法人社団福仁会小松川病院,,
医療法人社団向日葵清心会青梅今井病院,東京都,令和3年度出来高算定病院,0.0,60.0,完全一致,1.0,医療法人社団向日葵清心会 青梅今井病院,,
医療法人社団長生会長生病院,東京都,令和3年度出来高算定病院,0.0,60.0,完全一致,1.0,医療法人社団長生会 長生病院,,
医療法人彩清会清水病院,埼玉県,令和3年度出来高算定病院,0.0,60.0,完全一致,1.0,医療法人彩清会清水病院,,
医療法人社団駿心会いなげ西病院,千葉県,令和3年度出来高算定病院,0.0,80.0,完全一致,1.0,医療法人社団駿心会 いなげ西病院,,
医療法人社団慶晃会南山リハビリテーション病院,東京都,令和3年度出来高算定病院,0.0,104.0,完全一致,1.0,医療法人社団慶晃会　南山リハビリテーション病院,,
医療法人社団南浜会鈴木病院,神奈川県,令和3年度出来高算定病院,54.0,125.0,完全一致,1.0,医療法人社団南浜会鈴木病院,,
医療法人社団仁和会聖園病院,新潟県,令和3年度出来高算定病院,0.0,40.0,サフィックス一致,0.9,聖園病院,,
末広橋病院,新潟県,令和3年度出来高算定病院,0.0,195.0,完全一致,1.0,末広橋病院,,
日本歯科大学新潟病院,新潟県,令和3年度出来高算定病院,50.0,50.0,完全一致,1.0,日本歯科大学新潟病院,,
三条東病院,新潟県,令和3年度出来高算定病院,0.0,60.0,完全一致,1.0,三条東病院,,
医療法人財団同仁記念会明和病院,東京都,令和3年度出来高算定病院,0.0,50.0,完全一致,1.0,医療法人財団同仁記念会 明和病院,,
医）有仁会阿部病院,東京都,令和3年度出来高算定病院,0.0,84.0,サフィックス一致,0.9,医療法人社団有仁会 阿部病院,,
魚津病院,富山県,令和3年度出来高算定病院,0.0,58.0,完全一致,1.0,魚津病院,,
太田病院,富山県,令和3年度出来高算定病院,0.0,20.0,完全一致,1.0,太田病院,,
西野内科病院,富山県,令和3年度出来高算定病院,0.0,36.0,完全一致,1.0,西野内科病院,,
林病院,石川県,令和3年度出来高算定病院,0.0,120.0,未結合,,,,
東野病院,石川県,令和3年度出来高算定病院,11.0,42.0,完全一致,1.0,東野病院,,
池田病院,石川県,令和3年度出来高算定病院,0.0,41.0,完全一致,1.0,池田病院,,
医療法人社団野村会昭和の杜病院,東京都,令和3年度出来高算定病院,0.0,180.0,完全一致,1.0,医療法人社団 野村会 昭和の杜病院,,
医療法人社団葵会熊川病院,東京都,令和3年度出来高算定病院,0.0,96.0,完全一致,1.0,医療法人社団葵会 熊川病院,,
医療法人社団心優会野口病院,北海道,令和3年度出来高算定病院,0.0,128.0,完全一致,1.0,医療法人社団心優会 野口病院,,
医療法人社団楽生会皆川病院,北海道,令和3年度出来高算定病院,0.0,84.0,完全一致,1.0,医療法人社団楽生会皆川病院,,
新ひだか町立三石国民健康保険病院,北海道,令和3年度出来高算定病院,0.0,22.0,完全一致,1.0,新ひだか町立三石国民健康保険病院,,
社会福祉法人真宗協会帯広光南病院,北海道,令和3年度出来高算定病院,0.0,100.0,完全一致,1.0,社会福祉法人真宗協会帯広光南病院,,
医療法人社団あすなろ会帯広記念病院,北海道,令和3年度出来高算定病院,0.0,178.0,サフィックス一致,0.9,帯広記念病院,,
北見北斗病院,北海道,令和3年度出来高算定病院,0.0,75.0,完全一致,1.0,北見北斗病院,,
医療法人藤和会米沢病院,鹿児島県,令和3年度出来高算定病院,0.0,36.0,完全一致,1.0,医療法人藤和会 米沢病院,,
リハビリホスピタル三愛,鹿児島県,令和3年度出来高算定病院,0.0,40.0,完全一致,1.0,リハビリホスピタル三愛,,
医療法人内科種市病院,青森県,令和3年度出来高算定病院,0.0,42.0,完全一致,1.0,内科種市病院,,
医療法人社団髙松病院,岩手県,令和3年度出来高算定病院,40.0,95.0,完全一致,1.0,髙松病院,,
医療法人社団愛和会盛岡南病院,岩手県,令和3年度出来高算定病院,0.0,164.0,完全一致,1.0,医療法人社団愛和会 盛岡南病院,,
社団医療法人啓愛会宝陽病院,岩手県,令和3年度出来高算定病院,52.0,157.0,サフィックス一致,0.9,宝陽病院,,
医療法人仁医会（財団）釜石のぞみ病院,岩手県,令和3年度出来高算定病院,52.0,154.0,サフィックス一致,0.9,釜石のぞみ病院,,
一般財団法人佐藤病院,宮城県,令和3年度出来高算定病院,38.0,78.0,完全一致,1.0,一般財団法人佐藤病院,,
松前町立松前病院,北海道,令和3年度出来高算定病院,48.0,60.0,完全一致,1.0,松前町立松前病院,,
医療法人社団恵愛会佐々木病院,北海道,令和3年度出来高算定病院,0.0,60.0,完全一致,1.0,医療法人社団恵愛会佐々木病院,,
社団医療法人容雅会中村病院,福島県,令和3年度出来高算定病院,57.0,98.0,完全一致,1.0,社団医療法人容雅会 中村病院,,
医療法人明風会久保田病院,茨城県,令和3年度出来高算定病院,0.0,40.0,サフィックス一致,0.9,久保田病院,,
八郷整形外科内科病院,茨城県,令和3年度出来高算定病院,26.0,106.0,完全一致,1.0,八郷整形外科内科病院,,
社会福祉法人欅会旭台病院,茨城県,令和3年度出来高算定病院,0.0,60.0,完全一致,1.0,社会福祉法人欅会旭台病院,,
藤井病院,茨城県,令和3年度出来高算定病院,0.0,79.0,完全一致,1.0,藤井病院,,
宇都宮内科病院,栃木県,令和3年度出来高算定病院,0.0,89.0,完全一致,1.0,宇都宮内科病院,,
興部町国民健康保険病院,北海道,令和3年度出来高算定病院,32.0,50.0,完全一致,1.0,興部町国民健康保険病院,,
医療法人北桜会弘前メディカルセンター,青森県,令和3年度出来高算定病院,0.0,96.0,サフィックス一致,0.9,弘前メディカルセンター,,
医療法人慈啓会白澤病院,栃木県,令和3年度出来高算定病院,0.0,159.0,サフィックス一致,0.9,白澤病院,,
社団医療法人弘全会芳賀中央病院,栃木県,令和3年度出来高算定病院,34.0,74.0,サフィックス一致,0.9,芳賀中央病院,,
二之沢病院,群馬県,令和3年度出来高算定病院,0.0,120.0,完全一致,1.0,二之沢病院,,
吾妻さくら病院,群馬県,令和3年度出来高算定病院,0.0,60.0,完全一致,1.0,吾妻さくら病院,,
医療法人山育会日新病院,群馬県,令和3年度出来高算定病院,11.0,90.0,サフィックス一致,0.9,日新病院,,
医療法人社団浅野病院,埼玉県,令和3年度出来高算定病院,0.0,98.0,完全一致,1.0,医療法人社団浅野病院,,
岩切病院,宮城県,令和3年度出来高算定病院,42.0,100.0,完全一致,1.0,岩切病院,,
郡山市医療介護病院,福島県,令和3年度出来高算定病院,0.0,40.0,完全一致,1.0,郡山市医療介護病院,,
医療法人高幡会大西病院,高知県,令和3年度出来高算定病院,0.0,50.0,サフィックス一致,0.9,大西病院,,
医療法人和仁会東福岡和仁会病院,福岡県,令和3年度出来高算定病院,0.0,145.0,未結合,,,,
医療法人悠水会水城病院,福岡県,令和3年度出来高算定病院,0.0,112.0,サフィックス一致,0.9,水城病院,,
富田病院,福岡県,令和3年度出来高算定病院,13.0,71.0,完全一致,1.0,富田病院,,
宮部病院,福岡県,令和3年度出来高算定病院,0.0,44.0,完全一致,1.0,宮部病院,,
医療法人社団響会前田病院,福岡県,令和3年度出来高算定病院,0.0,98.0,完全一致,1.0,医療法人社団響会 前田病院,,
東洋病院,徳島県,令和3年度出来高算定病院,0.0,50.0,完全一致,1.0,東洋病院,,
阿南天満病院,徳島県,令和3年度出来高算定病院,0.0,42.0,完全一致,1.0,阿南天満病院,,
大野病院,佐賀県,令和3年度出来高算定病院,0.0,148.0,完全一致,1.0,大野病院,,
医療法人順天堂順天堂病院,佐賀県,令和3年度出来高算定病院,0.0,115.0,完全一致,1.0,医療法人順天堂順天堂病院,,
医療法人緑風会長崎みどり病院,長崎県,令和3年度出来高算定病院,0.0,36.0,完全一致,1.0,医療法人緑風会　長崎みどり病院,,
医療法人十全会潜竜徳田循環器科内科整形外科病院,長崎県,令和3年度出来高算定病院,0.0,44.0,完全一致,1.0,医療法人十全会　潜竜徳田循環器科内科整形外科病院,,
社会福祉法人聖嬰会イエズスの聖心病院,熊本県,令和3年度出来高算定病院,0.0,37.0,サフィックス一致,0.9,イエズスの聖心病院,,
医療法人社団悠愛会悠愛病院,熊本県,令和3年度出来高算定病院,0.0,56.0,サフィックス一致,0.9,悠愛病院,,
医療法人たんぽぽ清悠会松谷病院,高知県,令和3年度出来高算定病院,0.0,54.0,サフィックス一致,0.9,松谷病院,,
医療法人十全会早明浦病院,高知県,令和3年度出来高算定病院,0.0,50.0,サフィックス一致,0.9,早明浦病院,,
医療法人社団明心会あおば病院,熊本県,令和3年度出来高算定病院,0.0,178.0,サフィックス一致,0.9,あおば病院,,
医療法人熊本桜十字桜十字八代病院,熊本県,令和3年度出来高算定病院,0.0,74.0,サフィックス一致,0.9,桜十字八代病院,,
医療法人康生会溝部病院,熊本県,令和3年度出来高算定病院,0.0,44.0,サフィックス一致,0.9,溝部病院,,
国民健康保険天草市立河浦病院,熊本県,令和3年度出来高算定病院,31.0,66.0,完全一致,1.0,国民健康保険 天草市立 河浦病院,,
医療法人ライフサポート明和記念病院,大分県,令和3年度出来高算定病院,0.0,120.0,完全一致,1.0,医療法人ライフサポート明和記念病院,,
医療法人社団誠和会藤木病院,宮崎県,令和3年度出来高算定病院,0.0,73.0,完全一致,1.0,医療法人社団誠和会 藤木病院,,
医療法人社団愛信会小倉到津病院,福岡県,令和3年度出来高算定病院,0.0,100.0,サフィックス一致,0.9,小倉到津病院,,
医療法人至誠堂宇都宮病院,佐賀県,令和3年度出来高算定病院,0.0,48.0,サフィックス一致,0.9,宇都宮病院,,
医療法人世光会伊藤記念病院,鹿児島県,令和3年度出来高算定病院,0.0,43.0,サフィックス一致,0.9,伊藤記念病院,,
医療法人義貫会中島病院,鹿児島県,令和3年度出来高算定病院,0.0,51.0,サフィックス一致,0.9,中島病院,,
医療法人柏葉会水間病院,鹿児島県,令和3年度出来高算定病院,0.0,40.0,サフィックス一致,0.9,水間病院,,
医療法人　同仁会　札幌南病院,北海道,令和3年度出来高算定病院,0.0,100.0,完全一致,1.0,医療法人同仁会 札幌南病院,,
医療法人同仁会向陽台病院,北海道,令和3年度出来高算定病院,0.0,60.0,完全一致,1.0,医療法人同仁会向陽台病院,,
亀田花園病院,北海道,令和3年度出来高算定病院,32.0,65.0,完全一致,1.0,亀田花園病院,,
夢眠ホスピタルくまもと,熊本県,令和3年度出来高算定病院,41.0,160.0,完全一致,1.0,夢眠ホスピタルくまもと,,
医療法人啓愛会白梅病院,熊本県,令和3年度出来高算定病院,0.0,54.0,完全一致,1.0,医療法人啓愛会 白梅病院,,
医療法人宏生会　日進南病院,愛知県,令和3年度出来高算定病院,0.0,176.0,サフィックス一致,0.9,日進南病院,,
医療法人誠会山崎病院,三重県,令和3年度出来高算定病院,0.0,48.0,サフィックス一致,0.9,山崎病院,,
医療法人丹笠会丹波笠次病院,京都府,令和3年度出来高算定病院,0.0,60.0,完全一致,1.0,医療法人丹笠会丹波笠次病院,,
市立福知山市民病院大江分院,京都府,令和3年度出来高算定病院,0.0,52.0,完全一致,1.0,市立福知山市民病院大江分院,,
医療法人吉川会吉川病院,大阪府,令和3年度出来高算定病院,0.0,59.0,未結合,,,,
医療法人西中医学会西中病院,大阪府,令和3年度出来高算定病院,0.0,26.0,完全一致,1.0,医療法人西中医学会西中病院,,
医療法人社団清風会芹沢病院,静岡県,令和3年度出来高算定病院,0.0,105.0,完全一致,1.0,医療法人社団清風会芹沢病院,,
医療法人社団宝徳会小鹿病院,静岡県,令和3年度出来高算定病院,0.0,148.0,完全一致,1.0,医療法人社団宝徳会 小鹿病院,,
医療法人桂信会羽原病院,大阪府,令和3年度出来高算定病院,35.0,70.0,完全一致,1.0,医療法人桂信会羽原病院,,
医療法人仁悠会辻野病院,大阪府,令和3年度出来高算定病院,0.0,30.0,完全一致,1.0,医療法人仁悠会辻野病院,,
医療法人優輝会和泉南病院,大阪府,令和3年度出来高算定病院,0.0,112.0,サフィックス一致,0.9,和泉南病院,,
平野東図書館前病院,大阪府,令和3年度出来高算定病院,0.0,51.0,サフィックス一致,0.9,社会医療法人三宝会平野東図書館前病院,,
タマダ病院,大阪府,令和3年度出来高算定病院,0.0,60.0,完全一致,1.0,タマダ病院,,
共立会病院,兵庫県,令和3年度出来高算定病院,0.0,100.0,完全一致,1.0,共立会病院,,
医療法人宏徳会安藤病院,愛知県,令和3年度出来高算定病院,0.0,110.0,完全一致,1.0,医療法人宏徳会安藤病院,,
医療法人永仁会さとう病院,愛知県,令和3年度出来高算定病院,0.0,99.0,完全一致,1.0,医療法人永仁会 さとう病院,,
高陽中央病院,広島県,令和3年度出来高算定病院,0.0,55.0,完全一致,1.0,高陽中央病院,,
医療法人社団初仁会桧田病院,広島県,令和3年度出来高算定病院,0.0,114.0,完全一致,1.0,医療法人社団初仁会 桧田病院,,
医療法人広和会　福馬病院,広島県,令和3年度出来高算定病院,0.0,44.0,完全一致,1.0,医療法人広和会　福馬病院,,
庄原同仁病院,広島県,令和3年度出来高算定病院,0.0,60.0,完全一致,1.0,庄原同仁病院,,
下松病院,山口県,令和3年度出来高算定病院,0.0,51.0,完全一致,1.0,下松病院,,
医療法人社団長明会長沢病院,山口県,令和3年度出来高算定病院,0.0,60.0,サフィックス一致,0.9,長沢病院,,
医療法人ダイワ会大和中央病院,大阪府,令和3年度出来高算定病院,35.0,165.0,完全一致,1.0,医療法人ダイワ会大和中央病院,,
医療法人健昭会なにわ病院,大阪府,令和3年度出来高算定病院,0.0,140.0,サフィックス一致,0.9,なにわ病院,,
横山病院,愛媛県,令和3年度出来高算定病院,0.0,36.0,完全一致,1.0,横山病院,,
愛南町国保一本松病院,愛媛県,令和3年度出来高算定病院,0.0,60.0,完全一致,1.0,愛南町国保一本松病院,,
医療法人厚愛会高知城東病院,高知県,令和3年度出来高算定病院,0.0,60.0,サフィックス一致,0.9,高知城東病院,,
医療法人悠仁会高橋病院,高知県,令和3年度出来高算定病院,0.0,29.0,サフィックス一致,0.9,高橋病院,,
医療法人島本慈愛会島本病院,高知県,令和3年度出来高算定病院,0.0,120.0,サフィックス一致,0.9,島本病院,,
医療法人防治会きんろう病院,高知県,令和3年度出来高算定病院,0.0,101.0,サフィックス一致,0.9,きんろう病院,,
ひかわ医療生活協同組合斐川生協病院,島根県,令和3年度出来高算定病院,0.0,120.0,サフィックス一致,0.9,斐川生協病院,,
公益財団法人弘仁会玉島病院,岡山県,令和3年度出来高算定病院,0.0,60.0,完全一致,1.0,公益財団法人 弘仁会 玉島病院,,
一般財団法人ひふみ会まちだ丘の上病院,東京都,令和3年度出来高算定病院,0.0,78.0,完全一致,1.0,一般財団法人ひふみ会 まちだ丘の上病院,,
医療法人社団好仁会滝山病院,東京都,令和3年度出来高算定病院,72.0,132.0,完全一致,1.0,医療法人社団好仁会 滝山病院,,
医療法人社団葵会西多摩病院,東京都,令和3年度出来高算定病院,0.0,120.0,完全一致,1.0,医療法人社団葵会 西多摩病院,,
森山病院,神奈川県,令和3年度出来高算定病院,0.0,60.0,完全一致,1.0,森山病院,,
湯河原胃腸病院,神奈川県,令和3年度出来高算定病院,58.0,108.0,完全一致,1.0,湯河原胃腸病院,,
医療法人徳洲会清川病院,神奈川県,令和3年度出来高算定病院,89.0,198.0,完全一致,1.0,医療法人徳洲会 清川病院,,
医療法人社団清湘会清湘会東砂病院,東京都,令和3年度出来高算定病院,0.0,91.0,サフィックス一致,0.9,清湘会東砂病院,,
医療法人社団回心会回心堂病院,東京都,令和3年度出来高算定病院,0.0,137.0,完全一致,1.0,医療法人社団回心会 回心堂病院,,
医療法人社団若葉会つづき病院,神奈川県,令和3年度出来高算定病院,0.0,123.0,完全一致,1.0,医療法人社団若葉会 つづき病院,,
医療法人社団神愛会オアシス湘南病院,神奈川県,令和3年度出来高算定病院,0.0,158.0,完全一致,1.0,医療法人社団神愛会オアシス湘南病院,,
医療法人社団育成会鹿島田病院,神奈川県,令和3年度出来高算定病院,0.0,98.0,完全一致,1.0,医療法人社団育成会 鹿島田病院,,
長岡保養園,新潟県,令和3年度出来高算定病院,0.0,148.0,完全一致,1.0,長岡保養園,,
社会福祉法人長岡福祉協会小千谷さくら病院,新潟県,令和3年度出来高算定病院,0.0,170.0,サフィックス一致,0.9,小千谷さくら病院,,
三輪病院,富山県,令和3年度出来高算定病院,0.0,191.0,完全一致,1.0,三輪病院,,
医療法人社団純正会八王子北部病院,東京都,令和3年度出来高算定病院,0.0,172.0,完全一致,1.0,医療法人社団純正会 八王子北部病院,,
医療法人社団葵会AOI八王子病院,東京都,令和3年度出来高算定病院,0.0,198.0,サフィックス一致,0.9,AOI八王子病院,,
となみ三輪病院,富山県,令和3年度出来高算定病院,0.0,50.0,完全一致,1.0,となみ三輪病院,,
公益社団法人石川勤労者医療協会寺井病院,石川県,令和3年度出来高算定病院,0.0,55.0,サフィックス一致,0.9,寺井病院,,
伊部病院,福井県,令和3年度出来高算定病院,0.0,23.0,サフィックス一致,0.9,医療法人 倉伊会 伊部病院,,
医療法人社団高原会高原病院,山梨県,令和3年度出来高算定病院,0.0,42.0,サフィックス一致,0.9,高原病院,,
朝日ながの病院,長野県,令和3年度出来高算定病院,0.0,161.0,完全一致,1.0,朝日ながの病院,,
伊豆韮山温泉病院,静岡県,令和3年度出来高算定病院,0.0,100.0,完全一致,1.0,伊豆韮山温泉病院,,
医療法人社団湘南シルバーサポート湘南長寿園病院,神奈川県,令和3年度出来高算定病院,0.0,120.0,サフィックス一致,0.9,湘南長寿園病院,,
医療法人愛生会三ツ境病院,神奈川県,令和3年度出来高算定病院,10.0,22.0,完全一致,1.0,医療法人 愛生会 三ツ境病院,,
北斗わかば病院,静岡県,令和3年度出来高算定病院,0.0,142.0,サフィックス一致,0.9,医療法人社団三誠会 北斗わかば病院,,
医療法人大町会和田内科病院,愛知県,令和3年度出来高算定病院,31.0,78.0,サフィックス一致,0.9,和田内科病院,,
ブラザー記念病院,愛知県,令和3年度出来高算定病院,30.0,59.0,完全一致,1.0,ブラザー記念病院,,
医療法人豊岡会豊橋元町病院,愛知県,令和3年度出来高算定病院,0.0,165.0,完全一致,1.0,医療法人豊岡会 豊橋元町病院,,
国府病院,愛知県,令和3年度出来高算定病院,0.0,46.0,完全一致,1.0,国府病院,,
医療法人聖俊会樋口病院,愛知県,令和3年度出来高算定病院,0.0,43.0,完全一致,1.0,医療法人聖俊会 樋口病院,,
おおやま病院,富山県,令和3年度出来高算定病院,0.0,48.0,完全一致,1.0,おおやま病院,,
佐伯病院,富山県,令和3年度出来高算定病院,0.0,41.0,完全一致,1.0,佐伯病院,,
医療法人社団翔嶺館十勝の杜病院,北海道,令和3年度出来高算定病院,0.0,110.0,完全一致,1.0,医療法人社団翔嶺館十勝の杜病院,,
奈井江町立国民健康保険病院,北海道,令和3年度出来高算定病院,0.0,50.0,完全一致,1.0,奈井江町立国民健康保険病院,,
医療法人社団赤石会赤石病院,宮城県,令和3年度出来高算定病院,51.0,79.0,完全一致,1.0,医療法人社団赤石会 赤石病院,,
細谷病院,秋田県,令和3年度出来高算定病院,0.0,107.0,サフィックス一致,0.9,医療法人梅栄会 細谷病院,,
社会医療法人明和会大曲中通病院,秋田県,令和3年度出来高算定病院,30.0,106.0,完全一致,1.0,社会医療法人明和会 大曲中通病院,,
医療法人福島アフターケア協会大河内記念病院,福島県,令和3年度出来高算定病院,0.0,90.0,完全一致,1.0,医療法人福島アフターケア協会 大河内記念病院,,
公益社団法人出水郡医師会立第二病院,鹿児島県,令和3年度出来高算定病院,0.0,57.0,完全一致,1.0,出水郡医師会立第二病院,,
医療法人 大平会 嶺井第二病院まちなと,沖縄県,令和3年度出来高算定病院,0.0,168.0,完全一致,1.0,医療法人大平会嶺井第二病院まちなと,,
医療法人愛正会やすらぎの丘温泉病院,茨城県,令和3年度出来高算定病院,41.0,154.0,サフィックス一致,0.9,やすらぎの丘温泉病院,,
医療法人社団春日部さくら病院,埼玉県,令和3年度出来高算定病院,0.0,50.0,完全一致,1.0,医療法人社団春日部さくら病院,,
医療法人光仁会南部厚生病院,埼玉県,令和3年度出来高算定病院,0.0,138.0,完全一致,1.0,医療法人光仁会南部厚生病院,,
医療法人社団　聖心会　湖街ホスピタル,埼玉県,令和3年度出来高算定病院,51.0,158.0,完全一致,1.0,医療法人社団聖心会　湖街ホスピタル,,
医療法人社団明雄会北所沢病院,埼玉県,令和3年度出来高算定病院,0.0,131.0,完全一致,1.0,医療法人社団明雄会北所沢病院,,
医療法人社団寿会吉沢病院,埼玉県,令和3年度出来高算定病院,0.0,91.0,完全一致,1.0,医療法人社団寿会吉沢病院,,
医療法人太平洋記念みなみ病院,北海道,令和3年度出来高算定病院,0.0,80.0,完全一致,1.0,医療法人太平洋記念みなみ病院,,
釧路第一病院,北海道,令和3年度出来高算定病院,0.0,82.0,サフィックス一致,0.9,医療法人社団美生会釧路第一病院,,
医療法人社団鎮誠会令和リハビリテーション病院,千葉県,令和3年度出来高算定病院,0.0,132.0,完全一致,1.0,医療法人社団鎮誠会令和リハビリテーション病院,,
医療法人社団健老会姉崎病院,千葉県,令和3年度出来高算定病院,0.0,99.0,完全一致,1.0,医療法人社団健老会姉崎病院,,
医療法人財団みさき会たむら記念病院,千葉県,令和3年度出来高算定病院,55.0,152.0,完全一致,1.0,医療法人財団みさき会たむら記念病院,,
医療法人社団福聚会東葛飾病院,千葉県,令和3年度出来高算定病院,0.0,99.0,完全一致,1.0,医療法人社団福聚会東葛飾病院,,
医療法人社団ときわ会常盤平中央病院,千葉県,令和3年度出来高算定病院,0.0,54.0,完全一致,1.0,医療法人社団ときわ会常盤平中央病院,,
医療法人社団優仁会鈴木神経科病院,千葉県,令和3年度出来高算定病院,0.0,137.0,完全一致,1.0,医療法人社団優仁会鈴木神経科病院,,
長春館病院,福島県,令和3年度出来高算定病院,0.0,168.0,完全一致,1.0,長春館病院,,
医療法人明翔会みと南ヶ丘病院,茨城県,令和3年度出来高算定病院,0.0,48.0,サフィックス一致,0.9,みと南ヶ丘病院,,
医療法人社団回心会ロイヤル病院,東京都,令和3年度出来高算定病院,0.0,198.0,完全一致,1.0,医療法人社団回心会ロイヤル病院,,
おうちにかえろう病院,東京都,令和3年度出来高算定病院,0.0,120.0,完全一致,1.0,おうちにかえろう病院,,
医療法人社団さくら景星会桜台病院,東京都,令和3年度出来高算定病院,0.0,88.0,完全一致,1.0,医療法人社団 さくら景星会 桜台病院,,
医療社団法人純正会東大泉病院,東京都,令和3年度出来高算定病院,0.0,86.0,サフィックス一致,0.9,医療法人社団純正会 東大泉病院,,
医療法人社団育陽会練馬さくら病院,東京都,令和3年度出来高算定病院,0.0,168.0,完全一致,1.0,医療法人社団育陽会 練馬さくら病院,,
足立十全病院,東京都,令和3年度出来高算定病院,0.0,110.0,完全一致,1.0,足立十全病院,,
堀中病院,埼玉県,令和3年度出来高算定病院,48.0,95.0,サフィックス一致,0.9,医療法人幸仁会堀中病院,,
医療法人緑栄会三愛記念病院,千葉県,令和3年度出来高算定病院,60.0,180.0,完全一致,1.0,医療法人緑栄会 三愛記念病院,,
医療法人東和会小林病院,広島県,令和3年度出来高算定病院,0.0,60.0,完全一致,1.0,医療法人東和会 小林病院,,
医療法人社団親和会やまと病院,広島県,令和3年度出来高算定病院,0.0,50.0,完全一致,1.0,医療法人社団親和会やまと病院,,
広島県立総合リハビリテーションセンター　医療センター,広島県,令和3年度出来高算定病院,60.0,340.0,完全一致,1.0,広島県立総合リハビリテーションセンター医療センター,,
廿日市野村病院,広島県,令和3年度出来高算定病院,0.0,102.0,完全一致,1.0,廿日市野村病院,,
医療法人社団慶寿会千代田中央病院,広島県,令和3年度出来高算定病院,50.0,110.0,完全一致,1.0,医療法人社団慶寿会千代田中央病院,,
医療法人社団仁清会康成病院,広島県,令和3年度出来高算定病院,0.0,74.0,サフィックス一致,0.9,康成病院,,
医療法人岸本病院,京都府,令和3年度出来高算定病院,0.0,40.0,完全一致,1.0,医療法人岸本病院,,
医療法人博我会滝谷病院,大阪府,令和3年度出来高算定病院,0.0,93.0,完全一致,1.0,医療法人博我会滝谷病院,,
医療法人和光会木俵病院,高知県,令和3年度出来高算定病院,0.0,42.0,サフィックス一致,0.9,木俵病院,,
医療法人日新会久留米記念病院,福岡県,令和3年度出来高算定病院,0.0,160.0,完全一致,1.0,医療法人日新会 久留米記念病院,,
医療法人　くさかべ病院,福岡県,令和3年度出来高算定病院,30.0,120.0,完全一致,1.0,医療法人くさかべ病院,,
医療法人公和会　横須賀病院,佐賀県,令和3年度出来高算定病院,30.0,90.0,完全一致,1.0,医療法人公和会　横須賀病院,,
医療法人長愛会菊地病院,長崎県,令和3年度出来高算定病院,0.0,48.0,完全一致,1.0,医療法人長愛会　菊地病院,,
万江病院,熊本県,令和3年度出来高算定病院,0.0,60.0,完全一致,1.0,万江病院,,
山田病院,兵庫県,令和3年度出来高算定病院,0.0,36.0,完全一致,1.0,山田病院,,
一般財団法人淳風会淳風会ロングライフホスピタル,岡山県,令和3年度出来高算定病院,0.0,60.0,完全一致,1.0,一般財団法人淳風会 淳風会ロングライフホスピタル,,
医療法人凱風会織部病院,大分県,令和3年度出来高算定病院,36.0,36.0,サフィックス一致,0.9,織部病院,,
医療法人豊堂岩尾整形外科病院,大分県,令和3年度出来高算定病院,46.0,60.0,完全一致,1.0,医療法人豊堂岩尾整形外科病院,,
医療法人社団尚成会近間病院,宮崎県,令和3年度出来高算定病院,0.0,50.0,完全一致,1.0,医療法人社団尚成会 近間病院,,
医療法人昭和会黒瀬病院,宮崎県,令和3年度出来高算定病院,0.0,42.0,サフィックス一致,0.9,黒瀬病院,,
医療法人中心会野村病院,宮崎県,令和3年度出来高算定病院,0.0,65.0,完全一致,1.0,医療法人中心会 野村病院,,
医療法人愛人会川島病院,鹿児島県,令和3年度出来高算定病院,0.0,40.0,サフィックス一致,0.9,川島病院,,
医療法人社団増原会東城病院,広島県,令和3年度出来高算定病院,0.0,50.0,完全一致,1.0,医療法人社団増原会東城病院,,
医療法人社団有史会高畠病院,香川県,令和3年度出来高算定病院,0.0,98.0,完全一致,1.0,医療法人社団有史会高畠病院,,
医療法人社団翔嶺館札幌優翔館病院,北海道,令和3年度出来高算定病院,38.0,134.0,完全一致,1.0,医療法人社団翔嶺館 札幌優翔館病院,,
医療法人社団明日佳桜台明日佳病院,北海道,令和3年度出来高算定病院,0.0,199.0,完全一致,1.0,医療法人社団明日佳 桜台明日佳病院,,
医療法人菊郷会石橋胃腸病院,北海道,令和3年度出来高算定病院,0.0,106.0,完全一致,1.0,医療法人菊郷会 石橋胃腸病院,,
医療法人社団創成旭川南病院,北海道,令和3年度出来高算定病院,0.0,70.0,完全一致,1.0,医療法人社団創成旭川南病院,,
医療法人社団恩和会旭川高砂台病院,北海道,令和3年度出来高算定病院,0.0,104.0,完全一致,1.0,医療法人社団恩和会旭川高砂台病院,,
医療法人社団上田病院,北海道,令和3年度出来高算定病院,0.0,120.0,完全一致,1.0,医療法人社団上田病院,,
医療法人愛生会くまもと温石病院,熊本県,令和3年度出来高算定病院,0.0,103.0,サフィックス一致,0.9,くまもと温石病院,,
医療法人誠心会東病院,熊本県,令和3年度出来高算定病院,0.0,54.0,完全一致,1.0,誠心会東病院,,
光南病院,栃木県,令和3年度出来高算定病院,95.0,155.0,完全一致,1.0,光南病院,,
医療法人積心会富沢病院,群馬県,令和3年度出来高算定病院,36.0,80.0,完全一致,1.0,医療法人積心会 富沢病院,,
医療法人今井病院,埼玉県,令和3年度出来高算定病院,0.0,37.0,完全一致,1.0,医療法人今井病院,,
医療法人熊谷福島病院,埼玉県,令和3年度出来高算定病院,0.0,93.0,完全一致,1.0,熊谷福島病院,,
医療法人黒潮会田辺病院,千葉県,令和3年度出来高算定病院,0.0,45.0,完全一致,1.0,医療法人黒潮会田辺病院,,
医療法人社団福秀会浦安高柳病院,千葉県,令和3年度出来高算定病院,0.0,60.0,完全一致,1.0,医療法人社団福秀会浦安高柳病院,,
医療法人社団西の里恵仁会病院,北海道,令和3年度出来高算定病院,0.0,156.0,完全一致,1.0,医療法人社団西の里恵仁会病院,,
医療法人社団三ツ山病院,北海道,令和3年度出来高算定病院,0.0,81.0,完全一致,1.0,医療法人社団 三ツ山病院,,
医療法人社団崎陽会日の出ヶ丘病院,東京都,令和3年度出来高算定病院,0.0,154.0,未結合,,,,
医療法人社団久遠会　みずほ病院,東京都,令和3年度出来高算定病院,0.0,113.0,完全一致,1.0,医療法人社団 久遠会 みずほ病院,,
医療法人財団額田記念会額田記念病院,神奈川県,令和3年度出来高算定病院,0.0,58.0,完全一致,1.0,医療法人財団 額田記念会 額田記念病院,,
中村病院,神奈川県,令和3年度出来高算定病院,0.0,44.0,完全一致,1.0,中村病院,,
医療法人裕徳会よこはま港南台地域包括ケア病院,神奈川県,令和3年度出来高算定病院,0.0,120.0,完全一致,1.0,医療法人裕徳会　よこはま港南台地域包括ケア病院,,
医療法人社団鵬友会新中川病院,神奈川県,令和3年度出来高算定病院,0.0,152.0,サフィックス一致,0.9,新中川病院,,
医療法人回生堂しのぶ病院,福島県,令和3年度出来高算定病院,50.0,98.0,サフィックス一致,0.9,しのぶ病院,,
医療法人敬愛会小山厚生病院,栃木県,令和3年度出来高算定病院,0.0,53.0,サフィックス一致,0.9,小山厚生病院,,
医療法人共和会塩田病院,長野県,令和3年度出来高算定病院,0.0,47.0,完全一致,1.0,医療法人共和会塩田病院,,
医療法人社団真養会きせがわ病院,静岡県,令和3年度出来高算定病院,0.0,87.0,完全一致,1.0,医療法人社団真養会 きせがわ病院,,
医療法人親和会富田病院,愛知県,令和3年度出来高算定病院,0.0,60.0,完全一致,1.0,医療法人親和会 富田病院,,
医療法人宏生会高森台病院,愛知県,令和3年度出来高算定病院,0.0,160.0,サフィックス一致,0.9,高森台病院,,
船入病院,愛知県,令和3年度出来高算定病院,0.0,66.0,完全一致,1.0,船入病院,,
びわこ学園医療福祉センター野洲,滋賀県,令和3年度出来高算定病院,0.0,143.0,完全一致,1.0,びわこ学園医療福祉センター野洲,,
医療法人川崎病院,千葉県,令和3年度出来高算定病院,0.0,26.0,完全一致,1.0,医療法人川崎病院,,
医療法人社団美誠会板橋宮本病院,東京都,令和3年度出来高算定病院,0.0,180.0,完全一致,1.0,医療法人社団美誠会 板橋宮本病院,,
地方独立行政法人大阪府立病院機構大阪精神医療センター,大阪府,令和3年度出来高算定病院,0.0,461.0,未結合,,,,
医療法人義方会大津病院,大阪府,令和3年度出来高算定病院,0.0,60.0,完全一致,1.0,医療法人義方会大津病院,,
医療法人博我会高石病院,大阪府,令和3年度出来高算定病院,0.0,88.0,完全一致,1.0,医療法人博我会高石病院,,
医療法人貴医会貴島中央病院,大阪府,令和3年度出来高算定病院,62.0,99.0,完全一致,1.0,医療法人貴医会貴島中央病院,,
神崎病院,兵庫県,令和3年度出来高算定病院,0.0,57.0,完全一致,1.0,神崎病院,,
九十九記念病院,兵庫県,令和3年度出来高算定病院,0.0,65.0,完全一致,1.0,九十九記念病院,,
医療法人社団いずみ会いま泉病院,富山県,令和3年度出来高算定病院,0.0,109.0,サフィックス一致,0.9,いま泉病院,,
萩野病院,富山県,令和3年度出来高算定病院,0.0,39.0,完全一致,1.0,萩野病院,,
医療法人日新会稲永病院,福岡県,令和2年度出来高算定病院,0.0,160.0,完全一致,1.0,医療法人日新会 稲永病院,,
聖ヨハネ病院,福岡県,令和2年度出来高算定病院,0.0,39.0,サフィックス一致,0.9,医療法人はるか 聖ヨハネ病院,,
医療法人社団真仁会境野病院,佐賀県,令和2年度出来高算定病院,0.0,37.0,完全一致,1.0,医療法人　真仁会　境野病院,,
佐世保国際通り病院,長崎県,令和2年度出来高算定病院,0.0,94.0,完全一致,1.0,佐世保国際通り病院,,
医療法人出田会出田眼科病院,熊本県,令和2年度出来高算定病院,35.0,35.0,サフィックス一致,0.9,出田眼科病院,,
社会医療法人関愛会大東よつば病院,大分県,令和2年度出来高算定病院,0.0,45.0,完全一致,1.0,社会医療法人関愛会　大東よつば病院,,
医療法人社団斐庵会わしだ病院,兵庫県,令和2年度出来高算定病院,0.0,61.0,完全一致,1.0,医療法人社団斐庵会わしだ病院,,
医療法人療明会半羽胃腸病院,和歌山県,令和2年度出来高算定病院,0.0,51.0,サフィックス一致,0.9,半羽胃腸病院,,
春光会記念病院,宮崎県,令和2年度出来高算定病院,52.0,107.0,完全一致,1.0,春光会記念病院,,
医療法人昭仁会北野病院,埼玉県,令和2年度出来高算定病院,0.0,148.0,サフィックス一致,0.9,北野病院,,
菅沼病院,長野県,令和2年度出来高算定病院,0.0,22.0,完全一致,1.0,菅沼病院,,
医療法人安正会安井病院,愛知県,令和2年度出来高算定病院,16.0,38.0,完全一致,1.0,医療法人安正会 安井病院,,
医療法人山武会岡崎南病院,愛知県,令和2年度出来高算定病院,60.0,132.0,サフィックス一致,0.9,岡崎南病院,,
小島病院,佐賀県,令和2年度出来高算定病院,0.0,70.0,完全一致,1.0,小島病院,,
医療法人社団宗正会東福間病院,福岡県,令和2年度出来高算定病院,0.0,51.0,未結合,,,,
医療法人敬天会武田病院,福岡県,令和2年度出来高算定病院,0.0,118.0,完全一致,1.0,医療法人敬天会 武田病院,,
医療法人祥仁会　西諫早病院,長崎県,令和3年度出来高算定病院,0.0,63.0,完全一致,1.0,医療法人祥仁会　西諫早病院,,
医療法人慈心会あびこ病院,大阪府,令和3年度出来高算定病院,43.0,135.0,完全一致,1.0,医療法人慈心会あびこ病院,,
特定医療法人新生病院,長野県,令和3年度出来高算定病院,0.0,155.0,完全一致,1.0,特定医療法人新生病院,,
医療法人社団総生会麻生総合病院,神奈川県,令和3年度出来高算定病院,55.0,199.0,完全一致,1.0,医療法人社団総生会 麻生総合病院,,
医療法人弘愛会弘愛会病院,青森県,令和3年度出来高算定病院,37.0,84.0,サフィックス一致,0.9,弘愛会病院,,
社会医療法人財団白十字会白十字リハビリテーション病院,福岡県,令和3年度出来高算定病院,0.0,160.0,完全一致,1.0,社会医療法人財団白十字会白十字リハビリテーション病院,,
医療法人清陵会隅病院,宮崎県,令和2年度出来高算定病院,21.0,41.0,完全一致,1.0,医療法人清陵会隅病院,,
医療法人社団杉杏会杉本病院,宮崎県,令和2年度出来高算定病院,0.0,26.0,サフィックス一致,0.9,杉本病院,,
医療法人社団敬愛会白樺台病院,北海道,令和3年度出来高算定病院,0.0,108.0,完全一致,1.0,医療法人社団敬愛会白樺台病院,,
斜里町国民健康保険病院,北海道,令和3年度出来高算定病院,55.0,95.0,完全一致,1.0,斜里町国民健康保険病院,,
医療法人社団幾生会南そらち記念病院,北海道,令和3年度出来高算定病院,0.0,93.0,完全一致,1.0,医療法人社団幾生会 南そらち記念病院,,
医療法人社団心優会留萌記念病院,北海道,令和3年度出来高算定病院,0.0,117.0,完全一致,1.0,医療法人社団心優会留萌記念病院,,
医療法人同仁会浪打病院,青森県,令和3年度出来高算定病院,22.0,69.0,完全一致,1.0,医療法人同仁会 浪打病院,,
医療法人盟陽会泉ヶ丘クリニック,宮城県,令和3年度出来高算定病院,38.0,98.0,サフィックス一致,0.9,泉ヶ丘クリニック,,
森都病院,福岡県,令和2年度出来高算定病院,0.0,60.0,完全一致,1.0,森都病院,,
神代病院,福岡県,令和3年度出来高算定病院,6.0,100.0,完全一致,1.0,神代病院,,
リハビリテーション翼の舎病院,栃木県,令和2年度出来高算定病院,0.0,100.0,完全一致,1.0,リハビリテーション翼の舎病院,,
医療法人十薬会上大類病院,群馬県,令和2年度出来高算定病院,9.0,25.0,完全一致,1.0,医療法人十薬会上大類病院,,
医療法人社団心志会本庄駅前病院,埼玉県,令和2年度出来高算定病院,39.0,75.0,サフィックス一致,0.9,本庄駅前病院,,
医療法人財団圭友会小原病院,東京都,令和2年度出来高算定病院,0.0,120.0,完全一致,1.0,医療法人財団圭友会小原病院,,
医療法人社団美誠会荒川病院,東京都,令和2年度出来高算定病院,0.0,153.0,完全一致,1.0,医療法人社団美誠会 荒川病院,,
医療法人社団田島厚生会舟渡病院,東京都,令和2年度出来高算定病院,0.0,40.0,完全一致,1.0,医療法人社団田島厚生会舟渡病院,,
医療法人敬愛会中江病院,鹿児島県,令和2年度出来高算定病院,0.0,89.0,サフィックス一致,0.9,中江病院,,
上町いまきいれ病院,鹿児島県,令和2年度出来高算定病院,0.0,100.0,完全一致,1.0,上町いまきいれ病院,,
自衛隊横須賀病院,神奈川県,令和2年度出来高算定病院,100.0,100.0,完全一致,1.0,自衛隊横須賀病院,,
医療法人新光会村上記念病院,新潟県,令和2年度出来高算定病院,0.0,60.0,サフィックス一致,0.9,村上記念病院,,
医療法人社団基伸会栗山病院,富山県,令和2年度出来高算定病院,0.0,43.0,サフィックス一致,0.9,栗山病院,,
清幸会島田病院,富山県,令和2年度出来高算定病院,0.0,90.0,完全一致,1.0,清幸会島田病院,,
医療法人社団平成会桜井病院,富山県,令和2年度出来高算定病院,0.0,120.0,完全一致,1.0,医療法人社団平成会 桜井病院,,
医療法人社団新風会丸山病院,静岡県,令和2年度出来高算定病院,0.0,58.0,完全一致,1.0,医療法人社団新風会丸山病院,,
医療法人清真会丹野病院,茨城県,令和2年度出来高算定病院,60.0,120.0,完全一致,1.0,医療法人清真会丹野病院,,
長﨑病院,栃木県,令和2年度出来高算定病院,34.0,80.0,完全一致,1.0,長﨑病院,,
社会医療法人誠光会淡海ふれあい病院,滋賀県,令和2年度出来高算定病院,0.0,199.0,完全一致,1.0,社会医療法人誠光会淡海ふれあい病院,,
医療法人財団今井会足立病院,京都府,令和2年度出来高算定病院,51.0,51.0,未結合,,,,
医療法人華之会箕面中央病院,大阪府,令和2年度出来高算定病院,0.0,74.0,完全一致,1.0,医療法人華之会箕面中央病院,,
北大阪医療生活協同組合照葉の里箕面病院,大阪府,令和2年度出来高算定病院,0.0,199.0,完全一致,1.0,北大阪医療生活協同組合照葉の里箕面病院,,
医療法人社団栄徳会宝塚磯病院,兵庫県,令和2年度出来高算定病院,0.0,160.0,サフィックス一致,0.9,宝塚磯病院,,
医療法人社団弘成会明海病院,兵庫県,令和2年度出来高算定病院,0.0,60.0,完全一致,1.0,医療法人社団弘成会 明海病院,,
医療法人社団厚潤会　日野駅前病院,東京都,令和2年度出来高算定病院,70.0,70.0,完全一致,1.0,医療法人社団厚潤会 日野駅前病院,,
医療法人赤枝会赤枝病院,神奈川県,令和2年度出来高算定病院,0.0,199.0,完全一致,1.0,医療法人 赤枝会 赤枝病院,,
今村病院,和歌山県,令和2年度出来高算定病院,28.0,52.0,完全一致,1.0,今村病院,,
ふたば病院,広島県,令和2年度出来高算定病院,0.0,186.0,未結合,,,,
馬場病院,広島県,令和2年度出来高算定病院,32.0,80.0,完全一致,1.0,馬場病院,,
一般財団法人広島結核予防協会住吉浜病院,広島県,令和2年度出来高算定病院,0.0,35.0,完全一致,1.0,一般財団法人 広島結核予防協会 住吉浜病院,,
リバーサイドのぞみ病院,徳島県,令和2年度出来高算定病院,0.0,40.0,完全一致,1.0,リバｰサイドのぞみ病院,,
南国病院,高知県,令和2年度出来高算定病院,0.0,162.0,完全一致,1.0,南国病院,,
平安の森記念病院,静岡県,令和2年度出来高算定病院,0.0,118.0,完全一致,1.0,平安の森記念病院,,
医療法人博報会いのこし病院,愛知県,令和2年度出来高算定病院,0.0,52.0,完全一致,1.0,医療法人博報会 いのこし病院,,
医療法人愛泉会愛泉会病院,大阪府,令和2年度出来高算定病院,60.0,150.0,完全一致,1.0,医療法人愛泉会愛泉会病院,,
社会医療法人東和会　東和会いばらき病院,大阪府,令和2年度出来高算定病院,0.0,43.0,完全一致,1.0,医療法人東和会東和会いばらき病院,,
医療法人社団南淡千遙会南淡路病院,兵庫県,令和2年度出来高算定病院,0.0,145.0,サフィックス一致,0.9,南淡路病院,,
医療法人久仁会明石同仁病院,兵庫県,令和2年度出来高算定病院,0.0,99.0,完全一致,1.0,医療法人久仁会 明石同仁病院,,
医療法人社団栄徳会加古川磯病院,兵庫県,令和2年度出来高算定病院,0.0,194.0,サフィックス一致,0.9,加古川磯病院,,
医療法人櫻仁会赤穂記念病院,兵庫県,令和2年度出来高算定病院,0.0,114.0,サフィックス一致,0.9,赤穂記念病院,,
医療法人社団慈誠会慈誠会前野病院,東京都,令和2年度出来高算定病院,0.0,108.0,完全一致,1.0,医療法人社団慈誠会 慈誠会前野病院,,
医療法人社団美誠会足立北病院,東京都,令和2年度出来高算定病院,0.0,112.0,完全一致,1.0,医療法人社団美誠会足立北病院,,
医療法人博愛会山口博愛病院,山口県,令和2年度出来高算定病院,53.0,98.0,サフィックス一致,0.9,山口博愛病院,,
鈴江病院,徳島県,令和2年度出来高算定病院,0.0,42.0,完全一致,1.0,鈴江病院,,
医療法人すこやか林病院,徳島県,令和2年度出来高算定病院,0.0,80.0,未結合,,,,
稲山病院,徳島県,令和2年度出来高算定病院,40.0,70.0,完全一致,1.0,稲山病院,,
人工透析センター宮野病院,香川県,令和2年度出来高算定病院,0.0,52.0,完全一致,1.0,人工透析センター 宮野病院,,
平田病院,高知県,令和2年度出来高算定病院,0.0,24.0,完全一致,1.0,平田病院,,
医療法人社団秀林会吉見病院,富山県,令和2年度出来高算定病院,0.0,40.0,サフィックス一致,0.9,吉見病院,,
医療法人宝山会小南記念病院,大阪府,令和2年度出来高算定病院,26.0,138.0,完全一致,1.0,医療法人宝山会小南記念病院,,
医療法人醇和会有島病院,佐賀県,令和2年度出来高算定病院,0.0,60.0,サフィックス一致,0.9,有島病院,,
中澤病院,長崎県,令和2年度出来高算定病院,0.0,160.0,完全一致,1.0,中澤病院,,
山口病院,熊本県,令和2年度出来高算定病院,0.0,51.0,完全一致,1.0,山口病院,,
医療法人社団高信会辰元病院,宮崎県,令和2年度出来高算定病院,0.0,38.0,サフィックス一致,0.9,辰元病院,,
医療法人友愛会野尻中央病院,宮崎県,令和2年度出来高算定病院,0.0,80.0,完全一致,1.0,医療法人友愛会野尻中央病院,,
医療法人社団慶城会瀧井病院,宮崎県,令和2年度出来高算定病院,0.0,94.0,完全一致,1.0,医療法人社団慶城会 瀧井病院,,
医療法人社団玉章会力田病院,広島県,令和2年度出来高算定病院,0.0,86.0,完全一致,1.0,医療法人社団玉章会 力田病院,,
医療法人社団重松会松本病院,広島県,令和2年度出来高算定病院,0.0,138.0,完全一致,1.0,医療法人社団重松会 松本病院,,
真愛病院,鹿児島県,令和2年度出来高算定病院,48.0,76.0,完全一致,1.0,真愛病院,,
ザ王病院,鹿児島県,令和2年度出来高算定病院,0.0,86.0,完全一致,1.0,ザ王病院,,
社会福祉法人ノテ福祉会　日本医療大学病院,北海道,令和2年度出来高算定病院,0.0,92.0,完全一致,1.0,社会福祉法人ノテ福祉会　日本医療大学病院,,
医療法人健康会くにもと病院,北海道,令和2年度出来高算定病院,0.0,141.0,完全一致,1.0,医療法人健康会くにもと病院,,
医療法人社団慈篤会三浦病院,宮城県,令和2年度出来高算定病院,10.0,76.0,サフィックス一致,0.9,三浦病院,,
国民健康保険川崎病院,宮城県,令和2年度出来高算定病院,30.0,58.0,完全一致,1.0,国民健康保険川崎病院,,
医療法人産研会上町病院,高知県,令和2年度出来高算定病院,0.0,92.0,サフィックス一致,0.9,上町病院,,
医療法人安倍病院,福岡県,令和2年度出来高算定病院,0.0,60.0,完全一致,1.0,医療法人安倍病院,,
南福岡脳神経外科病院,福岡県,令和2年度出来高算定病院,0.0,79.0,完全一致,1.0,南福岡脳神経外科病院,,
太刀洗病院,福岡県,令和2年度出来高算定病院,0.0,120.0,完全一致,1.0,太刀洗病院,,
小倉第一病院,福岡県,令和2年度出来高算定病院,0.0,80.0,完全一致,1.0,小倉第一病院,,
医療法人剛友会諸隈病院,佐賀県,令和2年度出来高算定病院,22.0,44.0,完全一致,1.0,医療法人剛友会諸隈病院,,
医療法人社団順養会海老原病院,宮崎県,令和2年度出来高算定病院,0.0,84.0,サフィックス一致,0.9,海老原病院,,
医療法人徳洲会北谷病院,沖縄県,令和2年度出来高算定病院,0.0,54.0,サフィックス一致,0.9,北谷病院,,
医療法人社団いなみ会私立稲美中央病院,兵庫県,令和2年度出来高算定病院,50.0,134.0,サフィックス一致,0.9,私立稲美中央病院,,
医療法人宝山会白浜小南病院,和歌山県,令和2年度出来高算定病院,22.0,42.0,完全一致,1.0,医療法人宝山会 白浜小南病院,,
医療法人社団三愛会名寄三愛病院,北海道,令和2年度出来高算定病院,0.0,90.0,完全一致,1.0,医療法人社団三愛会名寄三愛病院,,
名寄東病院,北海道,令和2年度出来高算定病院,0.0,105.0,完全一致,1.0,名寄東病院,,
医療法人樹恵会石田病院,北海道,令和2年度出来高算定病院,0.0,60.0,完全一致,1.0,医療法人樹恵会石田病院,,
雄武町国民健康保険病院,北海道,令和2年度出来高算定病院,25.0,25.0,完全一致,1.0,雄武町国民健康保険病院,,
医療法人社団幸栄病院,北海道,令和2年度出来高算定病院,0.0,90.0,完全一致,1.0,医療法人社団幸栄病院,,
医療法人社団網走中央病院,北海道,令和2年度出来高算定病院,0.0,41.0,完全一致,1.0,医療法人社団網走中央病院,,
宇都宮病院,愛媛県,令和2年度出来高算定病院,0.0,120.0,完全一致,1.0,宇都宮病院,,
医療法人久会久病院,高知県,令和2年度出来高算定病院,0.0,85.0,未結合,,,,
医療法人社団白桜会新しらおか病院,埼玉県,令和2年度出来高算定病院,0.0,120.0,未結合,,,,
医療法人ひかり会クリニカル病院,埼玉県,令和2年度出来高算定病院,0.0,168.0,完全一致,1.0,医療法人ひかり会クリニカル病院,,
医療法人本庄福島病院,埼玉県,令和2年度出来高算定病院,0.0,96.0,完全一致,1.0,医療法人本庄福島病院,,
医療法人社団仁生堂大村病院,東京都,令和2年度出来高算定病院,0.0,45.0,完全一致,1.0,医療法人社団仁生堂大村病院,,
医療法人社団埴原会赤羽病院,東京都,令和2年度出来高算定病院,39.0,99.0,完全一致,1.0,医療法人社団埴原会赤羽病院,,
医療法人社団愛和会南千住病院,東京都,令和2年度出来高算定病院,30.0,76.0,完全一致,1.0,医療法人社団愛和会南千住病院,,
医療法人社団　銀杏会　さっぽろ銀杏会記念病院,北海道,令和2年度出来高算定病院,38.0,85.0,完全一致,1.0,医療法人社団銀杏会さっぽろ銀杏会記念病院,,
医療法人社団恵庭南病院,北海道,令和2年度出来高算定病院,0.0,150.0,完全一致,1.0,医療法人社団恵庭南病院,,
医療法人社団向日葵会まつしま病院,東京都,令和2年度出来高算定病院,37.0,37.0,完全一致,1.0,医療法人社団向日葵会 まつしま病院,,
医療法人社団青秀会グレイス病院,東京都,令和2年度出来高算定病院,0.0,120.0,サフィックス一致,0.9,グレイス病院,,
宗教法人救世軍救世軍清瀬病院,東京都,令和2年度出来高算定病院,0.0,85.0,サフィックス一致,0.9,救世軍清瀬病院,,
医療法人財団倉田会くらた病院,神奈川県,令和2年度出来高算定病院,0.0,79.0,サフィックス一致,0.9,くらた病院,,
ＡＯＩ湘北病院,神奈川県,令和2年度出来高算定病院,0.0,206.0,完全一致,1.0,AOI湘北病院,,
流杉病院,富山県,令和2年度出来高算定病院,0.0,131.0,完全一致,1.0,流杉病院,,
順仁堂遊佐病院,山形県,令和2年度出来高算定病院,0.0,84.0,完全一致,1.0,順仁堂遊佐病院,,
医療法人敬愛会南栃木病院,栃木県,令和2年度出来高算定病院,0.0,158.0,サフィックス一致,0.9,南栃木病院,,
医療法人葵深谷中央病院,埼玉県,令和2年度出来高算定病院,60.0,60.0,完全一致,1.0,医療法人葵深谷中央病院,,
医療法人社団慈誠会慈誠会成増病院,東京都,令和2年度出来高算定病院,0.0,168.0,完全一致,1.0,医療法人社団慈誠会 慈誠会成増病院,,
長寿リハビリセンター病院,東京都,令和2年度出来高算定病院,0.0,182.0,完全一致,1.0,長寿リハビリセンター病院,,
医療法人社団　新愛会　東府中病院,東京都,令和2年度出来高算定病院,40.0,40.0,完全一致,1.0,医療法人社団新愛会 東府中病院,,
医療法人社団青山会青木病院,東京都,令和2年度出来高算定病院,50.0,320.0,完全一致,1.0,医療法人社団青山会 青木病院,,
神奈川歯科大学附属病院,神奈川県,令和2年度出来高算定病院,23.0,23.0,完全一致,1.0,神奈川歯科大学附属病院,,
札幌美しが丘脳神経外科病院,北海道,令和2年度出来高算定病院,58.0,58.0,サフィックス一致,0.9,医療法人美脳 札幌美しが丘脳神経外科病院,,
社会医療法人交雄会メディカル　交雄会新さっぽろ病院,北海道,令和2年度出来高算定病院,0.0,185.0,サフィックス一致,0.9,交雄会新さっぽろ病院,,
医療法人財団明理会相原病院,神奈川県,令和2年度出来高算定病院,0.0,126.0,完全一致,1.0,医療法人財団明理会 相原病院,,
医療法人愛広会新発田リハビリテーション病院,新潟県,令和2年度出来高算定病院,60.0,240.0,サフィックス一致,0.9,新発田リハビリテーション病院,,
医療法人　徳新会　山北徳新会病院,新潟県,令和2年度出来高算定病院,60.0,60.0,サフィックス一致,0.9,山北徳新会病院,,
医療法人北聖病院,富山県,令和2年度出来高算定病院,0.0,88.0,完全一致,1.0,医療法人北聖病院,,
医療法人社団松陽東病院,石川県,令和2年度出来高算定病院,0.0,33.0,完全一致,1.0,医療法人社団松陽東病院,,
塩尻病院,長野県,令和2年度出来高算定病院,13.0,40.0,完全一致,1.0,塩尻病院,,
医療法人ひかり会パーク病院,埼玉県,令和2年度出来高算定病院,30.0,70.0,完全一致,1.0,医療法人ひかり会パーク病院,,
医療法人社団生彩会　加須東病院,埼玉県,令和2年度出来高算定病院,0.0,89.0,完全一致,1.0,医療法人社団生彩会加須東病院,,
医療法人（社団）大和会日下病院,三重県,令和2年度出来高算定病院,106.0,154.0,完全一致,1.0,医療法人（社団）大和会 日下病院,,
医療法人晋救館和田病院,大阪府,令和2年度出来高算定病院,0.0,60.0,完全一致,1.0,医療法人晋救館和田病院,,
医療法人康生会平成記念病院,大阪府,令和2年度出来高算定病院,0.0,100.0,完全一致,1.0,医療法人康生会平成記念病院,,
医療法人徳洲会東大阪徳洲会病院,大阪府,令和2年度出来高算定病院,50.0,100.0,完全一致,1.0,医療法人徳洲会東大阪徳洲会病院,,
北大阪医療生活協同組合十三病院,大阪府,令和2年度出来高算定病院,0.0,108.0,完全一致,1.0,北大阪医療生活協同組合十三病院,,
吉田アーデント病院,兵庫県,令和2年度出来高算定病院,24.0,80.0,完全一致,1.0,吉田アーデント病院,,
医療法人大樹会ふれあい鎌倉ホスピタル,神奈川県,令和2年度出来高算定病院,58.0,156.0,完全一致,1.0,医療法人大樹会 ふれあい鎌倉ホスピタル,,
村田会湘南大庭病院,神奈川県,令和2年度出来高算定病院,0.0,91.0,完全一致,1.0,村田会湘南大庭病院,,
医療福祉センター倉吉病院,鳥取県,令和2年度出来高算定病院,0.0,240.0,未結合,,,,
島根県立こころの医療センター,島根県,令和2年度出来高算定病院,0.0,216.0,未結合,,,,
塩田病院,広島県,令和2年度出来高算定病院,0.0,24.0,完全一致,1.0,塩田病院,,
医療法人社団薫風会横山病院,広島県,令和2年度出来高算定病院,9.0,40.0,完全一致,1.0,医療法人社団薫風会 横山病院,,
医療法人社団仁風会青木病院,広島県,令和2年度出来高算定病院,0.0,78.0,完全一致,1.0,医療法人社団仁風会 青木病院,,
医療法人社団雅友愛会太田病院,香川県,令和2年度出来高算定病院,21.0,45.0,サフィックス一致,0.9,太田病院,,
医療法人寿光会寿光会中央病院,愛知県,令和2年度出来高算定病院,0.0,173.0,完全一致,1.0,医療法人寿光会 寿光会中央病院,,
亀山回生病院,三重県,令和2年度出来高算定病院,0.0,76.0,完全一致,1.0,亀山回生病院,,
医療法人慶友会城東病院,山梨県,令和2年度出来高算定病院,0.0,59.0,サフィックス一致,0.9,城東病院,,
医療法人社団敬仁会桔梗ヶ原病院,長野県,令和2年度出来高算定病院,45.0,145.0,サフィックス一致,0.9,桔梗ヶ原病院,,
医療法人勝又病院,愛知県,令和2年度出来高算定病院,0.0,118.0,完全一致,1.0,医療法人勝又病院,,
医療法人光寿会光寿会リハビリテーション病院,愛知県,令和2年度出来高算定病院,0.0,100.0,完全一致,1.0,医療法人光寿会 光寿会リハビリテーション病院,,
市立舞鶴市民病院,京都府,令和2年度出来高算定病院,0.0,100.0,完全一致,1.0,市立舞鶴市民病院,,
医療法人生登会てらもと医療リハビリ病院,大阪府,令和2年度出来高算定病院,0.0,132.0,完全一致,1.0,医療法人生登会てらもと医療リハビリ病院,,
国民健康保険町立南幌病院,北海道,令和2年度出来高算定病院,0.0,60.0,完全一致,1.0,国民健康保険町立南幌病院,,
つるみ脳神経病院,茨城県,令和2年度出来高算定病院,29.0,29.0,完全一致,1.0,つるみ脳神経病院,,
医療法人京昭会ツヂ病院,大阪府,令和2年度出来高算定病院,0.0,99.0,完全一致,1.0,医療法人京昭会ツヂ病院,,
医療法人元町病院,鳥取県,令和2年度出来高算定病院,0.0,76.0,完全一致,1.0,医療法人元町病院,,
広島中央リハビリテーション病院,広島県,令和2年度出来高算定病院,0.0,110.0,完全一致,1.0,広島中央リハビリテーション病院,,
医療法人徹慈会堀病院,広島県,令和2年度出来高算定病院,35.0,35.0,完全一致,1.0,医療法人徹慈会 堀病院,,
羽ノ浦整形外科内科病院,徳島県,令和2年度出来高算定病院,0.0,40.0,完全一致,1.0,羽ノ浦整形外科内科病院,,
吉野川病院,徳島県,令和2年度出来高算定病院,0.0,115.0,サフィックス一致,0.9,医療法人修誠会吉野川病院,,
医療法人財団保養会竹丘病院,東京都,令和2年度出来高算定病院,0.0,164.0,完全一致,1.0,医療法人財団保養会 竹丘病院,,
医療法人高岡みなみハートセンターみなみの杜病院,富山県,令和2年度出来高算定病院,53.0,95.0,完全一致,1.0,医療法人高岡みなみハートセンターみなみの杜病院,,
健和会京町病院,福岡県,令和2年度出来高算定病院,0.0,112.0,完全一致,1.0,健和会 京町病院,,
伊万里整形外科病院,佐賀県,令和2年度出来高算定病院,0.0,69.0,完全一致,1.0,伊万里整形外科病院,,
平戸市立生月病院,長崎県,令和2年度出来高算定病院,42.0,52.0,完全一致,1.0,平戸市立生月病院,,
医療法人小林会小林病院,熊本県,令和2年度出来高算定病院,0.0,34.0,サフィックス一致,0.9,小林病院,,
内山病院,鹿児島県,令和2年度出来高算定病院,0.0,99.0,完全一致,1.0,内山病院,,
自衛隊札幌病院,北海道,令和2年度出来高算定病院,119.0,149.0,完全一致,1.0,自衛隊札幌病院,,
医療法人康生会淀川平成病院,大阪府,令和2年度出来高算定病院,0.0,76.0,サフィックス一致,0.9,淀川平成病院,,
医療法人康生会弥刀中央病院,大阪府,令和2年度出来高算定病院,0.0,107.0,完全一致,1.0,医療法人康生会弥刀中央病院,,
社会医療法人康和会札幌しらかば台篠路病院,北海道,令和2年度出来高算定病院,0.0,240.0,完全一致,1.0,社会医療法人康和会 札幌しらかば台篠路病院,,
医療法人財団明理会道南ロイヤル病院,北海道,令和2年度出来高算定病院,0.0,174.0,完全一致,1.0,医療法人財団明理会道南ロイヤル病院,,
本別町国民健康保険病院,北海道,令和2年度出来高算定病院,50.0,60.0,完全一致,1.0,本別町国民健康保険病院,,
社会医療法人禎心会稚内禎心会病院,北海道,令和2年度出来高算定病院,0.0,110.0,完全一致,1.0,社会医療法人禎心会稚内禎心会病院,,
公益財団法人ときわ会磐城中央病院,福島県,令和2年度出来高算定病院,24.0,94.0,完全一致,1.0,公益財団法人ときわ会 磐城中央病院,,
新宇都宮リハビリテーション病院,栃木県,令和2年度出来高算定病院,0.0,240.0,完全一致,1.0,新宇都宮リハビリテーション病院,,
医療法人溝口外科整形外科病院,福岡県,令和2年度出来高算定病院,89.0,89.0,完全一致,1.0,溝口外科整形外科病院,,
地方独立行政法人川崎町立病院,福岡県,令和2年度出来高算定病院,45.0,92.0,完全一致,1.0,地方独立行政法人 川崎町立病院,,
三豊市立みとよ市民病院,香川県,令和元年度出来高算定病院,0.0,122.0,完全一致,1.0,三豊市立みとよ市民病院,,
社会医療法人仁生会三愛病院,高知県,令和元年度出来高算定病院,0.0,98.0,サフィックス一致,0.9,三愛病院,,
医療法人社団福光会福田眼科病院,福岡県,令和元年度出来高算定病院,38.0,38.0,完全一致,1.0,医療法人社団福光会 福田眼科病院,,
社会医療法人喜悦会　二日市那珂川病院,福岡県,令和元年度出来高算定病院,0.0,50.0,完全一致,1.0,社会医療法人 喜悦会 二日市那珂川病院,,
原田病院,福岡県,令和元年度出来高算定病院,0.0,41.0,完全一致,1.0,原田病院,,
医療法人社団尚龢会エンゼル病院,福岡県,令和元年度出来高算定病院,35.0,35.0,未結合,,,,
松本歯科大学病院,長野県,令和元年度出来高算定病院,31.0,31.0,完全一致,1.0,松本歯科大学病院,,
医療法人社団豊正会大垣中央病院,岐阜県,令和元年度出来高算定病院,28.0,60.0,完全一致,1.0,医療法人社団豊正会大垣中央病院,,
医療法人社団栄正慈英病院,宮崎県,令和元年度出来高算定病院,0.0,99.0,サフィックス一致,0.9,慈英病院,,
椎葉村国民健康保険病院,宮崎県,令和元年度出来高算定病院,30.0,30.0,完全一致,1.0,椎葉村国民健康保険病院,,
医療法人聖成会産婦人科柿木病院,鹿児島県,令和元年度出来高算定病院,32.0,32.0,サフィックス一致,0.9,柿木病院,,
医療法人南さつま中央病院,鹿児島県,令和元年度出来高算定病院,30.0,30.0,完全一致,1.0,南さつま中央病院,,
医療法人徳洲会笠利病院,鹿児島県,令和元年度出来高算定病院,0.0,89.0,サフィックス一致,0.9,笠利病院,,
医療法人碩済会フィオーレ第一病院,鹿児島県,令和元年度出来高算定病院,26.0,26.0,サフィックス一致,0.9,フィオーレ第一病院,,
医療法人村上会福山回生病院,広島県,令和元年度出来高算定病院,40.0,40.0,完全一致,1.0,医療法人村上会 福山回生病院,,
医療法人社団泉仁会宇部第一病院,山口県,令和元年度出来高算定病院,0.0,160.0,サフィックス一致,0.9,宇部第一病院,,
社会医療法人秀眸会大塚眼科病院,北海道,令和元年度出来高算定病院,52.0,52.0,完全一致,1.0,社会医療法人秀眸会 大塚眼科病院,,
医療法人財団　岩井医療財団　岩井整形外科病院,東京都,令和2年度出来高算定病院,58.0,58.0,完全一致,1.0,医療法人財団岩井医療財団岩井整形外科病院,,
町立湯沢病院,新潟県,令和2年度出来高算定病院,0.0,40.0,完全一致,1.0,町立湯沢病院,,
医療法人せいわ会　大阪たつみリハビリテーション病院,大阪府,令和2年度出来高算定病院,0.0,120.0,完全一致,1.0,医療法人せいわ会大阪たつみリハビリテーション病院,,
社会医療法人関愛会佐賀関病院,大分県,令和2年度出来高算定病院,0.0,66.0,完全一致,1.0,社会医療法人関愛会 佐賀関病院,,
医療法人財団岩井医療財団稲波脊椎・関節病院,東京都,令和2年度出来高算定病院,60.0,60.0,完全一致,1.0,医療法人財団岩井医療財団 稲波脊椎・関節病院,,
田上心臓リハビリテーション病院,熊本県,令和元年度出来高算定病院,0.0,45.0,完全一致,1.0,田上心臓リハビリテーション病院,,
医療法人社団盛友会小深田消化器病院,大分県,令和元年度出来高算定病院,40.0,40.0,サフィックス一致,0.9,小深田消化器病院,,
医療法人社団顕鐘会青山病院,千葉県,令和2年度出来高算定病院,37.0,57.0,サフィックス一致,0.9,青山病院,,
東庄町国民健康保険東庄病院,千葉県,令和2年度出来高算定病院,32.0,32.0,完全一致,1.0,東庄町国民健康保険東庄病院,,
医療法人社団昭成会田﨑病院,東京都,令和2年度出来高算定病院,68.0,127.0,完全一致,1.0,医療法人社団昭成会 田﨑病院,,
医療法人社団　円徳　慶友整形外科脊椎関節病院,東京都,令和2年度出来高算定病院,39.0,55.0,サフィックス一致,0.9,慶友整形外科脊椎関節病院,,
医療法人社団幸博会高山整形外科病院,東京都,令和2年度出来高算定病院,48.0,48.0,完全一致,1.0,医療法人社団幸博会　高山整形外科病院,,
医療法人社団敏和会西砂川病院,東京都,令和2年度出来高算定病院,0.0,105.0,完全一致,1.0,医療法人社団敏和会 西砂川病院,,
医療法人桑名病院,三重県,令和元年度出来高算定病院,0.0,50.0,完全一致,1.0,医療法人桑名病院,,
栗橋病院,埼玉県,令和元年度出来高算定病院,0.0,174.0,完全一致,1.0,栗橋病院,,
医療法人社団明日佳白石明日佳病院,北海道,令和元年度出来高算定病院,0.0,219.0,完全一致,1.0,医療法人社団明日佳 白石明日佳病院,,
華岡青洲記念病院,北海道,令和元年度出来高算定病院,56.0,56.0,完全一致,1.0,華岡青洲記念病院,,
今金町国保病院,北海道,令和元年度出来高算定病院,16.0,33.0,完全一致,1.0,今金町国保病院,,
安田病院,宮城県,令和元年度出来高算定病院,20.0,124.0,完全一致,1.0,安田病院,,
医療法人社団筑三会筑波胃腸病院,茨城県,令和元年度出来高算定病院,60.0,60.0,完全一致,1.0,医療法人社団筑三会筑波胃腸病院,,
医療法人北斗会宇都宮東病院,栃木県,令和元年度出来高算定病院,27.0,40.0,サフィックス一致,0.9,宇都宮東病院,,
日之影町国民健康保険病院,宮崎県,令和元年度出来高算定病院,0.0,50.0,完全一致,1.0,日之影町国民健康保険病院,,
吉田記念病院,鹿児島県,令和元年度出来高算定病院,0.0,47.0,完全一致,1.0,吉田記念病院,,
医療法人純心会市川胃腸科外科病院,埼玉県,令和元年度出来高算定病院,46.0,46.0,サフィックス一致,0.9,市川胃腸科外科病院,,
医療法人社団明日佳埼玉あすか松伏病院,埼玉県,令和元年度出来高算定病院,30.0,82.0,完全一致,1.0,医療法人社団明日佳埼玉あすか松伏病院,,
医療法人社団透光会大栄病院,千葉県,令和元年度出来高算定病院,0.0,394.0,完全一致,1.0,医療法人社団透光会大栄病院,,
医療法人社団　旗の台病院,東京都,令和元年度出来高算定病院,39.0,60.0,未結合,,,,
医療法人社団オリンピア会オリンピア眼科病院,東京都,令和元年度出来高算定病院,40.0,40.0,完全一致,1.0,医療法人社団オリンピア会 オリンピア眼科病院,,
医療法人社団徳静会横畠病院,東京都,令和元年度出来高算定病院,37.0,37.0,完全一致,1.0,医療法人社団徳静会横畠病院,,
医療法人フェニックス博愛病院,沖縄県,令和元年度出来高算定病院,0.0,149.0,未結合,,,,
医療法人讃生会　月寒あい病院,北海道,令和元年度出来高算定病院,0.0,99.0,完全一致,1.0,医療法人讃生会　月寒あい病院,,
医療法人社団清和昌綾会飯沼病院,東京都,令和元年度出来高算定病院,0.0,426.0,完全一致,1.0,医療法人社団清和昌綾会 飯沼病院,,
医療法人社団小松会聖パウロ病院,東京都,令和元年度出来高算定病院,0.0,320.0,完全一致,1.0,医療法人社団小松会聖パウロ病院,,
医療法人社団史世会町田胃腸病院,東京都,令和元年度出来高算定病院,30.0,50.0,完全一致,1.0,医療法人社団史世会 町田胃腸病院,,
医療法人社団長尽会長久保病院,東京都,令和元年度出来高算定病院,22.0,22.0,完全一致,1.0,医療法人社団長尽会 長久保病院,,
医療法人大恵会仁恵病院,神奈川県,令和元年度出来高算定病院,0.0,40.0,サフィックス一致,0.9,仁恵病院,,
医療法人社団　晃友会　晃友相模原病院,神奈川県,令和元年度出来高算定病院,37.0,59.0,未結合,,,,
医療法人相生会わかば病院,群馬県,令和元年度出来高算定病院,48.0,102.0,完全一致,1.0,医療法人相生会わかば病院,,
武里病院,埼玉県,令和元年度出来高算定病院,0.0,214.0,完全一致,1.0,武里病院,,
医療法人社団八洲会はいなん吉田病院,静岡県,令和元年度出来高算定病院,0.0,120.0,完全一致,1.0,医療法人社団 八洲会 はいなん吉田病院,,
医療法人良善会ひかり病院,滋賀県,令和元年度出来高算定病院,0.0,170.0,完全一致,1.0,医療法人良善会ひかり病院,,
肢体不自由児・重症心身障害児施設聖ヨゼフ医療福祉センター,京都府,令和元年度出来高算定病院,0.0,125.0,サフィックス一致,0.9,社会福祉法人聖ヨゼフ会肢体不自由児・重症心身障害児施設聖ヨゼフ医療福祉センター,,
医療法人健幸会むかいじま病院,京都府,令和元年度出来高算定病院,55.0,149.0,完全一致,1.0,医療法人健幸会むかいじま病院,,
医療法人藤田好生会堺フジタ病院,大阪府,令和元年度出来高算定病院,5.0,87.0,完全一致,1.0,医療法人藤田好生会堺フジタ病院,,
医療法人社団耕雲堂小林病院,島根県,令和元年度出来高算定病院,0.0,48.0,完全一致,1.0,医療法人社団耕雲堂小林病院,,
医療法人社団山斗会山中病院,東京都,令和元年度出来高算定病院,37.0,47.0,完全一致,1.0,医療法人社団山斗会 山中病院,,
医療法人社団慈誠会慈誠会記念病院,東京都,令和元年度出来高算定病院,0.0,113.0,完全一致,1.0,医療法人社団慈誠会 慈誠会記念病院,,
医療法人社団仁樹会オサカ病院,香川県,令和元年度出来高算定病院,26.0,52.0,完全一致,1.0,医療法人社団仁樹会 オサカ病院,,
医療法人社団真弘会谷病院,香川県,令和元年度出来高算定病院,41.0,41.0,完全一致,1.0,医療法人社団真弘会 谷病院,,
医療法人結和会松山西病院,愛媛県,令和元年度出来高算定病院,42.0,102.0,完全一致,1.0,医療法人結和会 松山西病院,,
松山協和病院,愛媛県,令和元年度出来高算定病院,0.0,54.0,完全一致,1.0,松山協和病院,,
医療法人芳公会香長中央病院,高知県,令和元年度出来高算定病院,0.0,191.0,サフィックス一致,0.9,香長中央病院,,
医療法人社団研英会林眼科病院,福岡県,令和元年度出来高算定病院,60.0,60.0,サフィックス一致,0.9,林眼科病院,,
医療法人浜病院,和歌山県,令和元年度出来高算定病院,0.0,115.0,完全一致,1.0,医療法人浜病院,,
医療法人福慈会福外科病院,和歌山県,令和元年度出来高算定病院,54.0,54.0,サフィックス一致,0.9,福外科病院,,
医療法人福岡桜十字花畑病院,福岡県,令和元年度出来高算定病院,0.0,135.0,完全一致,1.0,医療法人福岡桜十字　花畑病院,,
医療法人新光園鞍手共立病院,福岡県,令和元年度出来高算定病院,0.0,281.0,サフィックス一致,0.9,鞍手共立病院,,
医療法人社団豊和会豊前病院,福岡県,令和元年度出来高算定病院,0.0,232.0,完全一致,1.0,医療法人社団豊和会 豊前病院,,
医療法人財団つばさ行橋厚生病院,福岡県,令和元年度出来高算定病院,0.0,224.0,サフィックス一致,0.9,行橋厚生病院,,
南ヶ丘病院,福岡県,令和元年度出来高算定病院,0.0,320.0,未結合,,,,
医療法人佐世保晩翠会村上病院,長崎県,令和元年度出来高算定病院,30.0,30.0,完全一致,1.0,医療法人佐世保晩翠会村上病院,,
医療法人新生会いしい記念病院,山口県,令和元年度出来高算定病院,0.0,207.0,サフィックス一致,0.9,いしい記念病院,,
医療法人光風会岩国中央病院,山口県,令和元年度出来高算定病院,22.0,22.0,サフィックス一致,0.9,岩国中央病院,,
高田病院,熊本県,令和元年度出来高算定病院,0.0,285.0,完全一致,1.0,高田病院,,
医療法人博光会塚川第一病院,大分県,令和元年度出来高算定病院,25.0,60.0,サフィックス一致,0.9,塚川第一病院,,
渡町台外科病院,大分県,令和元年度出来高算定病院,0.0,34.0,完全一致,1.0,渡町台外科病院,,
医療法人興生会押川病院,宮崎県,令和元年度出来高算定病院,0.0,40.0,完全一致,1.0,医療法人興生会 押川病院,,
医療法人浩洋会田中病院,宮崎県,令和元年度出来高算定病院,0.0,253.0,完全一致,1.0,医療法人浩洋会田中病院,,
美郷町国民健康保険西郷病院,宮崎県,令和元年度出来高算定病院,29.0,29.0,完全一致,1.0,美郷町国民健康保険西郷病院,,
医療法人済世会河野粕屋病院,福岡県,令和元年度出来高算定病院,0.0,225.0,サフィックス一致,0.9,河野粕屋病院,,
医療法人清友会植田病院,福岡県,令和元年度出来高算定病院,0.0,221.0,完全一致,1.0,医療法人清友会 植田病院,,
医療法人英幸会鹿屋ひ尿器科,鹿児島県,令和元年度出来高算定病院,20.0,20.0,サフィックス一致,0.9,鹿屋ひ尿器科,,
医療法人仁心会松下病院,鹿児島県,令和元年度出来高算定病院,0.0,276.0,サフィックス一致,0.9,松下病院,,
糸数病院,沖縄県,令和元年度出来高算定病院,35.0,35.0,完全一致,1.0,糸数病院,,
社会医療法人へいあん平安病院,沖縄県,令和元年度出来高算定病院,0.0,393.0,サフィックス一致,0.9,平安病院,,
医療法人以和貴会　ウェルネス西崎病院,沖縄県,令和元年度出来高算定病院,0.0,60.0,完全一致,1.0,医療法人以和貴会ウェルネス西崎病院,,
医療法人仁誠会名嘉病院,沖縄県,令和元年度出来高算定病院,40.0,80.0,完全一致,1.0,医療法人仁誠会 名嘉病院,,
医療法人（社団）協生会品川病院,長崎県,令和元年度出来高算定病院,48.0,48.0,サフィックス一致,0.9,品川病院,,
菊池中央病院,熊本県,令和元年度出来高算定病院,14.0,102.0,完全一致,1.0,菊池中央病院,,
医療法人双葉会藤田病院,愛知県,令和元年度出来高算定病院,40.0,40.0,完全一致,1.0,医療法人双葉会 藤田病院,,
医療法人桃源堂後藤病院,愛知県,令和元年度出来高算定病院,0.0,30.0,完全一致,1.0,医療法人桃源堂後藤病院,,
小牧第一病院,愛知県,令和元年度出来高算定病院,62.0,170.0,完全一致,1.0,小牧第一病院,,
白子ウィメンズホスピタル,三重県,令和元年度出来高算定病院,29.0,29.0,完全一致,1.0,白子ウィメンズホスピタル,,
医療法人森川病院,三重県,令和元年度出来高算定病院,52.0,52.0,完全一致,1.0,森川病院,,
第一病院,三重県,令和元年度出来高算定病院,0.0,168.0,完全一致,1.0,第一病院,,
斎藤病院,福井県,令和元年度出来高算定病院,16.0,80.0,完全一致,1.0,斎藤病院,,
医療法人慈恵会吉田病院,長野県,令和元年度出来高算定病院,24.0,24.0,完全一致,1.0,医療法人慈恵会吉田病院,,
医療法人良秀会泉北藤井病院,大阪府,令和元年度出来高算定病院,0.0,59.0,完全一致,1.0,医療法人良秀会泉北藤井病院,,
医療法人健栄会三康病院,大阪府,令和元年度出来高算定病院,22.0,22.0,完全一致,1.0,医療法人健栄会三康病院,,
医療法人野中会東成病院,大阪府,令和元年度出来高算定病院,19.0,55.0,完全一致,1.0,医療法人野中会東成病院,,
社会医療法人祐生会　城北みどりケ丘病院,大阪府,令和元年度出来高算定病院,0.0,60.0,完全一致,1.0,社会医療法人祐生会城北みどりケ丘病院,,
医療法人ラポール会青山藤ヶ丘病院,大阪府,令和元年度出来高算定病院,0.0,60.0,完全一致,1.0,医療法人ラポール会青山藤ヶ丘病院,,
医療法人良秀会泉南藤井病院,大阪府,令和元年度出来高算定病院,0.0,60.0,完全一致,1.0,医療法人良秀会泉南藤井病院,,
新都市病院,静岡県,令和元年度出来高算定病院,38.0,50.0,完全一致,1.0,新都市病院,,
医療法人吉田病院,愛知県,令和元年度出来高算定病院,27.0,108.0,完全一致,1.0,医療法人吉田病院,,
大阪歯科大学附属病院,大阪府,令和元年度出来高算定病院,35.0,35.0,完全一致,1.0,大阪歯科大学附属病院,,
医療法人純徳会田中病院,兵庫県,令和元年度出来高算定病院,80.0,131.0,完全一致,1.0,医療法人純徳会 田中病院,,
尾﨑病院,兵庫県,令和元年度出来高算定病院,0.0,60.0,未結合,,,,
医療法人社団直太会母と子の上田病院,兵庫県,令和元年度出来高算定病院,57.0,57.0,サフィックス一致,0.9,母と子の上田病院,,
神戸市立神戸アイセンター病院,兵庫県,令和元年度出来高算定病院,30.0,30.0,完全一致,1.0,神戸市立神戸アイセンター病院,,
医療法人社団石洲会石洲会病院,奈良県,令和元年度出来高算定病院,59.0,59.0,完全一致,1.0,医療法人社団石洲会 石洲会病院,,
医療法人社団親和会京都木原病院,京都府,令和元年度出来高算定病院,47.0,47.0,完全一致,1.0,医療法人社団親和会京都木原病院,,
医療法人栄仁会宇治おうばく病院,京都府,令和元年度出来高算定病院,0.0,453.0,完全一致,1.0,医療法人栄仁会宇治おうばく病院,,
石本病院,和歌山県,令和元年度出来高算定病院,26.0,53.0,完全一致,1.0,石本病院,,
医療法人喜望会笠松病院,和歌山県,令和元年度出来高算定病院,0.0,47.0,サフィックス一致,0.9,笠松病院,,
社会医療法人明和会医療福祉センター渡辺病院,鳥取県,令和元年度出来高算定病院,0.0,282.0,完全一致,1.0,社会医療法人明和会医療福祉センター渡辺病院,,
医療法人社団明和会ペリネイト母と子の病院,岡山県,令和元年度出来高算定病院,37.0,37.0,サフィックス一致,0.9,ペリネイト母と子の病院,,
医療法人仁心会宇部仁心会病院,山口県,令和元年度出来高算定病院,22.0,47.0,サフィックス一致,0.9,宇部仁心会病院,,
医療法人米沢記念桑陽病院,山口県,令和元年度出来高算定病院,57.0,99.0,サフィックス一致,0.9,桑陽病院,,
医療法人愛賛会浜田病院,大阪府,令和元年度出来高算定病院,48.0,48.0,完全一致,1.0,医療法人愛賛会浜田病院,,
医療法人達瑛会鳳胃腸病院,大阪府,令和元年度出来高算定病院,44.0,44.0,完全一致,1.0,医療法人達瑛会鳳胃腸病院,,
東京歯科大学水道橋病院,東京都,令和元年度出来高算定病院,20.0,20.0,完全一致,1.0,東京歯科大学水道橋病院,,
日本歯科大学附属病院,東京都,令和元年度出来高算定病院,42.0,42.0,完全一致,1.0,日本歯科大学附属病院,,
医療法人社団同善会同善病院,東京都,令和元年度出来高算定病院,0.0,45.0,完全一致,1.0,医療法人社団同善会 同善病院,,
医療法人社団九折会成城木下病院,東京都,令和元年度出来高算定病院,36.0,36.0,完全一致,1.0,医療法人社団九折会成城木下病院,,
社会福祉法人武蔵野療園病院,東京都,令和元年度出来高算定病院,18.0,92.0,完全一致,1.0,武蔵野療園病院,,
浜田山病院,東京都,令和元年度出来高算定病院,48.0,48.0,完全一致,1.0,浜田山病院,,
東前橋整形外科病院,群馬県,令和元年度出来高算定病院,60.0,60.0,完全一致,1.0,東前橋整形外科病院,,
医療法人泰一会和光リハビリテーション病院,埼玉県,令和元年度出来高算定病院,0.0,79.0,完全一致,1.0,医療法人泰一会和光リハビリテーション病院,,
医療法人社団親和会野猿峠脳神経外科病院,東京都,令和元年度出来高算定病院,45.0,45.0,完全一致,1.0,医療法人社団親和会 野猿峠脳神経外科病院,,
みなみ野循環器病院,東京都,令和元年度出来高算定病院,20.0,20.0,完全一致,1.0,みなみ野循環器病院,,
医療法人社団實理会東京国際大堀病院,東京都,令和元年度出来高算定病院,34.0,34.0,完全一致,1.0,医療法人社団實理会 東京国際大堀病院,,
社会福祉法人多摩済生医療団多摩済生病院,東京都,令和元年度出来高算定病院,0.0,168.0,完全一致,1.0,社会福祉法人多摩済生医療団 多摩済生病院,,
医療法人社団山本・前田記念会前田病院,東京都,令和元年度出来高算定病院,39.0,39.0,完全一致,1.0,医療法人社団 山本・前田記念会 前田病院,,
医療法人社団レニア会篠宮正明記念アルテミスウイメンズホスピタル,東京都,令和元年度出来高算定病院,60.0,60.0,完全一致,1.0,医療法人社団レニア会篠宮正明記念アルテミスウイメンズホスピタル,,
医療法人社団曙会流山中央病院附属泉リハビリテーション病院,千葉県,令和元年度出来高算定病院,0.0,70.0,完全一致,1.0,医療法人社団曙会 流山中央病院附属泉リハビリテーション病院,,
医療法人社団樹徳会佐倉整形外科眼科病院,千葉県,令和元年度出来高算定病院,33.0,33.0,完全一致,1.0,医療法人社団樹徳会佐倉整形外科眼科病院,,
医療法人直源会相模原南病院,神奈川県,令和元年度出来高算定病院,0.0,235.0,サフィックス一致,0.9,相模原南病院,,
医療法人　神奈川せいわ会　相模大野リハビリテーション病院,神奈川県,令和元年度出来高算定病院,0.0,177.0,完全一致,1.0,医療法人神奈川せいわ会相模大野リハビリテーション病院,,
医療法人仁厚会仁厚会病院,神奈川県,令和元年度出来高算定病院,44.0,131.0,サフィックス一致,0.9,仁厚会病院,,
富山市立富山まちなか病院,富山県,令和元年度出来高算定病院,0.0,45.0,完全一致,1.0,富山市立富山まちなか病院,,
医療法人社団和宏会敬愛病院,石川県,令和元年度出来高算定病院,0.0,60.0,完全一致,1.0,医療法人社団和宏会 敬愛病院,,
医療法人社団　竜山会　金沢古府記念病院,石川県,令和元年度出来高算定病院,19.0,105.0,サフィックス一致,0.9,金沢古府記念病院,,
医療法人社団雙和会原整形外科病院,東京都,令和元年度出来高算定病院,44.0,44.0,完全一致,1.0,医療法人社団雙和会 原整形外科病院,,
医療法人社団　明松会　二本松眼科病院,東京都,令和元年度出来高算定病院,39.0,39.0,完全一致,1.0,医療法人社団明松会　二本松眼科病院,,
医療法人平成会小島病院,長野県,令和元年度出来高算定病院,0.0,77.0,サフィックス一致,0.9,小島病院,,
東口病院,長野県,令和元年度出来高算定病院,39.0,39.0,完全一致,1.0,東口病院,,
栗田病院,長野県,令和元年度出来高算定病院,0.0,727.0,完全一致,1.0,栗田病院,,
医療法人和心会松南病院,長野県,令和元年度出来高算定病院,0.0,239.0,完全一致,1.0,医療法人和心会 松南病院,,
医療法人社団綾和会掛川北病院,静岡県,令和元年度出来高算定病院,0.0,100.0,完全一致,1.0,医療法人社団 綾和会 掛川北病院,,
医療法人社団八洲会袋井みつかわ病院,静岡県,令和元年度出来高算定病院,0.0,159.0,サフィックス一致,0.9,袋井みつかわ病院,,
医療法人社団協友会横浜鶴見リハビリテーション病院,神奈川県,令和元年度出来高算定病院,0.0,228.0,完全一致,1.0,医療法人社団協友会横浜鶴見リハビリテーション病院,,
医療法人研水会平塚病院,神奈川県,令和元年度出来高算定病院,0.0,298.0,未結合,,,,
白老町立国民健康保険病院,北海道,令和元年度出来高算定病院,20.0,40.0,完全一致,1.0,白老町立国民健康保険病院,,
公益財団法人北海道医療団帯広西病院,北海道,令和元年度出来高算定病院,0.0,89.0,完全一致,1.0,公益財団法人北海道医療団帯広西病院,,
公益財団法人北海道医療団音更病院,北海道,令和元年度出来高算定病院,0.0,108.0,完全一致,1.0,公益財団法人北海道医療団音更病院,,
医療法人讃生会　網走記念病院,北海道,令和元年度出来高算定病院,50.0,130.0,完全一致,1.0,医療法人讃生会網走記念病院,,
岩見沢明日佳病院,北海道,令和元年度出来高算定病院,0.0,250.0,サフィックス一致,0.9,医療法人社団 明日佳 岩見沢明日佳病院,,
医療法人泰仁会十和田第一病院,青森県,令和元年度出来高算定病院,60.0,60.0,完全一致,1.0,医療法人泰仁会十和田第一病院,,
医療法人　文誠会　なんごう病院,宮崎県,令和元年度出来高算定病院,52.0,80.0,完全一致,1.0,医療法人　文誠会　なんごう病院,,
医療法人十善会県南病院,宮崎県,令和元年度出来高算定病院,0.0,434.0,完全一致,1.0,医療法人十善会 県南病院,,
町立西和賀さわうち病院,岩手県,令和元年度出来高算定病院,7.0,40.0,完全一致,1.0,町立西和賀さわうち病院,,
洋野町国民健康保険種市病院,岩手県,令和元年度出来高算定病院,41.0,41.0,完全一致,1.0,洋野町国民健康保険種市病院,,
丸森町国民健康保険丸森病院,宮城県,令和元年度出来高算定病院,17.0,90.0,完全一致,1.0,丸森町国民健康保険丸森病院,,
早坂愛生会病院,宮城県,令和元年度出来高算定病院,0.0,52.0,完全一致,1.0,早坂愛生会病院,,
医療法人翠十字杜都千愛病院,宮城県,令和元年度出来高算定病院,0.0,262.0,完全一致,1.0,医療法人翠十字杜都千愛病院,,
泌尿器科泉中央病院,宮城県,令和元年度出来高算定病院,34.0,34.0,完全一致,1.0,泌尿器科泉中央病院,,
医療法人社団玄心会吉田眼科病院,北海道,令和元年度出来高算定病院,40.0,40.0,完全一致,1.0,医療法人社団玄心会吉田眼科病院,,
医療法人社団千寿会三愛病院,北海道,令和元年度出来高算定病院,0.0,504.0,完全一致,1.0,医療法人社団千寿会三愛病院,,
医療法人明治病院,福島県,令和元年度出来高算定病院,36.0,36.0,完全一致,1.0,医療法人明治病院,,
福島県立宮下病院,福島県,令和元年度出来高算定病院,22.0,22.0,完全一致,1.0,福島県立宮下病院,,
医療法人小沢眼科内科病院,茨城県,令和元年度出来高算定病院,46.0,46.0,完全一致,1.0,医療法人小沢眼科内科病院,,
医療法人ここの実会嶋崎病院,茨城県,令和元年度出来高算定病院,47.0,47.0,完全一致,1.0,医療法人ここの実会嶋崎病院,,
医療法人慈厚会野上病院,茨城県,令和元年度出来高算定病院,28.0,28.0,サフィックス一致,0.9,野上病院,,
医療法人すこやかひたちなか母と子の病院,茨城県,令和元年度出来高算定病院,28.0,28.0,サフィックス一致,0.9,ひたちなか母と子の病院,,
一部事務組合下北医療センター国民健康保険大間病院,青森県,令和元年度出来高算定病院,48.0,48.0,サフィックス一致,0.9,国民健康保険大間病院,,
医療法人謙和会荻野病院,岩手県,令和元年度出来高算定病院,0.0,58.0,サフィックス一致,0.9,荻野病院,,
医療法人永仁会入間ハート病院,埼玉県,令和元年度出来高算定病院,11.0,23.0,完全一致,1.0,医療法人永仁会入間ハート病院,,
恵愛病院,埼玉県,令和元年度出来高算定病院,60.0,60.0,サフィックス一致,0.9,医療法人恵愛会恵愛病院,,
医療法人福島会彩北病院,埼玉県,令和元年度出来高算定病院,0.0,379.0,サフィックス一致,0.9,医療法人彩北病院,,
医療法人社団錦昌会みどりのは葉記念病院,千葉県,令和元年度出来高算定病院,50.0,50.0,完全一致,1.0,医療法人社団錦昌会みどりのは葉記念病院,,
医療法人社団吉祥会加藤病院,千葉県,令和元年度出来高算定病院,30.0,30.0,完全一致,1.0,医療法人社団吉祥会加藤病院,,
医療法人聖峰会岡田病院,千葉県,令和元年度出来高算定病院,51.0,118.0,完全一致,1.0,医療法人聖峰会岡田病院,,
医療法人杏山会吉川記念病院,山形県,令和元年度出来高算定病院,0.0,160.0,完全一致,1.0,医療法人杏山会吉川記念病院,,
川西湖山病院,山形県,令和元年度出来高算定病院,0.0,109.0,サフィックス一致,0.9,医療法人社団緑愛会川西湖山病院,,
医療法人明和会高木眼科病院,愛媛県,令和元年度出来高算定病院,30.0,30.0,サフィックス一致,0.9,高木眼科病院,,
医療法人厚仁会波方中央病院,愛媛県,令和元年度出来高算定病院,0.0,37.0,サフィックス一致,0.9,波方中央病院,,
医療法人祥星会聖ヶ丘病院,高知県,令和元年度出来高算定病院,0.0,213.0,未結合,,,,
医療法人松井医仁会大島眼科病院,福岡県,令和元年度出来高算定病院,60.0,60.0,完全一致,1.0,医療法人松井医仁会 大島眼科病院,,
医療法人松寿会松永病院,福岡県,令和元年度出来高算定病院,15.0,44.0,サフィックス一致,0.9,松永病院,,
井槌病院,福岡県,令和元年度出来高算定病院,24.0,24.0,完全一致,1.0,井槌病院,,
相生市民病院,兵庫県,令和元年度出来高算定病院,7.0,35.0,完全一致,1.0,相生市民病院,,
恒生かのこ病院,兵庫県,令和元年度出来高算定病院,0.0,55.0,完全一致,1.0,恒生かのこ病院,,
医療法人金子病院,福岡県,令和元年度出来高算定病院,0.0,31.0,完全一致,1.0,医療法人 金子病院,,
福田脳神経外科病院,佐賀県,令和元年度出来高算定病院,40.0,40.0,完全一致,1.0,福田脳神経外科病院,,
医療法人正友会松岡病院,佐賀県,令和元年度出来高算定病院,0.0,248.0,サフィックス一致,0.9,松岡病院,,
医療法人三樹会三樹病院,佐賀県,令和元年度出来高算定病院,10.0,56.0,完全一致,1.0,医療法人三樹会 三樹病院,,
嬉野温泉病院,佐賀県,令和元年度出来高算定病院,53.0,687.0,完全一致,1.0,嬉野温泉病院,,
医療法人愛心会島原マタニティ病院,長崎県,令和元年度出来高算定病院,30.0,30.0,サフィックス一致,0.9,島原マタニティ病院,,
医療法人社団三恵会木太三宅病院,香川県,令和元年度出来高算定病院,22.0,31.0,完全一致,1.0,医療法人社団三恵会 木太三宅病院,,
医療法人順風会天山病院,愛媛県,令和元年度出来高算定病院,0.0,160.0,完全一致,1.0,医療法人順風会天山病院,,
医療法人杏林会村上記念病院,大分県,令和元年度出来高算定病院,28.0,165.0,完全一致,1.0,医療法人杏林会村上記念病院,,
桂林病院,大分県,令和元年度出来高算定病院,0.0,40.0,完全一致,1.0,桂林病院,,
医療法人興仁会桑尾病院,大分県,令和元年度出来高算定病院,0.0,32.0,完全一致,1.0,医療法人興仁会桑尾病院,,
独立行政法人国立病院機構西別府病院,大分県,令和元年度出来高算定病院,0.0,271.0,完全一致,1.0,独立行政法人国立病院機構西別府病院,,
獅子目整形外科病院,宮崎県,令和元年度出来高算定病院,16.0,38.0,完全一致,1.0,獅子目整形外科病院,,
社会医療法人　慶明会　宮崎中央眼科病院,宮崎県,令和元年度出来高算定病院,26.0,26.0,完全一致,1.0,社会医療法人慶明会　宮崎中央眼科病院,,
医療法人つくし会病院,福岡県,令和元年度出来高算定病院,0.0,172.0,完全一致,1.0,医療法人つくし会病院,,
医療法人社団堀川会堀川病院,福岡県,令和元年度出来高算定病院,0.0,383.0,完全一致,1.0,医療法人社団堀川会堀川病院,,
医療法人吉祥会吉井中央病院,鹿児島県,令和元年度出来高算定病院,0.0,93.0,未結合,,,,
国分脳神経外科病院,鹿児島県,令和元年度出来高算定病院,21.0,38.0,完全一致,1.0,国分脳神経外科病院,,
川平病院,沖縄県,令和元年度出来高算定病院,0.0,82.0,サフィックス一致,0.9,医療法人 社団かびら会 川平病院,,
北海道医療大学病院,北海道,令和元年度出来高算定病院,24.0,24.0,完全一致,1.0,北海道医療大学病院,,
晴生会さっぽろ病院,北海道,令和元年度出来高算定病院,40.0,237.0,サフィックス一致,0.9,医療法人晴生会　晴生会さっぽろ病院,,
医療法人同仁会函館記念病院,北海道,令和元年度出来高算定病院,0.0,157.0,完全一致,1.0,医療法人同仁会函館記念病院,,
医療法人憲和会南部中央病院,熊本県,令和元年度出来高算定病院,60.0,60.0,完全一致,1.0,医療法人 憲和会 南部中央病院,,
医療法人百善会村橋病院,大分県,令和元年度出来高算定病院,0.0,80.0,完全一致,1.0,医療法人百善会 村橋病院,,
医療法人昌峰会加藤病院,愛知県,令和元年度出来高算定病院,0.0,34.0,完全一致,1.0,医療法人昌峰会 加藤病院,,
医療法人社団同潤会眼科杉田病院,愛知県,令和元年度出来高算定病院,60.0,60.0,サフィックス一致,0.9,眼科杉田病院,,
水谷病院,愛知県,令和元年度出来高算定病院,47.0,47.0,完全一致,1.0,水谷病院,,
冨田病院,愛知県,令和元年度出来高算定病院,0.0,48.0,完全一致,1.0,冨田病院,,
北陽会病院,愛知県,令和元年度出来高算定病院,0.0,120.0,完全一致,1.0,北陽会病院,,
小牧ようてい記念病院,愛知県,令和元年度出来高算定病院,10.0,120.0,完全一致,1.0,小牧ようてい記念病院,,
医療法人社団喜平会　府中病院,東京都,令和元年度出来高算定病院,60.0,60.0,完全一致,1.0,医療法人社団喜平会 府中病院,,
医療法人社団のう救会脳神経外科東横浜病院,神奈川県,令和元年度出来高算定病院,60.0,60.0,完全一致,1.0,医療法人社団のう救会 脳神経外科東横浜病院,,
高木病院,三重県,令和元年度出来高算定病院,0.0,79.0,完全一致,1.0,高木病院,,
医療法人思源会第二岩崎病院,三重県,令和元年度出来高算定病院,0.0,64.0,未結合,,,,
医療法人社団貴順会吉川病院,京都府,令和元年度出来高算定病院,52.0,52.0,完全一致,1.0,医療法人社団貴順会吉川病院,,
医療法人原田病院,京都府,令和元年度出来高算定病院,0.0,50.0,完全一致,1.0,医療法人原田病院,,
医療法人芳松会田辺病院,京都府,令和元年度出来高算定病院,0.0,291.0,完全一致,1.0,医療法人芳松会田辺病院,,
多根脳神経リハビリテーション病院,大阪府,令和元年度出来高算定病院,0.0,50.0,完全一致,1.0,多根脳神経リハビリテーション病院,,
医療法人社団喜生会新富士病院,静岡県,令和元年度出来高算定病院,0.0,206.0,サフィックス一致,0.9,新富士病院,,
医療法人社団秀峰会川村病院,静岡県,令和元年度出来高算定病院,56.0,76.0,完全一致,1.0,医療法人社団秀峰会 川村病院,,
新長田眼科病院,兵庫県,令和元年度出来高算定病院,20.0,20.0,完全一致,1.0,医療法人社団　新長田眼科病院,,
高田上谷病院,兵庫県,令和元年度出来高算定病院,44.0,88.0,完全一致,1.0,高田上谷病院,,
医療法人敬愛会三田温泉病院,兵庫県,令和元年度出来高算定病院,0.0,180.0,完全一致,1.0,医療法人敬愛会 三田温泉病院,,
医療法人社団仁正会中谷整形外科病院,兵庫県,令和元年度出来高算定病院,59.0,59.0,サフィックス一致,0.9,中谷整形外科病院,,
医療法人社団正名会池田病院,兵庫県,令和元年度出来高算定病院,37.0,37.0,サフィックス一致,0.9,池田病院,,
医療法人佑健会木村病院,兵庫県,令和元年度出来高算定病院,0.0,44.0,完全一致,1.0,医療法人佑健会木村病院,,
医療法人深谷会富士病院,愛知県,令和元年度出来高算定病院,26.0,130.0,サフィックス一致,0.9,富士病院,,
医療法人豊田会　高浜豊田病院,愛知県,令和元年度出来高算定病院,0.0,142.0,サフィックス一致,0.9,高浜豊田病院,,
角谷リハビリテーション病院,和歌山県,令和元年度出来高算定病院,0.0,60.0,完全一致,1.0,角谷リハビリテーション病院,,
殿田胃腸肛門病院,和歌山県,令和元年度出来高算定病院,59.0,59.0,完全一致,1.0,殿田胃腸肛門病院,,
ナカムラ病院,広島県,令和元年度出来高算定病院,0.0,260.0,完全一致,1.0,ナカムラ病院,,
サカ緑井病院,広島県,令和元年度出来高算定病院,51.0,51.0,完全一致,1.0,サカ緑井病院,,
医療法人社団大仁会大石病院,広島県,令和元年度出来高算定病院,34.0,50.0,サフィックス一致,0.9,大石病院,,
医療法人秀明会小池病院,広島県,令和元年度出来高算定病院,54.0,54.0,完全一致,1.0,医療法人秀明会小池病院,,
医療法人橘会東住吉森本リハビリテーション病院,大阪府,令和元年度出来高算定病院,0.0,52.0,完全一致,1.0,医療法人橘会東住吉森本リハビリテーション病院,,
医療法人篤友会坂本病院分院,大阪府,令和元年度出来高算定病院,0.0,138.0,完全一致,1.0,医療法人篤友会坂本病院分院,,
医療法人海宝会　明和セントラル病院,群馬県,令和元年度出来高算定病院,6.0,39.0,完全一致,1.0,海宝会明和セントラル病院,,
医療法人千葉外科内科病院,埼玉県,令和元年度出来高算定病院,32.0,32.0,完全一致,1.0,医療法人千葉外科内科病院,,
のぞみリハビリテーション病院,埼玉県,令和元年度出来高算定病院,0.0,57.0,完全一致,1.0,のぞみリハビリテーション病院,,
医療法人埼友会埼友草加病院,埼玉県,令和元年度出来高算定病院,23.0,46.0,完全一致,1.0,医療法人埼友会埼友草加病院,,
医療法人社団桜友会所沢ハートセンター,埼玉県,令和元年度出来高算定病院,30.0,30.0,完全一致,1.0,医療法人社団桜友会所沢ハートセンター,,
医療法人社団紘智会籠原病院,埼玉県,令和元年度出来高算定病院,29.0,37.0,サフィックス一致,0.9,籠原病院,,
医療法人社団恵仁会三愛病院,岩手県,令和元年度出来高算定病院,1.0,1.0,完全一致,1.0,医療法人社団恵仁会 三愛病院,,
医療法人慧眞会協和病院,秋田県,令和元年度出来高算定病院,0.0,177.0,サフィックス一致,0.9,協和病院,,
医療法人社団三友会三枝病院,千葉県,令和元年度出来高算定病院,32.0,32.0,完全一致,1.0,医療法人社団三友会三枝病院,,
医療法人社団城東桐和会タムス浦安病院,千葉県,令和元年度出来高算定病院,0.0,199.0,サフィックス一致,0.9,タムス浦安病院,,
医療法人社団聖和会天王台消化器病院,千葉県,令和元年度出来高算定病院,43.0,43.0,完全一致,1.0,医療法人社団聖和会天王台消化器病院,,
医療法人社団城東桐和会タムス市川リハビリテーション病院,千葉県,令和元年度出来高算定病院,0.0,100.0,サフィックス一致,0.9,タムス市川リハビリテーション病院,,
医療法人社団東光会茂原中央病院,千葉県,令和元年度出来高算定病院,0.0,165.0,完全一致,1.0,医療法人社団東光会茂原中央病院,,
医療法人白百合会大多喜病院,千葉県,令和元年度出来高算定病院,0.0,363.0,完全一致,1.0,医療法人白百合会大多喜病院,,
医療法人誠之会廣橋病院,茨城県,令和元年度出来高算定病院,0.0,181.0,サフィックス一致,0.9,廣橋病院,,
医療法人仁和会野口病院,群馬県,令和元年度出来高算定病院,15.0,50.0,サフィックス一致,0.9,野口病院,,
古畑病院,東京都,令和元年度出来高算定病院,39.0,39.0,完全一致,1.0,古畑病院,,
医療法人社団愛語会要町病院,東京都,令和元年度出来高算定病院,131.0,131.0,サフィックス一致,0.9,要町病院,,
医療法人社団ENEXT　池袋西口病院,東京都,令和元年度出来高算定病院,40.0,40.0,完全一致,1.0,医療法人社団ENEXT　池袋西口病院,,
医療法人社団苑風会苑風会病院,東京都,令和元年度出来高算定病院,28.0,56.0,完全一致,1.0,医療法人社団苑風会 苑風会病院,,
医療法人社団理弘会岩倉病院,東京都,令和元年度出来高算定病院,33.0,33.0,完全一致,1.0,医療法人社団理弘会 岩倉病院,,
医療法人社団三医会鶴川リハビリテーション病院,東京都,令和元年度出来高算定病院,0.0,120.0,完全一致,1.0,医療法人社団三医会 鶴川リハビリテーション病院,,
医療法人社団弘象会東和病院,埼玉県,令和元年度出来高算定病院,12.0,48.0,完全一致,1.0,医療法人社団弘象会東和病院,,
国保直営君津中央病院大佐和分院,千葉県,令和元年度出来高算定病院,36.0,36.0,完全一致,1.0,国保直営君津中央病院大佐和分院,,
医療法人社団善仁会横浜第一病院,神奈川県,令和元年度出来高算定病院,52.0,52.0,完全一致,1.0,医療法人社団 善仁会 横浜第一病院,,
医療法人社団仁和会さがみ仁和会病院,神奈川県,令和元年度出来高算定病院,0.0,84.0,完全一致,1.0,医療法人社団仁和会 さがみ仁和会病院,,
医療法人社団晃進会川崎みどりの病院,神奈川県,令和元年度出来高算定病院,0.0,120.0,完全一致,1.0,医療法人社団晃進会 川崎みどりの病院,,
医療法人社団アルペン会アルペンリハビリテーション病院,富山県,令和元年度出来高算定病院,0.0,60.0,サフィックス一致,0.9,アルペンリハビリテーション病院,,
サニーサイドホスピタル,岐阜県,令和元年度出来高算定病院,0.0,50.0,完全一致,1.0,サニーサイドホスピタル,,
医療法人社団康心会康心会伊豆東部病院,静岡県,令和元年度出来高算定病院,40.0,160.0,完全一致,1.0,医療法人社団康心会 康心会伊豆東部病院,,
医療法人社団健育会石川島記念病院,東京都,令和元年度出来高算定病院,0.0,47.0,完全一致,1.0,医療法人社団健育会 石川島記念病院,,
医療法人社団友仁会赤坂見附前田病院,東京都,令和元年度出来高算定病院,54.0,54.0,完全一致,1.0,医療法人社団友仁会 赤坂見附 前田病院,,
産科・婦人科愛和病院,福岡県,令和元年度出来高算定病院,30.0,30.0,サフィックス一致,0.9,医療法人社団　愛和会　産科・婦人科　愛和病院,,
医療法人寿栄会本間病院,福岡県,令和元年度出来高算定病院,0.0,230.0,サフィックス一致,0.9,本間病院,,
鳥巣病院,福岡県,令和元年度出来高算定病院,0.0,48.0,完全一致,1.0,鳥巣病院,,
唐津第一病院,佐賀県,令和元年度出来高算定病院,0.0,101.0,サフィックス一致,0.9,医療法人社団芳香会唐津第一病院,,
医療法人啓仁会橋本病院,佐賀県,令和元年度出来高算定病院,14.0,40.0,完全一致,1.0,医療法人啓仁会橋本病院,,
天草厚生病院,熊本県,令和元年度出来高算定病院,0.0,180.0,完全一致,1.0,天草厚生病院,,
頼島産婦人科病院,広島県,令和元年度出来高算定病院,35.0,35.0,完全一致,1.0,頼島産婦人科病院,,
原田整形外科病院,広島県,令和元年度出来高算定病院,31.0,51.0,完全一致,1.0,原田整形外科病院,,
医療法人社団アブラハムクラブベテスダクリニック,宮崎県,令和元年度出来高算定病院,64.0,64.0,未結合,,,,
医療法人明日葉会札幌マタニティ・ウィメンズホスピタル,北海道,令和元年度出来高算定病院,52.0,52.0,未結合,,,,
医療法人社団太黒胃腸内科病院,北海道,令和元年度出来高算定病院,60.0,60.0,完全一致,1.0,医療法人社団 太黒胃腸内科病院,,
医療法人社団明珠会札幌白石産科婦人科病院,北海道,令和元年度出来高算定病院,41.0,41.0,完全一致,1.0,医療法人社団明珠会 札幌白石産科婦人科病院,,
医療法人勉仁会中垣病院,北海道,令和元年度出来高算定病院,0.0,278.0,完全一致,1.0,医療法人勉仁会 中垣病院,,
医療福祉センター札幌あゆみの園,北海道,令和元年度出来高算定病院,0.0,186.0,完全一致,1.0,医療福祉センター札幌あゆみの園,,
医療法人西本病院,愛媛県,令和元年度出来高算定病院,38.0,38.0,完全一致,1.0,西本病院,,
医療法人みつる会高知脳神経外科病院,高知県,令和元年度出来高算定病院,46.0,46.0,サフィックス一致,0.9,高知脳神経外科病院,,
社会医療法人友愛会恵愛病院,北海道,令和元年度出来高算定病院,0.0,250.0,完全一致,1.0,社会医療法人友愛会恵愛病院,,
新ひだか町立静内病院,北海道,令和元年度出来高算定病院,38.0,58.0,完全一致,1.0,新ひだか町立静内病院,,
標茶町立病院,北海道,令和元年度出来高算定病院,60.0,60.0,完全一致,1.0,標茶町立病院,,
医療法人赤心会十和田東病院,青森県,令和元年度出来高算定病院,50.0,50.0,完全一致,1.0,医療法人赤心会十和田東病院,,
医療法人誠仁会尾野病院,青森県,令和元年度出来高算定病院,0.0,43.0,完全一致,1.0,医療法人誠仁会尾野病院,,
外ヶ浜町国民健康保険外ヶ浜中央病院,青森県,令和元年度出来高算定病院,44.0,44.0,未結合,,,,
医療法人鶴陽会岩尾病院,大分県,令和元年度出来高算定病院,48.0,48.0,完全一致,1.0,医療法人鶴陽会岩尾病院,,
医療法人悠然会大河原病院,大分県,令和元年度出来高算定病院,0.0,34.0,完全一致,1.0,医療法人悠然会 大河原病院,,
矢吹病院,山形県,令和元年度出来高算定病院,40.0,40.0,完全一致,1.0,矢吹病院,,
産婦人科・小児科三井病院,山形県,令和元年度出来高算定病院,41.0,41.0,完全一致,1.0,産婦人科・小児科三井病院,,
白鷹町立病院,山形県,令和元年度出来高算定病院,50.0,60.0,完全一致,1.0,白鷹町立病院,,
医療法人慈久会谷病院,福島県,令和元年度出来高算定病院,55.0,129.0,完全一致,1.0,医療法人慈久会谷病院,,
公立小野町地方綜合病院,福島県,令和元年度出来高算定病院,30.0,119.0,完全一致,1.0,公立小野町地方綜合病院,,
医療法人新生会豊後荘病院,茨城県,令和元年度出来高算定病院,0.0,364.0,サフィックス一致,0.9,豊後荘病院,,
医療法人健光会旭川ペインクリニック病院,北海道,令和元年度出来高算定病院,41.0,52.0,完全一致,1.0,医療法人健光会旭川ﾍﾟｲﾝｸﾘﾆｯｸ病院,,
上富良野町立病院,北海道,令和元年度出来高算定病院,39.0,39.0,完全一致,1.0,上富良野町立病院,,
生麦病院,神奈川県,令和元年度出来高算定病院,39.0,39.0,完全一致,1.0,生麦病院,,
特定医療法人社団研精会箱根リハビリテーション病院,神奈川県,令和元年度出来高算定病院,0.0,109.0,完全一致,1.0,特定医療法人社団研精会 箱根リハビリテーション病院,,
医療法人正拓会湘南太平台病院,神奈川県,令和元年度出来高算定病院,0.0,79.0,完全一致,1.0,医療法人社団正拓会湘南太平台病院,,
医療法人社団清恵会田村外科病院,神奈川県,令和元年度出来高算定病院,33.0,33.0,未結合,,,,
不二越病院,富山県,令和元年度出来高算定病院,30.0,56.0,完全一致,1.0,不二越病院,,
医療法人社団長谷川病院,富山県,令和元年度出来高算定病院,40.0,40.0,完全一致,1.0,医療法人社団　長谷川病院,,
医療法人社団白翔会千葉白井病院,千葉県,令和元年度出来高算定病院,50.0,100.0,完全一致,1.0,医療法人社団白翔会千葉白井病院,,
医療法人社団済安堂井上眼科病院,東京都,令和元年度出来高算定病院,34.0,34.0,完全一致,1.0,医療法人社団済安堂井上眼科病院,,
財団医療法人藤田記念病院,福井県,令和元年度出来高算定病院,59.0,59.0,サフィックス一致,0.9,藤田記念病院,,
操外科病院,岐阜県,令和元年度出来高算定病院,35.0,35.0,完全一致,1.0,操外科病院,,
医療法人　敬生会　高井病院,岐阜県,令和元年度出来高算定病院,0.0,60.0,完全一致,1.0,医療法人敬生会 高井病院,,
北村病院,愛知県,令和元年度出来高算定病院,0.0,43.0,完全一致,1.0,北村病院,,
エンジェルベルホスピタル,愛知県,令和元年度出来高算定病院,33.0,33.0,完全一致,1.0,エンジェルベルホスピタル,,
一里山・今井病院,愛知県,令和元年度出来高算定病院,20.0,20.0,完全一致,1.0,一里山・今井病院,,
一般財団法人脳神経疾患研究所東京リハビリテーションセンター世田谷世田谷リハビリテーション病院,東京都,令和元年度出来高算定病院,0.0,92.0,サフィックス一致,0.9,世田谷リハビリテーション病院,,
医療法人社団片山整形外科記念病院,神奈川県,令和元年度出来高算定病院,26.0,38.0,完全一致,1.0,医療法人社団 片山整形外科記念病院,,
医療法人育生会（社団）三好病院,大阪府,令和元年度出来高算定病院,21.0,69.0,未結合,,,,
医療法人社団せいわ会たずみ病院,兵庫県,令和元年度出来高算定病院,49.0,96.0,完全一致,1.0,医療法人社団せいわ会たずみ病院,,
医療法人社団青洲会アイワ病院,兵庫県,令和元年度出来高算定病院,46.0,46.0,サフィックス一致,0.9,アイワ病院,,
医療法人松浦会姫路第一病院,兵庫県,令和元年度出来高算定病院,50.0,100.0,完全一致,1.0,医療法人松浦会姫路第一病院,,
養和病院,鳥取県,令和元年度出来高算定病院,0.0,230.0,サフィックス一致,0.9,医療法人養和会養和病院,,
医療法人国泰会丹羽病院,岡山県,令和元年度出来高算定病院,29.0,29.0,完全一致,1.0,医療法人国泰会 丹羽病院,,
医療法人社団芙蓉会二ツ屋病院,石川県,令和元年度出来高算定病院,0.0,138.0,完全一致,1.0,医療法人社団芙蓉会 二ツ屋病院,,
医療法人社団成蹊会岩井病院,福井県,令和元年度出来高算定病院,0.0,200.0,サフィックス一致,0.9,医療法人岩井病院,,
医療法人社団永楽会前田病院,広島県,令和元年度出来高算定病院,22.0,76.0,完全一致,1.0,医療法人社団永楽会前田病院,,
済生会湯田温泉病院,山口県,令和元年度出来高算定病院,0.0,142.0,完全一致,1.0,済生会湯田温泉病院,,
医療法人　西山記念会　ＭＩＲＡＩ病院,香川県,令和元年度出来高算定病院,41.0,41.0,完全一致,1.0,医療法人西山記念会MIRAI病院,,
医療法人社団讃陽堂松原病院,香川県,令和元年度出来高算定病院,0.0,42.0,完全一致,1.0,医療法人社団讃陽堂松原病院,,
医療法人松原会松山第一病院,愛媛県,令和元年度出来高算定病院,25.0,70.0,サフィックス一致,0.9,松山第一病院,,
医療法人ミネルワ会渡辺病院,愛媛県,令和元年度出来高算定病院,39.0,47.0,サフィックス一致,0.9,渡辺病院,,
医療法人愛和会新世病院,大阪府,令和元年度出来高算定病院,52.0,112.0,完全一致,1.0,医療法人愛和会新世病院,,
医療法人藏春堂小西病院,大阪府,令和元年度出来高算定病院,28.0,37.0,完全一致,1.0,医療法人藏春堂小西病院,,
医療法人清和会新所沢清和病院,埼玉県,平成30年度出来高算定病院,0.0,460.0,サフィックス一致,0.9,新所沢清和病院,,
空知中央病院,北海道,平成30年度出来高算定病院,0.0,200.0,完全一致,1.0,空知中央病院,,
松本中川病院,長野県,平成30年度出来高算定病院,47.0,82.0,完全一致,1.0,松本中川病院,,
社会医療法人明生会 道東の森総合病院,北海道,令和元年度出来高算定病院,0.0,85.0,完全一致,1.0,社会医療法人明生会道東の森総合病院,,
医療法人えいしん会　岸和田リハビリテーション病院,大阪府,令和元年度出来高算定病院,0.0,157.0,完全一致,1.0,医療法人えいしん会岸和田リハビリテーション病院,,
医療法人相生会にしくまもと病院,熊本県,令和元年度出来高算定病院,38.0,146.0,完全一致,1.0,医療法人 相生会 にしくまもと病院,,
整形外科はやしだ病院,鹿児島県,平成30年度出来高算定病院,32.0,40.0,完全一致,1.0,整形外科はやしだ病院,,
医療法人術徳会霧島整形外科病院,鹿児島県,平成30年度出来高算定病院,38.0,57.0,サフィックス一致,0.9,霧島整形外科病院,,
医療法人社団公和会中村記念愛成病院,北海道,令和元年度出来高算定病院,41.0,41.0,完全一致,1.0,医療法人社団公和会中村記念愛成病院,,
公益財団法人鷹揚郷腎研究所青森病院,青森県,令和元年度出来高算定病院,45.0,45.0,完全一致,1.0,公益財団法人鷹揚郷 腎研究所 青森病院,,
医療法人貝山仁済会貝山中央病院,宮城県,令和元年度出来高算定病院,0.0,60.0,サフィックス一致,0.9,貝山中央病院,,
西川町立病院,山形県,令和元年度出来高算定病院,23.0,28.0,完全一致,1.0,西川町立病院,,
住吉クリニック病院,茨城県,令和元年度出来高算定病院,48.0,60.0,完全一致,1.0,住吉クリニック病院,,
医療法人社団聖嶺会立川記念病院,茨城県,令和元年度出来高算定病院,59.0,114.0,完全一致,1.0,医療法人社団聖嶺会立川記念病院,,
医療法人香流会紘仁病院,愛知県,平成30年度出来高算定病院,40.0,897.0,サフィックス一致,0.9,紘仁病院,,
山元病院,京都府,平成30年度出来高算定病院,35.0,35.0,完全一致,1.0,山元病院,,
医療法人双鳳会山王クリニック,埼玉県,令和元年度出来高算定病院,60.0,60.0,完全一致,1.0,医療法人双鳳会山王クリニック,,
医療法人社団春明会みくに病院,埼玉県,令和元年度出来高算定病院,32.0,48.0,完全一致,1.0,医療法人社団春明会　みくに病院,,
医療法人明晴会西武入間病院,埼玉県,令和元年度出来高算定病院,39.0,90.0,完全一致,1.0,医療法人明晴会西武入間病院,,
皆成病院,埼玉県,令和元年度出来高算定病院,60.0,60.0,完全一致,1.0,皆成病院,,
医療法人社団医凰会さいたま岩槻病院,埼玉県,令和元年度出来高算定病院,30.0,90.0,完全一致,1.0,医療法人社団医凰会さいたま岩槻病院,,
医療法人社団威風会栗山中央病院,千葉県,令和元年度出来高算定病院,92.0,92.0,完全一致,1.0,医療法人社団威風会栗山中央病院,,
医療法人社団弘和会森産科婦人科病院,北海道,令和元年度出来高算定病院,46.0,46.0,完全一致,1.0,医療法人社団弘和会森産科婦人科病院,,
医療法人登別すずらん病院,北海道,令和元年度出来高算定病院,0.0,130.0,完全一致,1.0,医療法人登別すずらん病院,,
医療法人社団鉄友会柳町病院,東京都,令和元年度出来高算定病院,39.0,39.0,完全一致,1.0,医療法人社団鉄友会 柳町病院,,
医療法人財団逸生会大橋病院,東京都,令和元年度出来高算定病院,0.0,144.0,完全一致,1.0,医療法人財団逸生会 大橋病院,,
医療法人社団遼山会関町病院,東京都,令和元年度出来高算定病院,0.0,49.0,完全一致,1.0,医療法人社団遼山会 関町病院,,
社会福祉法人勝楽堂病院,東京都,令和元年度出来高算定病院,40.0,105.0,完全一致,1.0,社会福祉法人勝楽堂病院,,
医療法人社団済安堂西葛西・井上眼科病院,東京都,令和元年度出来高算定病院,32.0,32.0,完全一致,1.0,医療法人社団済安堂 西葛西・井上眼科病院,,
医療法人社団光生会平川病院,東京都,令和元年度出来高算定病院,0.0,343.0,完全一致,1.0,医療法人社団光生会 平川病院,,
医療法人社団星野会星野病院,栃木県,令和元年度出来高算定病院,35.0,35.0,サフィックス一致,0.9,星野病院,,
医療法人秋葉病院,埼玉県,令和元年度出来高算定病院,59.0,59.0,完全一致,1.0,医療法人秋葉病院,,
愛知学院大学歯学部附属病院,愛知県,平成30年度出来高算定病院,44.0,44.0,完全一致,1.0,愛知学院大学歯学部附属病院,,
医療法人誠心会大菅病院,愛知県,平成30年度出来高算定病院,48.0,48.0,完全一致,1.0,医療法人誠心会大菅病院,,
医療法人野垣会野垣病院,愛知県,平成30年度出来高算定病院,64.0,99.0,サフィックス一致,0.9,野垣病院,,
医療法人幸寿会平岩病院,愛知県,平成30年度出来高算定病院,40.0,60.0,完全一致,1.0,医療法人幸寿会平岩病院,,
医療法人社団以心会中野胃腸病院,愛知県,平成30年度出来高算定病院,67.0,67.0,完全一致,1.0,医療法人社団以心会 中野胃腸病院,,
医療法人吉栄会吉川病院,大阪府,平成30年度出来高算定病院,0.0,55.0,完全一致,1.0,医療法人吉栄会吉川病院,,
医療法人前橋北病院,群馬県,平成30年度出来高算定病院,24.0,40.0,完全一致,1.0,医療法人前橋北病院,,
銚子市立病院,千葉県,平成30年度出来高算定病院,53.0,111.0,完全一致,1.0,銚子市立病院,,
田所病院,兵庫県,平成30年度出来高算定病院,0.0,60.0,完全一致,1.0,田所病院,,
社会医療法人渡邊高記念会西宮渡辺脳卒中・心臓リハビリテーション病院,兵庫県,平成30年度出来高算定病院,0.0,34.0,完全一致,1.0,社会医療法人渡邊高記念会 西宮渡辺脳卒中・心臓リハビリテーション病院,,
医療法人中馬医療財団中馬病院,兵庫県,平成30年度出来高算定病院,0.0,65.0,サフィックス一致,0.9,中馬病院,,
医療法人社団兼誠会つかぐち病院,兵庫県,平成30年度出来高算定病院,10.0,152.0,完全一致,1.0,医療法人社団兼誠会 つかぐち病院,,
兵庫県災害医療センター,兵庫県,平成30年度出来高算定病院,30.0,30.0,完全一致,1.0,兵庫県災害医療センター,,
医療法人洗心会玉置病院,和歌山県,平成30年度出来高算定病院,34.0,66.0,完全一致,1.0,医療法人 洗心会 玉置病院,,
医療法人徳洲会　山内病院,神奈川県,平成30年度出来高算定病院,20.0,99.0,完全一致,1.0,医療法人徳洲会山内病院,,
医療法人社団さがみ野中央病院,神奈川県,平成30年度出来高算定病院,58.0,96.0,完全一致,1.0,医療法人社団 さがみ野中央病院,,
医療法人微風会ビハーラ花の里病院,広島県,平成30年度出来高算定病院,0.0,290.0,完全一致,1.0,医療法人微風会ビハーラ花の里病院,,
医療法人陽光会光中央病院,山口県,平成30年度出来高算定病院,0.0,98.0,完全一致,1.0,医療法人社団陽光会　光中央病院,,
愛媛十全医療学院附属病院,愛媛県,平成30年度出来高算定病院,43.0,97.0,完全一致,1.0,愛媛十全医療学院附属病院,,
宮城病院,福岡県,平成30年度出来高算定病院,22.0,120.0,完全一致,1.0,宮城病院,,
医療法人至誠会保利病院,熊本県,平成30年度出来高算定病院,32.0,106.0,サフィックス一致,0.9,保利病院,,
医療法人徳和会宇佐中央内科病院,大分県,平成30年度出来高算定病院,48.0,48.0,サフィックス一致,0.9,宇佐中央内科病院,,
ほうせんか病院,大阪府,平成30年度出来高算定病院,0.0,220.0,未結合,,,,
社会医療法人医真会医真会八尾リハビリテーション病院,大阪府,平成30年度出来高算定病院,0.0,120.0,サフィックス一致,0.9,医真会八尾リハビリテーション病院,,
医療法人社団朱鷺会大内病院,神奈川県,平成30年度出来高算定病院,18.0,53.0,サフィックス一致,0.9,大内病院,,
土肥整形外科病院,広島県,平成30年度出来高算定病院,34.0,80.0,完全一致,1.0,土肥整形外科病院,,
八幡慈恵病院,福岡県,平成30年度出来高算定病院,0.0,130.0,完全一致,1.0,八幡慈恵病院,,
一般財団法人弘潤会野崎病院,宮崎県,平成30年度出来高算定病院,0.0,460.0,完全一致,1.0,一般財団法人弘潤会 野崎病院,,
草加松原リハビリテーション病院,埼玉県,平成30年度出来高算定病院,0.0,50.0,完全一致,1.0,草加松原リハビリテーション病院,,
医療法人光風会回春荘病院,茨城県,平成30年度出来高算定病院,0.0,295.0,サフィックス一致,0.9,回春荘病院,,
医療法人社団良友会山陽病院,岡山県,平成30年度出来高算定病院,0.0,204.0,完全一致,1.0,医療法人社団良友会 山陽病院,,
備前市国民健康保険市立日生病院,岡山県,平成30年度出来高算定病院,40.0,92.0,完全一致,1.0,備前市国民健康保険市立日生病院,,
医療法人みらいみらいリハビリテーション病院,鹿児島県,平成30年度出来高算定病院,0.0,199.0,サフィックス一致,0.9,みらいリハビリテーション病院,,
医療法人秀愛会沖野循環器科病院,鹿児島県,平成30年度出来高算定病院,0.0,29.0,サフィックス一致,0.9,沖野循環器科病院,,
医療法人博康会アクラス中央病院,鹿児島県,平成30年度出来高算定病院,0.0,107.0,未結合,,,,
医療法人伸和会かのや東病院,鹿児島県,平成30年度出来高算定病院,20.0,20.0,サフィックス一致,0.9,かのや東病院,,
枕崎市立病院,鹿児島県,平成30年度出来高算定病院,26.0,55.0,完全一致,1.0,枕崎市立病院,,
指宿竹元病院,鹿児島県,平成30年度出来高算定病院,0.0,185.0,未結合,,,,
日田リハビリテーション病院,大分県,平成30年度出来高算定病院,0.0,41.0,完全一致,1.0,日田リハビリテーション病院,,
医療法人社団紘和会平和台病院,宮崎県,平成30年度出来高算定病院,50.0,80.0,完全一致,1.0,医療法人社団紘和会 平和台病院,,
前原総合医療病院,鹿児島県,平成30年度出来高算定病院,60.0,126.0,完全一致,1.0,前原総合医療病院,,
社会福祉法人たちばな会　医療福祉センターオレンジ学園,鹿児島県,平成30年度出来高算定病院,0.0,196.0,サフィックス一致,0.9,医療福祉センターオレンジ学園,,
医療法人永光会あいらの森ホスピタル,鹿児島県,平成30年度出来高算定病院,0.0,144.0,サフィックス一致,0.9,あいらの森ホスピタル,,
医療法人南溟会宮上病院,鹿児島県,平成30年度出来高算定病院,0.0,42.0,サフィックス一致,0.9,宮上病院,,
医療法人徳洲会与論徳洲会病院,鹿児島県,平成30年度出来高算定病院,49.0,81.0,サフィックス一致,0.9,与論徳洲会病院,,
医療法人ちゅうざん会ちゅうざん病院,沖縄県,平成30年度出来高算定病院,34.0,216.0,完全一致,1.0,医療法人ちゅうざん会 ちゅうざん病院,,
国民健康保険高原病院,宮崎県,平成30年度出来高算定病院,14.0,40.0,完全一致,1.0,国民健康保険高原病院,,
五ヶ瀬町国民健康保険病院,宮崎県,平成30年度出来高算定病院,32.0,32.0,未結合,,,,
町立別海病院,北海道,平成30年度出来高算定病院,84.0,84.0,完全一致,1.0,町立別海病院,,
医療法人優仁会若葉台病院,北海道,平成30年度出来高算定病院,0.0,204.0,完全一致,1.0,医療法人優仁会若葉台病院,,
医療法人社団葵会葵会仙台病院,宮城県,平成30年度出来高算定病院,0.0,125.0,完全一致,1.0,医療法人社団葵会 葵会仙台病院,,
医療法人社団三成会南東北春日リハビリテーション病院,福島県,平成30年度出来高算定病院,0.0,60.0,サフィックス一致,0.9,南東北春日リハビリテーション病院,,
ひらた中央病院,福島県,平成30年度出来高算定病院,36.0,142.0,完全一致,1.0,ひらた中央病院,,
木根淵外科胃腸科病院,茨城県,平成30年度出来高算定病院,60.0,60.0,完全一致,1.0,木根淵外科胃腸科病院,,
医療法人徳洲会　山川病院,鹿児島県,平成30年度出来高算定病院,42.0,89.0,サフィックス一致,0.9,山川病院,,
医療法人博悠会博悠会温泉病院,鹿児島県,平成30年度出来高算定病院,0.0,30.0,サフィックス一致,0.9,博悠会温泉病院,,
医療法人　下総会　薬園台リハビリテーション病院,千葉県,平成30年度出来高算定病院,0.0,50.0,完全一致,1.0,医療法人下総会薬園台リハビリテーション病院,,
荘病院,東京都,平成30年度出来高算定病院,60.0,60.0,未結合,,,,
公益財団法人愛世会愛誠病院,東京都,平成30年度出来高算定病院,0.0,441.0,完全一致,1.0,公益財団法人愛世会愛誠病院,,
医療法人社団千秋会　田中吉祥寺病院,東京都,平成30年度出来高算定病院,0.0,58.0,完全一致,1.0,医療法人社団千秋会田中吉祥寺病院,,
医療法人社団八九十会高月整形外科病院,東京都,平成30年度出来高算定病院,31.0,31.0,完全一致,1.0,医療法人社団八九十会 高月整形外科病院,,
聖ヶ丘病院,東京都,平成30年度出来高算定病院,37.0,48.0,未結合,,,,
社会医療法人松田整形外科記念病院,北海道,平成30年度出来高算定病院,60.0,60.0,完全一致,1.0,社会医療法人　松田整形外科記念病院,,
医療法人新川新道整形外科病院,北海道,平成30年度出来高算定病院,31.0,60.0,完全一致,1.0,医療法人 新川新道整形外科病院,,
八幡西病院,福岡県,平成30年度出来高算定病院,0.0,201.0,完全一致,1.0,八幡西病院,,
医療法人社団翠会行橋記念病院,福岡県,平成30年度出来高算定病院,0.0,348.0,完全一致,1.0,医療法人社団翠会 行橋記念病院,,
大手町リハビリテーション病院,福岡県,平成30年度出来高算定病院,0.0,330.0,完全一致,1.0,大手町リハビリテーション病院,,
医療法人智仁会佐賀リハビリテーション病院,佐賀県,平成30年度出来高算定病院,0.0,96.0,完全一致,1.0,医療法人智仁会佐賀リハビリテーション病院,,
医療法人仁和会小池病院,佐賀県,平成30年度出来高算定病院,39.0,39.0,完全一致,1.0,医療法人仁和会小池病院,,
医療法人幸善会前田病院,佐賀県,平成30年度出来高算定病院,40.0,129.0,完全一致,1.0,医療法人幸善会前田病院,,
やました甲状腺病院,福岡県,平成30年度出来高算定病院,38.0,38.0,完全一致,1.0,やました甲状腺病院,,
医療法人豊栄会福岡豊栄会病院,福岡県,平成30年度出来高算定病院,60.0,119.0,サフィックス一致,0.9,福岡豊栄会病院,,
聖マリア病院,長崎県,平成30年度出来高算定病院,0.0,90.0,完全一致,1.0,聖マリア病院,,
青洲会病院,長崎県,平成30年度出来高算定病院,50.0,183.0,完全一致,1.0,青洲会病院,,
国民健康保険平戸市民病院,長崎県,平成30年度出来高算定病院,10.0,87.0,完全一致,1.0,国民健康保険平戸市民病院,,
北部病院,熊本県,平成30年度出来高算定病院,0.0,50.0,完全一致,1.0,北部病院,,
山鹿温泉リハビリテーション病院,熊本県,平成30年度出来高算定病院,0.0,69.0,完全一致,1.0,山鹿温泉リハビリテーション病院,,
医療法人社団三森会三森循環器科呼吸器科病院,熊本県,平成30年度出来高算定病院,58.0,58.0,未結合,,,,
医療法人恵和会田川慈恵病院,福岡県,平成30年度出来高算定病院,0.0,243.0,サフィックス一致,0.9,田川慈恵病院,,
丘ノ規病院,福岡県,平成30年度出来高算定病院,0.0,250.0,完全一致,1.0,丘ノ規病院,,
医療法人悠紀会病院,熊本県,平成30年度出来高算定病院,0.0,139.0,完全一致,1.0,医療法人悠紀会病院,,
天草セントラル病院,熊本県,平成30年度出来高算定病院,0.0,302.0,完全一致,1.0,天草セントラル病院,,
有明成仁病院,熊本県,平成30年度出来高算定病院,0.0,89.0,完全一致,1.0,有明成仁病院,,
大分泌尿器科病院,大分県,平成30年度出来高算定病院,34.0,57.0,完全一致,1.0,大分泌尿器科病院,,
石垣病院,大分県,平成30年度出来高算定病院,59.0,59.0,完全一致,1.0,石垣病院,,
医療法人梶原病院,大分県,平成30年度出来高算定病院,0.0,99.0,完全一致,1.0,梶原病院,,
医療法人昭和会昭和会病院,長崎県,平成30年度出来高算定病院,0.0,248.0,完全一致,1.0,医療法人昭和会　昭和会病院,,
医療法人和光会恵寿病院,長崎県,平成30年度出来高算定病院,0.0,133.0,完全一致,1.0,医療法人和光会　恵寿病院,,
医療法人明和会宮田眼科病院,宮崎県,平成30年度出来高算定病院,71.0,71.0,完全一致,1.0,医療法人明和会宮田眼科病院,,
宗正病院,宮崎県,平成30年度出来高算定病院,21.0,59.0,完全一致,1.0,宗正病院,,
社会医療法人慶明会おび中央病院,宮崎県,平成30年度出来高算定病院,0.0,72.0,完全一致,1.0,医療法人慶明会 おび中央病院,,
医療法人相愛会桑原記念病院,宮崎県,平成30年度出来高算定病院,38.0,38.0,完全一致,1.0,医療法人相愛会 桑原記念病院,,
医療法人社団大和会大塚病院,宮崎県,平成30年度出来高算定病院,3.0,35.0,サフィックス一致,0.9,大塚病院,,
えびの市立病院,宮崎県,平成30年度出来高算定病院,30.0,50.0,完全一致,1.0,えびの市立病院,,
医療法人熊本桜十字　桜十字熊本宇城病院,熊本県,平成30年度出来高算定病院,0.0,199.0,サフィックス一致,0.9,桜十字熊本宇城病院,,
八代敬仁病院,熊本県,平成30年度出来高算定病院,0.0,171.0,完全一致,1.0,八代敬仁病院,,
医療法人岩国病院,山口県,平成30年度出来高算定病院,0.0,41.0,完全一致,1.0,岩国病院,,
医療法人三生会みちがみ病院,山口県,平成30年度出来高算定病院,30.0,30.0,サフィックス一致,0.9,みちがみ病院,,
医療法人なぎさ会沖の洲病院,徳島県,平成30年度出来高算定病院,33.0,33.0,サフィックス一致,0.9,沖の洲病院,,
美波町国民健康保険美波病院,徳島県,平成30年度出来高算定病院,35.0,50.0,完全一致,1.0,美波町国民健康保険美波病院,,
医療法人和光会前田病院,香川県,平成30年度出来高算定病院,36.0,96.0,完全一致,1.0,医療法人和光会前田病院,,
医療法人社団雙和会クワヤ病院,香川県,平成30年度出来高算定病院,34.0,73.0,完全一致,1.0,医療法人社団雙和会 クワヤ病院,,
独立行政法人労働者健康安全機構吉備高原医療リハビリテーションセンター,岡山県,平成30年度出来高算定病院,0.0,101.0,完全一致,1.0,独立行政法人労働者健康安全機構吉備高原医療リハビリテーションセンター,,
医療法人健真会山本整形外科病院,広島県,平成30年度出来高算定病院,36.0,36.0,未結合,,,,
医療法人日昭会岡病院,香川県,平成30年度出来高算定病院,0.0,144.0,完全一致,1.0,医療法人日昭会 岡病院,,
綾川町国民健康保険陶病院,香川県,平成30年度出来高算定病院,15.0,63.0,完全一致,1.0,綾川町国民健康保険 陶病院,,
医療法人松山平成会平成脳神経外科病院,愛媛県,平成30年度出来高算定病院,35.0,65.0,サフィックス一致,0.9,平成脳神経外科病院,,
医療法人天真会南高井病院,愛媛県,平成30年度出来高算定病院,0.0,300.0,完全一致,1.0,医療法人天真会南高井病院,,
医療法人仁明会内科・消化器科羽鳥病院,愛媛県,平成30年度出来高算定病院,33.0,33.0,サフィックス一致,0.9,内科・消化器科羽鳥病院,,
社会福祉法人恩賜財団済生会今治第二病院,愛媛県,平成30年度出来高算定病院,0.0,30.0,完全一致,1.0,社会福祉法人恩賜財団済生会 今治第二病院,,
医療法人和同会山口リハビリテーション病院,山口県,平成30年度出来高算定病院,0.0,180.0,サフィックス一致,0.9,山口リハビリテーション病院,,
玉木病院,山口県,平成30年度出来高算定病院,40.0,151.0,完全一致,1.0,玉木病院,,
医療法人岡村会岡村病院,高知県,平成30年度出来高算定病院,22.0,109.0,サフィックス一致,0.9,岡村病院,,
医療法人野並会高知病院,高知県,平成30年度出来高算定病院,26.0,124.0,未結合,,,,
医療法人旦龍会町田病院,高知県,平成30年度出来高算定病院,60.0,60.0,サフィックス一致,0.9,町田病院,,
医療法人社団晴緑会高知総合リハビリテーション病院,高知県,平成30年度出来高算定病院,0.0,176.0,サフィックス一致,0.9,高知総合リハビリテーション病院,,
医療法人白菊会白菊園病院,高知県,平成30年度出来高算定病院,0.0,187.0,サフィックス一致,0.9,白菊園病院,,
医療法人おくら会芸西病院,高知県,平成30年度出来高算定病院,0.0,193.0,サフィックス一致,0.9,芸西病院,,
医療法人社団和広会伊達病院,香川県,平成30年度出来高算定病院,24.0,24.0,完全一致,1.0,医療法人社団和広会 伊達病院,,
医療法人ブルースカイ松井病院,香川県,平成30年度出来高算定病院,67.0,199.0,サフィックス一致,0.9,松井病院,,
医療法人同仁会乙金病院,福岡県,平成30年度出来高算定病院,0.0,142.0,完全一致,1.0,医療法人同仁会乙金病院,,
医療法人オアシス福岡志恩病院,福岡県,平成30年度出来高算定病院,60.0,60.0,完全一致,1.0,医療法人オアシス 福岡志恩病院,,
医療法人原鶴温泉病院,福岡県,平成30年度出来高算定病院,0.0,78.0,完全一致,1.0,医療法人原鶴温泉病院,,
医療法人広川病院,福岡県,平成30年度出来高算定病院,0.0,211.0,完全一致,1.0,医療法人 広川病院,,
医療法人社団高邦会柳川リハビリテーション病院,福岡県,平成30年度出来高算定病院,60.0,240.0,サフィックス一致,0.9,柳川リハビリテーション病院,,
医療法人悠久会大牟田共立病院,福岡県,平成30年度出来高算定病院,0.0,102.0,完全一致,1.0,医療法人悠久会 大牟田共立病院,,
医療法人康仁会西岡病院,愛媛県,平成30年度出来高算定病院,0.0,60.0,完全一致,1.0,医療法人康仁会 西岡病院,,
加戸病院,愛媛県,平成30年度出来高算定病院,8.0,92.0,完全一致,1.0,加戸病院,,
医療法人財団樹徳会上ヶ原病院,兵庫県,平成30年度出来高算定病院,58.0,124.0,サフィックス一致,0.9,上ヶ原病院,,
翠鳳第一病院,兵庫県,平成30年度出来高算定病院,0.0,119.0,完全一致,1.0,翠鳳第一病院,,
医療法人せいふう会　川西リハビリテーション病院,兵庫県,平成30年度出来高算定病院,0.0,160.0,完全一致,1.0,医療法人せいふう会 川西リハビリテーション病院,,
医療法人水光会伊丹天神川病院,兵庫県,平成30年度出来高算定病院,0.0,267.0,完全一致,1.0,医療法人水光会 伊丹天神川病院,,
医療法人社団祐生会祐生病院,兵庫県,平成30年度出来高算定病院,54.0,83.0,完全一致,1.0,医療法人祐生会 祐生病院,,
医療法人ひまわり会八家病院,兵庫県,平成30年度出来高算定病院,27.0,111.0,完全一致,1.0,医療法人ひまわり会八家病院,,
公益財団法人大阪労働衛生センター第一病院,大阪府,平成30年度出来高算定病院,58.0,213.0,完全一致,1.0,公益財団法人大阪労働衛生センター第一病院,,
医療法人社団和風会千里リハビリテーション病院,大阪府,平成30年度出来高算定病院,0.0,172.0,完全一致,1.0,医療法人社団和風会千里リハビリテーション病院,,
一般財団法人神戸在宅医療・医療介護推進財団神戸リハビリテーション病院,兵庫県,平成30年度出来高算定病院,0.0,180.0,サフィックス一致,0.9,神戸リハビリテーション病院,,
医療法人社団三聖会三聖病院,兵庫県,平成30年度出来高算定病院,0.0,90.0,サフィックス一致,0.9,三聖病院,,
医療法人新仁会奈良春日病院,奈良県,平成30年度出来高算定病院,0.0,186.0,完全一致,1.0,医療法人新仁会 奈良春日病院,,
医療法人社団松下会東生駒病院,奈良県,平成30年度出来高算定病院,0.0,121.0,完全一致,1.0,医療法人社団松下会 東生駒病院,,
医療法人友紘会奈良友紘会病院,奈良県,平成30年度出来高算定病院,49.0,192.0,サフィックス一致,0.9,奈良友紘会病院,,
医療法人弘生会関屋病院,奈良県,平成30年度出来高算定病院,0.0,306.0,完全一致,1.0,医療法人弘生会関屋病院,,
医療法人社団中井病院,兵庫県,平成30年度出来高算定病院,18.0,48.0,完全一致,1.0,中井病院,,
医療法人楠和会公文病院,兵庫県,平成30年度出来高算定病院,60.0,111.0,サフィックス一致,0.9,公文病院,,
国保すさみ病院,和歌山県,平成30年度出来高算定病院,25.0,25.0,完全一致,1.0,国保すさみ病院,,
ウェルフェア北園渡辺病院,鳥取県,平成30年度出来高算定病院,0.0,180.0,完全一致,1.0,ウェルフェア北園渡辺病院,,
医療法人友紘会皆生温泉病院,鳥取県,平成30年度出来高算定病院,0.0,158.0,サフィックス一致,0.9,皆生温泉病院,,
コープリハビリテーション病院,岡山県,平成30年度出来高算定病院,0.0,127.0,完全一致,1.0,コープリハビリテーション病院,,
医療法人緑隆会太田病院,岡山県,平成30年度出来高算定病院,0.0,56.0,サフィックス一致,0.9,太田病院,,
長島病院,岡山県,平成30年度出来高算定病院,0.0,128.0,サフィックス一致,0.9,医療法人長光会長島病院,,
医療法人社団天馬会半田中央病院,兵庫県,平成30年度出来高算定病院,62.0,130.0,完全一致,1.0,医療法人社団天馬会 半田中央病院,,
魚橋病院,兵庫県,平成30年度出来高算定病院,20.0,374.0,完全一致,1.0,魚橋病院,,
広島シーサイド病院,広島県,平成30年度出来高算定病院,0.0,183.0,完全一致,1.0,広島シーサイド病院,,
医療法人清泉会一ノ瀬病院,広島県,平成30年度出来高算定病院,29.0,95.0,完全一致,1.0,医療法人 清泉会 一ノ瀬病院,,
医療法人社団中川会呉中通病院,広島県,平成30年度出来高算定病院,20.0,123.0,完全一致,1.0,医療法人社団中川会 呉中通病院,,
医療法人桜衣会　南海田病院,広島県,平成30年度出来高算定病院,20.0,60.0,完全一致,1.0,医療法人桜衣会　南海田病院,,
医療法人和同会宇部リハビリテーション病院,山口県,平成30年度出来高算定病院,0.0,232.0,サフィックス一致,0.9,宇部リハビリテーション病院,,
医療法人太白会シーサイド病院,山口県,平成30年度出来高算定病院,0.0,107.0,サフィックス一致,0.9,シーサイド病院,,
琴の浦リハビリテーションセンター附属病院,和歌山県,平成30年度出来高算定病院,48.0,108.0,未結合,,,,
医療法人藤民病院,和歌山県,平成30年度出来高算定病院,0.0,93.0,完全一致,1.0,藤民病院,,
医療法人赫和会杉石病院,愛知県,平成30年度出来高算定病院,0.0,103.0,完全一致,1.0,医療法人赫和会杉石病院,,
医療法人橘会東名病院,愛知県,平成30年度出来高算定病院,40.0,58.0,完全一致,1.0,医療法人橘会 東名病院,,
医療法人（社団）佐藤病院長島中央病院,三重県,平成30年度出来高算定病院,0.0,160.0,完全一致,1.0,医療法人（社団）佐藤病院 長島中央病院,,
医療法人安仁会水沢病院,三重県,平成30年度出来高算定病院,0.0,212.0,サフィックス一致,0.9,水沢病院,,
花の丘病院,三重県,平成30年度出来高算定病院,0.0,96.0,完全一致,1.0,花の丘病院,,
京都回生病院,京都府,平成30年度出来高算定病院,41.0,175.0,サフィックス一致,0.9,医療法人回生会京都回生病院,,
医療法人大朋会岡崎共立病院,愛知県,平成30年度出来高算定病院,0.0,190.0,完全一致,1.0,医療法人大朋会 岡崎共立病院,,
医療法人葵葵セントラル病院,愛知県,平成30年度出来高算定病院,1.0,1.0,完全一致,1.0,医療法人葵　葵セントラル病院,,
医療法人新生十全会　京都ならびがおか病院,京都府,平成30年度出来高算定病院,0.0,310.0,完全一致,1.0,医療法人新生十全会京都ならびがおか病院,,
医療法人新生十全会なごみの里病院,京都府,平成30年度出来高算定病院,0.0,232.0,完全一致,1.0,医療法人新生十全会なごみの里病院,,
医療法人仁心会宇治川病院,京都府,平成30年度出来高算定病院,0.0,179.0,完全一致,1.0,医療法人仁心会宇治川病院,,
医療法人社団一心会都倉病院,京都府,平成30年度出来高算定病院,35.0,55.0,完全一致,1.0,医療法人社団一心会都倉病院,,
医療法人綾冨士会綾部ルネス病院,京都府,平成30年度出来高算定病院,43.0,86.0,完全一致,1.0,医療法人綾冨士会綾部ルネス病院,,
医療法人医修会新河端病院,京都府,平成30年度出来高算定病院,99.0,99.0,完全一致,1.0,医療法人医修会新河端病院,,
西知多リハビリテーション病院,愛知県,平成30年度出来高算定病院,0.0,59.0,完全一致,1.0,西知多リハビリテーション病院,,
医療法人福友会福友病院,愛知県,平成30年度出来高算定病院,0.0,185.0,完全一致,1.0,医療法人福友会 福友病院,,
医療法人新生十全会　京都東山老年サナトリウム,京都府,平成30年度出来高算定病院,0.0,747.0,完全一致,1.0,医療法人新生十全会京都東山老年サナトリウム,,
国保京丹波町病院,京都府,平成30年度出来高算定病院,29.0,47.0,完全一致,1.0,国保京丹波町病院,,
医療法人慈友会堺山口病院,大阪府,平成30年度出来高算定病院,60.0,60.0,完全一致,1.0,医療法人慈友会堺山口病院,,
医療法人錦秀会阪和第一泉北病院,大阪府,平成30年度出来高算定病院,0.0,1024.0,完全一致,1.0,医療法人錦秀会阪和第一泉北病院,,
多根第二病院,大阪府,平成30年度出来高算定病院,0.0,216.0,完全一致,1.0,多根第二病院,,
医療法人守田会いぶきの病院,大阪府,平成30年度出来高算定病院,24.0,340.0,完全一致,1.0,医療法人守田会いぶきの病院,,
医療法人寿尚会洛陽病院,京都府,平成30年度出来高算定病院,41.0,135.0,完全一致,1.0,医療法人寿尚会洛陽病院,,
医療法人社団順和会京都下鴨病院,京都府,平成30年度出来高算定病院,52.0,52.0,完全一致,1.0,医療法人社団順和会京都下鴨病院,,
医療法人錦秀会阪和第二住吉病院,大阪府,平成30年度出来高算定病院,0.0,200.0,完全一致,1.0,医療法人錦秀会阪和第二住吉病院,,
医療法人大寿会大寿会病院,大阪府,平成30年度出来高算定病院,0.0,385.0,完全一致,1.0,医療法人大寿会大寿会病院,,
一般財団法人成研会結のぞみ病院,大阪府,平成30年度出来高算定病院,0.0,394.0,完全一致,1.0,一般財団法人成研会結のぞみ病院,,
社会医療法人ペガサスペガサスリハビリテーション病院,大阪府,平成30年度出来高算定病院,0.0,150.0,完全一致,1.0,社会医療法人ペガサスペガサスリハビリテーション病院,,
医療法人紀和会正風病院,大阪府,平成30年度出来高算定病院,47.0,199.0,完全一致,1.0,医療法人紀和会正風病院,,
医療法人脳神経外科日本橋病院,大阪府,平成30年度出来高算定病院,0.0,75.0,完全一致,1.0,医療法人脳神経外科日本橋病院,,
医療法人社団石鎚会　京都田辺記念病院,京都府,平成30年度出来高算定病院,0.0,120.0,完全一致,1.0,医療法人社団石鎚会京都田辺記念病院,,
医療法人京都翔医会西京都病院,京都府,平成30年度出来高算定病院,50.0,199.0,完全一致,1.0,医療法人京都翔医会西京都病院,,
医療法人社団浅ノ川千木病院,石川県,平成30年度出来高算定病院,0.0,400.0,完全一致,1.0,医療法人社団浅ノ川千木病院,,
医療法人初生会福井中央クリニック,福井県,平成30年度出来高算定病院,9.0,50.0,サフィックス一致,0.9,福井中央クリニック,,
奥村病院,福井県,平成30年度出来高算定病院,0.0,33.0,完全一致,1.0,奥村病院,,
医療法人笠原病院,福井県,平成30年度出来高算定病院,0.0,71.0,完全一致,1.0,医療法人笠原病院,,
レイクヒルズ美方病院,福井県,平成30年度出来高算定病院,18.0,100.0,完全一致,1.0,レイクヒルズ美方病院,,
都留市立病院,山梨県,平成30年度出来高算定病院,127.0,137.0,完全一致,1.0,都留市立病院,,
柿生記念病院,神奈川県,平成30年度出来高算定病院,0.0,270.0,完全一致,1.0,柿生記念病院,,
東新潟病院,新潟県,平成30年度出来高算定病院,0.0,165.0,完全一致,1.0,東新潟病院,,
医療法人馨仁会藤掛病院,岐阜県,平成30年度出来高算定病院,48.0,57.0,完全一致,1.0,医療法人 馨仁会 藤掛病院,,
医療法人社団健育会熱川温泉病院,静岡県,平成30年度出来高算定病院,0.0,199.0,完全一致,1.0,医療法人社団健育会 熱川温泉病院,,
医療法人社団親和会西島病院,静岡県,平成30年度出来高算定病院,150.0,150.0,完全一致,1.0,医療法人社団親和会 西島病院,,
公益社団法人有隣厚生会富士小山病院,静岡県,平成30年度出来高算定病院,39.0,96.0,完全一致,1.0,公益社団法人 有隣厚生会 富士小山病院,,
医療法人社団健寿会山の上病院,静岡県,平成30年度出来高算定病院,0.0,401.0,完全一致,1.0,医療法人社団健寿会 山の上病院,,
しずおか整形外科病院,静岡県,平成30年度出来高算定病院,24.0,84.0,完全一致,1.0,しずおか整形外科病院,,
社会医療法人財団松原愛育会松原病院,石川県,平成30年度出来高算定病院,0.0,443.0,完全一致,1.0,社会医療法人財団松原愛育会 松原病院,,
医療法人社団和宏会大手町病院,石川県,平成30年度出来高算定病院,0.0,180.0,完全一致,1.0,医療法人社団和宏会大手町病院,,
袋井市立聖隷袋井市民病院,静岡県,平成30年度出来高算定病院,50.0,150.0,完全一致,1.0,袋井市立 聖隷袋井市民病院,,
医療法人社団誠心会浜北さくら台病院,静岡県,平成30年度出来高算定病院,0.0,258.0,完全一致,1.0,医療法人社団 誠心会 浜北さくら台病院,,
（医）福友会八田なみき病院,愛知県,平成30年度出来高算定病院,0.0,207.0,サフィックス一致,0.9,医療法人福友会八田なみき病院,,
医療法人東樹会あずまリハビリテーション病院,愛知県,平成30年度出来高算定病院,0.0,90.0,完全一致,1.0,医療法人東樹会 あずまリハビリテーション病院,,
医療法人義興会可知記念病院,愛知県,平成30年度出来高算定病院,0.0,580.0,完全一致,1.0,医療法人義興会 可知記念病院,,
医療法人博報会岡崎東病院,愛知県,平成30年度出来高算定病院,0.0,107.0,完全一致,1.0,医療法人博報会 岡崎東病院,,
北杜市立甲陽病院,山梨県,平成30年度出来高算定病院,60.0,92.0,完全一致,1.0,北杜市立甲陽病院,,
各務原リハビリテーション病院,岐阜県,平成30年度出来高算定病院,0.0,116.0,完全一致,1.0,各務原リハビリテーション病院,,
上林記念病院,愛知県,平成30年度出来高算定病院,0.0,347.0,完全一致,1.0,上林記念病院,,
医療法人青和会中央病院,愛知県,平成30年度出来高算定病院,0.0,90.0,完全一致,1.0,医療法人青和会中央病院,,
半田中央病院,愛知県,平成30年度出来高算定病院,0.0,80.0,完全一致,1.0,半田中央病院,,
豊川青山病院,愛知県,平成30年度出来高算定病院,0.0,113.0,完全一致,1.0,豊川青山病院,,
津島リハビリテーション病院,愛知県,平成30年度出来高算定病院,0.0,61.0,完全一致,1.0,津島リハビリテーション病院,,
医療法人清慈会鈴木病院,愛知県,平成30年度出来高算定病院,68.0,68.0,完全一致,1.0,医療法人清慈会 鈴木病院,,
静清リハビリテーション病院,静岡県,平成30年度出来高算定病院,0.0,250.0,完全一致,1.0,静清リハビリテーション病院,,
医療法人社団綾和会浜松南病院,静岡県,平成30年度出来高算定病院,27.0,150.0,完全一致,1.0,医療法人社団綾和会 浜松南病院,,
医療法人社団　花みずき会　保谷厚生病院,東京都,平成30年度出来高算定病院,118.0,178.0,完全一致,1.0,医療法人社団花みずき会 保谷厚生病院,,
医療法人社団弘生会東都三軒茶屋リハビリテーション病院,東京都,平成30年度出来高算定病院,0.0,157.0,完全一致,1.0,医療法人社団弘生会 東都三軒茶屋リハビリテーション病院,,
医療法人社団大坪会三軒茶屋第一病院,東京都,平成30年度出来高算定病院,58.0,173.0,完全一致,1.0,医療法人社団大坪会 三軒茶屋第一病院,,
医療法人社団ワンアンドオンリー新横浜母と子の病院,神奈川県,平成30年度出来高算定病院,60.0,60.0,サフィックス一致,0.9,新横浜母と子の病院,,
医療法人社団聖ルカ会パシフィックホスピタル,神奈川県,平成30年度出来高算定病院,0.0,209.0,完全一致,1.0,医療法人社団聖ルカ会 パシフィックホスピタル,,
医療法人社団健齢会ふれあい平塚ホスピタル,神奈川県,平成30年度出来高算定病院,0.0,125.0,完全一致,1.0,医療法人社団健齢会 ふれあい平塚ホスピタル,,
医療法人社団三秀会青梅三慶病院,東京都,平成30年度出来高算定病院,0.0,124.0,完全一致,1.0,医療法人社団三秀会 青梅三慶病院,,
医療法人財団敬寿会相武病院,東京都,平成30年度出来高算定病院,0.0,271.0,完全一致,1.0,医療法人財団敬寿会 相武病院,,
医療法人社団清伸会ふじの温泉病院,神奈川県,平成30年度出来高算定病院,0.0,472.0,完全一致,1.0,医療法人社団清伸会 ふじの温泉病院,,
小松会病院,神奈川県,平成30年度出来高算定病院,0.0,402.0,完全一致,1.0,小松会病院,,
医療法人杏林会八木病院,神奈川県,平成30年度出来高算定病院,0.0,80.0,完全一致,1.0,医療法人杏林会 八木病院,,
医療法人社団葵会ＡＯＩ七沢リハビリテーション病院,神奈川県,平成30年度出来高算定病院,0.0,245.0,完全一致,1.0,医療法人社団葵会 AOI七沢リハビリテーション病院,,
医療法人社団成仁会長田病院,神奈川県,平成30年度出来高算定病院,47.0,97.0,完全一致,1.0,医療法人社団成仁会長田病院,,
横浜鶴ヶ峰病院,神奈川県,平成30年度出来高算定病院,108.0,108.0,完全一致,1.0,横浜鶴ヶ峰病院,,
清瀬リハビリテーション病院,東京都,平成30年度出来高算定病院,27.0,168.0,サフィックス一致,0.9,社会福祉法人上宮会 清瀬リハビリテーション病院,,
特定医療法人社団研精会稲城台病院,東京都,平成30年度出来高算定病院,0.0,369.0,完全一致,1.0,特定医療法人社団研精会稲城台病院,,
横浜田園都市病院,神奈川県,平成30年度出来高算定病院,0.0,375.0,完全一致,1.0,横浜田園都市病院,,
牧野リハビリテーション病院,神奈川県,平成30年度出来高算定病院,0.0,120.0,未結合,,,,
医療法人社団柏綾会綾瀬厚生病院,神奈川県,平成30年度出来高算定病院,84.0,182.0,完全一致,1.0,医療法人社団 柏綾会 綾瀬厚生病院,,
ＡＯＩ国際病院,神奈川県,平成30年度出来高算定病院,120.0,328.0,完全一致,1.0,AOI国際病院,,
医療法人社団愛成会京浜総合病院,神奈川県,平成30年度出来高算定病院,56.0,140.0,完全一致,1.0,医療法人社団愛成会 京浜総合病院,,
医療法人社団総生会麻生リハビリ総合病院,神奈川県,平成30年度出来高算定病院,0.0,180.0,完全一致,1.0,医療法人社団総生会麻生リハビリ総合病院,,
医療法人社団康心会茅ケ崎中央病院,神奈川県,平成30年度出来高算定病院,104.0,476.0,未結合,,,,
医療法人相愛会相愛病院,神奈川県,平成30年度出来高算定病院,0.0,122.0,完全一致,1.0,医療法人 相愛会 相愛病院,,
佐渡市立両津病院,新潟県,平成30年度出来高算定病院,12.0,60.0,完全一致,1.0,佐渡市立両津病院,,
医療法人社団葵会新潟聖籠病院,新潟県,平成30年度出来高算定病院,0.0,240.0,サフィックス一致,0.9,新潟聖籠病院,,
町立津南病院,新潟県,平成30年度出来高算定病院,0.0,40.0,完全一致,1.0,町立津南病院,,
横田記念病院,富山県,平成30年度出来高算定病院,24.0,68.0,完全一致,1.0,横田記念病院,,
医療法人社団尽誠会野村病院,富山県,平成30年度出来高算定病院,0.0,200.0,サフィックス一致,0.9,野村病院,,
あさなぎ病院,富山県,平成30年度出来高算定病院,33.0,53.0,完全一致,1.0,あさなぎ病院,,
医療法人社団元気会横浜病院,神奈川県,平成30年度出来高算定病院,0.0,270.0,完全一致,1.0,医療法人社団元気会横浜病院,,
医療法人社団鴨居病院,神奈川県,平成30年度出来高算定病院,54.0,150.0,完全一致,1.0,医療法人社団 鴨居病院,,
南房総市立富山国保病院,千葉県,平成30年度出来高算定病院,4.0,51.0,完全一致,1.0,南房総市立富山国保病院,,
国立研究開発法人量子科学技術研究開発機構ＱＳＴ病院,千葉県,平成30年度出来高算定病院,60.0,60.0,完全一致,1.0,国立研究開発法人量子科学技術研究開発機構　QST病院,,
社会福祉法人恩賜財団母子愛育会総合母子保健センター愛育病院,東京都,平成30年度出来高算定病院,160.0,160.0,完全一致,1.0,社会福祉法人恩賜財団母子愛育会総合母子保健センター愛育病院,,
公益財団法人ライフ・エクステンション研究所付属永寿総合病院柳橋分院,東京都,平成30年度出来高算定病院,0.0,80.0,完全一致,1.0,公益財団法人ライフ・エクステンション研究所付属永寿総合病院 柳橋分院,,
東京都リハビリテーション病院,東京都,平成30年度出来高算定病院,34.0,165.0,完全一致,1.0,東京都リハビリテーション病院,,
公益財団法人河野臨牀医学研究所附属品川リハビリテーション病院,東京都,平成30年度出来高算定病院,0.0,130.0,完全一致,1.0,公益財団法人河野臨牀医学研究所附属品川リハビリテーション病院,,
医療法人社団鵬会高名清養病院,千葉県,平成30年度出来高算定病院,0.0,272.0,完全一致,1.0,医療法人社団鵬会高名清養病院,,
医療法人社団やしの木会浦安中央病院,千葉県,平成30年度出来高算定病院,44.0,72.0,完全一致,1.0,医療法人社団やしの木会浦安中央病院,,
三軒茶屋病院,東京都,平成30年度出来高算定病院,102.0,214.0,サフィックス一致,0.9,医療法人社団大坪会三軒茶屋病院,,
医療法人内藤病院,東京都,平成30年度出来高算定病院,10.0,53.0,完全一致,1.0,医療法人内藤病院,,
社会福祉法人浄風園中野江古田病院,東京都,平成30年度出来高算定病院,92.0,173.0,完全一致,1.0,社会福祉法人浄風園 中野江古田病院,,
医療法人社団博栄会浮間中央病院,東京都,平成30年度出来高算定病院,48.0,95.0,完全一致,1.0,医療法人社団博栄会 浮間中央病院,,
医療法人社団博栄会赤羽中央総合病院,東京都,平成30年度出来高算定病院,104.0,199.0,完全一致,1.0,医療法人社団博栄会 赤羽中央総合病院,,
医療法人杏林会リハビリパーク板橋病院,東京都,平成30年度出来高算定病院,55.0,184.0,サフィックス一致,0.9,リハビリパーク板橋病院,,
医療法人社団　千葉光徳会　千葉しすい病院,千葉県,平成30年度出来高算定病院,0.0,311.0,完全一致,1.0,医療法人社団千葉光徳会千葉しすい病院,,
医療法人社団誠和会長谷川病院,千葉県,平成30年度出来高算定病院,0.0,108.0,完全一致,1.0,医療法人社団誠和会長谷川病院,,
医療法人財団健和会柳原リハビリテーション病院,東京都,平成30年度出来高算定病院,0.0,100.0,完全一致,1.0,医療法人財団健和会 柳原リハビリテーション病院,,
医療法人社団洪泳会東京洪誠病院,東京都,平成30年度出来高算定病院,76.0,120.0,完全一致,1.0,医療法人社団洪泳会 東京洪誠病院,,
医療法人社団俊和会寺田病院,東京都,平成30年度出来高算定病院,50.0,50.0,完全一致,1.0,医療法人社団俊和会 寺田病院,,
医療法人社団葛西中央病院,東京都,平成30年度出来高算定病院,57.0,57.0,完全一致,1.0,医療法人社団葛西中央病院,,
江戸川メディケア病院,東京都,平成30年度出来高算定病院,28.0,199.0,完全一致,1.0,江戸川メディケア病院,,
武蔵野台病院,東京都,平成30年度出来高算定病院,0.0,345.0,完全一致,1.0,武蔵野台病院,,
医療法人社団目黒厚生会本田病院,東京都,平成30年度出来高算定病院,34.0,72.0,完全一致,1.0,医療法人社団目黒厚生会　本田病院,,
医療法人社団爽玄会碑文谷病院,東京都,平成30年度出来高算定病院,29.0,72.0,完全一致,1.0,医療法人社団爽玄会 碑文谷病院,,
医療法人社団新山会希望の丘八王子病院,東京都,平成30年度出来高算定病院,0.0,288.0,完全一致,1.0,医療法人社団新山会 希望の丘八王子病院,,
医療法人財団立川中央病院,東京都,平成30年度出来高算定病院,0.0,115.0,完全一致,1.0,医療法人財団立川中央病院,,
医療法人社団芙蓉会ふよう病院,東京都,平成30年度出来高算定病院,0.0,164.0,完全一致,1.0,医療法人社団芙蓉会 ふよう病院,,
医療法人社団康心会ふれあい町田ホスピタル,東京都,平成30年度出来高算定病院,0.0,199.0,サフィックス一致,0.9,ふれあい町田ホスピタル,,
医療法人社団大坪会北多摩病院,東京都,平成30年度出来高算定病院,179.0,269.0,完全一致,1.0,医療法人社団大坪会北多摩病院,,
医療法人社団飯野病院,東京都,平成30年度出来高算定病院,61.0,61.0,完全一致,1.0,医療法人社団飯野病院,,
医療法人社団健育会ねりま健育会病院,東京都,平成30年度出来高算定病院,0.0,100.0,完全一致,1.0,医療法人社団健育会　ねりま健育会病院,,
愛里病院,東京都,平成30年度出来高算定病院,45.0,117.0,完全一致,1.0,愛里病院,,
医療法人社団全仁会宇都宮中央病院,栃木県,平成30年度出来高算定病院,50.0,198.0,サフィックス一致,0.9,宇都宮中央病院,,
一般社団法人巨樹の会宇都宮リハビリテーション病院,栃木県,平成30年度出来高算定病院,0.0,96.0,サフィックス一致,0.9,宇都宮リハビリテーション病院,,
佐野医師会病院,栃木県,平成30年度出来高算定病院,85.0,119.0,完全一致,1.0,佐野医師会病院,,
那須北病院,栃木県,平成30年度出来高算定病院,34.0,100.0,完全一致,1.0,那須北病院,,
産科婦人科舘出張佐藤病院,群馬県,平成30年度出来高算定病院,77.0,77.0,完全一致,1.0,産科婦人科舘出張佐藤病院,,
一般財団法人榛名荘榛名荘病院,群馬県,平成30年度出来高算定病院,65.0,199.0,サフィックス一致,0.9,榛名荘病院,,
医療法人慈政会小柳病院,茨城県,平成30年度出来高算定病院,0.0,408.0,完全一致,1.0,医療法人慈政会小柳病院,,
笠間市立病院,茨城県,平成30年度出来高算定病院,0.0,30.0,完全一致,1.0,笠間市立病院,,
医療法人社団双愛会大宮双愛病院,埼玉県,平成30年度出来高算定病院,56.0,90.0,完全一致,1.0,医療法人社団双愛会大宮双愛病院,,
医療法人聖心会南古谷病院,埼玉県,平成30年度出来高算定病院,57.0,137.0,サフィックス一致,0.9,南古谷病院,,
医療法人新井病院,埼玉県,平成30年度出来高算定病院,99.0,99.0,完全一致,1.0,新井病院,,
医療法人三和会東鷲宮病院,埼玉県,平成30年度出来高算定病院,47.0,163.0,サフィックス一致,0.9,東鷲宮病院,,
埼玉県総合リハビリテーションセンター,埼玉県,平成30年度出来高算定病院,37.0,120.0,完全一致,1.0,埼玉県総合リハビリテーションセンター,,
医療法人財団ヘリオス会ヘリオス会病院,埼玉県,平成30年度出来高算定病院,97.0,273.0,完全一致,1.0,医療法人財団ヘリオス会ヘリオス会病院,,
医療法人鴻仁会上の原病院,茨城県,平成30年度出来高算定病院,0.0,201.0,完全一致,1.0,医療法人鴻仁会上の原病院,,
医療法人報徳会宇都宮病院,栃木県,平成30年度出来高算定病院,59.0,496.0,完全一致,1.0,報徳会宇都宮病院,,
医療法人仁栄会所沢緑ヶ丘病院,埼玉県,平成30年度出来高算定病院,0.0,51.0,未結合,,,,
医療法人社団優慈会佐々木病院,埼玉県,平成30年度出来高算定病院,60.0,110.0,完全一致,1.0,医療法人社団優慈会佐々木病院,,
医療法人社団ふけ会富家千葉病院,千葉県,平成30年度出来高算定病院,0.0,199.0,完全一致,1.0,医療法人社団ふけ会富家千葉病院,,
一般社団法人巨樹の会千葉みなとリハビリテーション病院,千葉県,平成30年度出来高算定病院,0.0,180.0,完全一致,1.0,一般社団法人巨樹の会 千葉みなとリハビリテーション病院,,
医療法人社団琢心会辰巳病院,千葉県,平成30年度出来高算定病院,25.0,81.0,完全一致,1.0,医療法人社団琢心会辰巳病院,,
医療法人社団徳風会髙根病院,千葉県,平成30年度出来高算定病院,18.0,152.0,完全一致,1.0,医療法人社団徳風会髙根病院,,
公益社団法人群馬県医師会群馬リハビリテーション病院,群馬県,平成30年度出来高算定病院,0.0,189.0,サフィックス一致,0.9,（公社）群馬県医師会群馬リハビリテーション病院,,
医療法人社団桐和会　タムスさくら病院川口,埼玉県,平成30年度出来高算定病院,45.0,390.0,完全一致,1.0,医療法人社団桐和会　タムスさくら病院川口,,
医療法人社団葵会千葉・柏リハビリテーション病院,千葉県,平成30年度出来高算定病院,0.0,430.0,完全一致,1.0,医療法人社団葵会千葉・柏リハビリテーション病院,,
医療法人社団弥生会旭神経内科リハビリテーション病院,千葉県,平成30年度出来高算定病院,0.0,98.0,完全一致,1.0,医療法人社団弥生会旭神経内科リハビリテーション病院,,
一般社団法人巨樹の会松戸リハビリテーション病院,千葉県,平成30年度出来高算定病院,0.0,180.0,サフィックス一致,0.9,松戸リハビリテーション病院,,
医療法人社団上総会山之内病院,千葉県,平成30年度出来高算定病院,21.0,105.0,完全一致,1.0,医療法人社団上総会山之内病院,,
医療法人社団三愛会君塚病院,千葉県,平成30年度出来高算定病院,18.0,91.0,完全一致,1.0,医療法人社団三愛会君塚病院,,
医療法人社団貴志会菅原病院,千葉県,平成30年度出来高算定病院,36.0,62.0,完全一致,1.0,医療法人社団貴志会菅原病院,,
こうのす共生病院,埼玉県,平成30年度出来高算定病院,58.0,116.0,完全一致,1.0,こうのす共生病院,,
医療法人社団草芳会三芳野病院,埼玉県,平成30年度出来高算定病院,97.0,109.0,完全一致,1.0,医療法人社団草芳会三芳野病院,,
栃内病院,岩手県,平成30年度出来高算定病院,90.0,90.0,完全一致,1.0,栃内病院,,
一般社団法人みちのく愛隣病院東八幡平病院,岩手県,平成30年度出来高算定病院,50.0,150.0,サフィックス一致,0.9,東八幡平病院,,
社団医療法人啓愛会美山病院,岩手県,平成30年度出来高算定病院,48.0,172.0,サフィックス一致,0.9,美山病院,,
社団医療法人啓愛会美希病院,岩手県,平成30年度出来高算定病院,44.0,249.0,サフィックス一致,0.9,美希病院,,
栃内第二病院,岩手県,平成30年度出来高算定病院,44.0,144.0,完全一致,1.0,栃内第二病院,,
国民健康保険葛巻病院,岩手県,平成30年度出来高算定病院,33.0,60.0,完全一致,1.0,国民健康保険葛巻病院,,
釧路北病院,北海道,平成30年度出来高算定病院,0.0,244.0,サフィックス一致,0.9,医療法人豊慈会釧路北病院,,
町立中標津病院,北海道,平成30年度出来高算定病院,120.0,130.0,完全一致,1.0,町立中標津病院,,
栗原市立若柳病院,宮城県,平成30年度出来高算定病院,0.0,75.0,完全一致,1.0,栗原市立若柳病院,,
星陵あすか病院,宮城県,平成30年度出来高算定病院,0.0,300.0,完全一致,1.0,星陵あすか病院,,
公立加美病院,宮城県,平成30年度出来高算定病院,21.0,90.0,完全一致,1.0,公立加美病院,,
社会医療法人明和会中通リハビリテーション病院,秋田県,平成30年度出来高算定病院,0.0,220.0,サフィックス一致,0.9,中通リハビリテーション病院,,
外旭川病院,秋田県,平成30年度出来高算定病院,0.0,241.0,サフィックス一致,0.9,医療法人惇慧会 外旭川病院,,
医療法人健永会大館記念病院,秋田県,平成30年度出来高算定病院,20.0,98.0,サフィックス一致,0.9,大館記念病院,,
国民健康保険南部町医療センター,青森県,平成30年度出来高算定病院,26.0,66.0,完全一致,1.0,国民健康保険南部町医療センター,,
社団医療法人啓愛会孝仁病院,岩手県,平成30年度出来高算定病院,35.0,180.0,完全一致,1.0,社団医療法人啓愛会 孝仁病院,,
日本海酒田リハビリテーション病院,山形県,平成30年度出来高算定病院,0.0,114.0,完全一致,1.0,日本海酒田リハビリテーション病院,,
吉岡病院,山形県,平成30年度出来高算定病院,78.0,126.0,完全一致,1.0,吉岡病院,,
医療法人篠田好生会天童温泉篠田病院,山形県,平成30年度出来高算定病院,60.0,60.0,完全一致,1.0,医療法人篠田好生会天童温泉篠田病院,,
福島県立南会津病院,福島県,平成30年度出来高算定病院,71.0,85.0,完全一致,1.0,福島県立南会津病院,,
社会医療法人財団　古宿会　水戸中央病院,茨城県,平成30年度出来高算定病院,65.0,178.0,完全一致,1.0,社会医療法人財団古宿会　水戸中央病院,,
医療法人社団北水会北水会記念病院,茨城県,平成30年度出来高算定病院,83.0,128.0,完全一致,1.0,医療法人社団北水会北水会記念病院,,
登米市立豊里病院,宮城県,平成30年度出来高算定病院,0.0,90.0,完全一致,1.0,登米市立豊里病院,,
登米市立米谷病院,宮城県,平成30年度出来高算定病院,0.0,80.0,完全一致,1.0,登米市立米谷病院,,
公益財団法人鹿島病院,茨城県,平成30年度出来高算定病院,0.0,261.0,完全一致,1.0,公益財団法人 鹿島病院,,
医療法人三星会茨城リハビリテーション病院,茨城県,平成30年度出来高算定病院,0.0,178.0,完全一致,1.0,医療法人三星会茨城リハビリテーション病院,,
西山堂慶和病院,茨城県,平成30年度出来高算定病院,60.0,145.0,完全一致,1.0,西山堂慶和病院,,
医療法人渡辺会大洗海岸病院,茨城県,平成30年度出来高算定病院,74.0,97.0,サフィックス一致,0.9,大洗海岸病院,,
公益財団法人報恩会石崎病院,茨城県,平成30年度出来高算定病院,0.0,291.0,完全一致,1.0,公益財団法人報恩会石崎病院,,
医療法人美湖会美浦中央病院,茨城県,平成30年度出来高算定病院,60.0,186.0,完全一致,1.0,医療法人美湖会美浦中央病院,,
由利本荘医師会病院,秋田県,平成30年度出来高算定病院,15.0,100.0,完全一致,1.0,由利本荘医師会病院,,
医療法人仁政会杉山病院,秋田県,平成30年度出来高算定病院,0.0,264.0,サフィックス一致,0.9,杉山病院,,
医療法人康陽会花牟禮病院,鹿児島県,平成30年度出来高算定病院,18.0,32.0,サフィックス一致,0.9,花牟禮病院,,
医療法人南洲会南洲整形外科病院,鹿児島県,平成30年度出来高算定病院,36.0,70.0,サフィックス一致,0.9,南洲整形外科病院,,
医療法人仁心会福山病院,鹿児島県,平成30年度出来高算定病院,0.0,314.0,完全一致,1.0,医療法人仁心会　福山病院,,
琉生病院,沖縄県,平成30年度出来高算定病院,0.0,88.0,完全一致,1.0,琉生病院,,
医療法人寿仁会沖縄セントラル病院,沖縄県,平成30年度出来高算定病院,0.0,132.0,完全一致,1.0,医療法人寿仁会 沖縄セントラル病院,,
医療法人祥杏会おもろまちメディカルセンター,沖縄県,平成30年度出来高算定病院,0.0,154.0,サフィックス一致,0.9,おもろまちメディカルセンター,,
医療法人社団育生会井上病院,宮崎県,平成30年度出来高算定病院,22.0,22.0,サフィックス一致,0.9,井上病院,,
医療法人早田病院,宮崎県,平成30年度出来高算定病院,26.0,51.0,完全一致,1.0,早田病院,,
医療法人タピック宮里病院,沖縄県,平成30年度出来高算定病院,0.0,239.0,完全一致,1.0,医療法人タピック宮里病院,,
医療法人真徳会沖縄メディカル病院,沖縄県,平成30年度出来高算定病院,30.0,199.0,完全一致,1.0,医療法人真徳会 沖縄メディカル病院,,
医療法人新緑会屋宜原病院,沖縄県,平成30年度出来高算定病院,0.0,220.0,サフィックス一致,0.9,屋宜原病院,,
医療法人社団いとう整形外科病院,北海道,平成30年度出来高算定病院,45.0,80.0,完全一致,1.0,医療法人社団いとう整形外科病院,,
医療法人重仁会大谷地病院,北海道,平成30年度出来高算定病院,0.0,315.0,完全一致,1.0,医療法人重仁会 大谷地病院,,
社会医療法人三樹会三樹会泌尿器科病院,北海道,平成30年度出来高算定病院,99.0,99.0,完全一致,1.0,社会医療法人三樹会  三樹会泌尿器科病院,,
医療法人猪鹿倉会パールランド病院,鹿児島県,平成30年度出来高算定病院,0.0,400.0,サフィックス一致,0.9,パールランド病院,,
南鹿児島さくら病院,鹿児島県,平成30年度出来高算定病院,0.0,80.0,完全一致,1.0,南鹿児島さくら病院,,
医療法人社団北匠会小樽中央病院,北海道,平成30年度出来高算定病院,59.0,89.0,完全一致,1.0,医療法人社団 北匠会 小樽中央病院,,
医療法人中島病院,北海道,平成30年度出来高算定病院,0.0,99.0,完全一致,1.0,医療法人中島病院,,
社会医療法人元生会　森山メモリアル病院,北海道,平成30年度出来高算定病院,0.0,108.0,完全一致,1.0,社会医療法人元生会森山メモリアル病院,,
医療法人双葉会旭川十条病院,北海道,平成30年度出来高算定病院,0.0,237.0,サフィックス一致,0.9,旭川十条病院,,
医療法人社団稲仁会　旭川脳神経外科循環器内科病院,北海道,平成30年度出来高算定病院,42.0,82.0,サフィックス一致,0.9,旭川脳神経外科循環器内科病院,,
美瑛町立病院,北海道,平成30年度出来高算定病院,56.0,98.0,完全一致,1.0,美瑛町立病院,,
翔南病院,沖縄県,平成30年度出来高算定病院,41.0,90.0,未結合,,,,
医療法人琉心会勝山病院,沖縄県,平成30年度出来高算定病院,0.0,154.0,完全一致,1.0,医療法人琉心会 勝山病院,,
ＪＡ北海道厚生連摩周厚生病院,北海道,平成30年度出来高算定病院,0.0,55.0,完全一致,1.0,ＪＡ北海道厚生連摩周厚生病院,,
医療法人社団慶愛慶愛病院,北海道,平成30年度出来高算定病院,51.0,51.0,完全一致,1.0,医療法人社団慶愛慶愛病院,,
広尾町国民健康保険病院,北海道,平成30年度出来高算定病院,16.0,48.0,完全一致,1.0,広尾町国民健康保険病院,,
ＪＡ北海道厚生連常呂厚生病院,北海道,平成30年度出来高算定病院,0.0,54.0,完全一致,1.0,ＪＡ北海道厚生連常呂厚生病院,,
つがる西北五広域連合鰺ヶ沢病院,青森県,平成30年度出来高算定病院,23.0,60.0,完全一致,1.0,つがる西北五広域連合鰺ヶ沢病院,,
医療法人社団良風会ちびき病院,青森県,平成30年度出来高算定病院,37.0,110.0,完全一致,1.0,医療法人社団良風会ちびき病院,,
奥尻町国民健康保険病院,北海道,平成30年度出来高算定病院,17.0,40.0,完全一致,1.0,奥尻町国民健康保険病院,,
せたな町立国保病院,北海道,平成30年度出来高算定病院,44.0,60.0,完全一致,1.0,せたな町立国保病院,,
社会医療法人　北九州病院　北九州湯川病院　北九州湯川病院介護医療院,福岡県,平成30年度出来高算定病院,42.0,222.0,未結合,,,,
北九州中央病院,福岡県,平成30年度出来高算定病院,0.0,300.0,完全一致,1.0,北九州中央病院,,
北九州安部山公園病院,福岡県,平成30年度出来高算定病院,0.0,160.0,完全一致,1.0,北九州安部山公園病院,,
医療法人朋友会山口病院,佐賀県,平成30年度出来高算定病院,0.0,60.0,サフィックス一致,0.9,山口病院,,
医療法人勇愛会大島病院,佐賀県,平成30年度出来高算定病院,24.0,290.0,サフィックス一致,0.9,大島病院,,
一般社団法人是真会長崎リハビリテーション病院,長崎県,平成30年度出来高算定病院,0.0,143.0,完全一致,1.0,一般社団法人是真会　長崎リハビリテーション病院,,
医療法人泯江堂油山病院,福岡県,平成30年度出来高算定病院,0.0,280.0,サフィックス一致,0.9,油山病院,,
医療法人社団相和会中村病院,福岡県,平成30年度出来高算定病院,0.0,225.0,サフィックス一致,0.9,中村病院,,
医療法人社団威光会松岡病院,長崎県,平成30年度出来高算定病院,26.0,96.0,完全一致,1.0,医療法人社団威光会　松岡病院,,
医療法人祐里会姉川病院,長崎県,平成30年度出来高算定病院,0.0,105.0,完全一致,1.0,医療法人祐里会　姉川病院,,
医療法人社団淳生会慈恵病院,長崎県,平成30年度出来高算定病院,0.0,230.0,完全一致,1.0,医療法人社団淳生会　慈恵病院,,
医療法人聖粒会慈恵病院,熊本県,平成30年度出来高算定病院,60.0,60.0,完全一致,1.0,医療法人聖粒会慈恵病院,,
あきた病院,熊本県,平成30年度出来高算定病院,0.0,42.0,完全一致,1.0,あきた病院,,
くまもと乳腺外科病院,熊本県,平成30年度出来高算定病院,41.0,41.0,完全一致,1.0,くまもと乳腺外科病院,,
北九州八幡東病院,福岡県,平成30年度出来高算定病院,0.0,420.0,完全一致,1.0,北九州八幡東病院,,
医療法人共和会小倉リハビリテーション病院,福岡県,平成30年度出来高算定病院,0.0,198.0,サフィックス一致,0.9,小倉リハビリテーション病院,,
大分整形外科病院,大分県,平成30年度出来高算定病院,76.0,76.0,完全一致,1.0,大分整形外科病院,,
農協共済別府リハビリテーションセンター,大分県,平成30年度出来高算定病院,0.0,116.0,完全一致,1.0,農協共済別府リハビリテーションセンター,,
児玉病院,大分県,平成30年度出来高算定病院,0.0,115.0,完全一致,1.0,児玉病院,,
医療法人魁成会宮永病院,宮崎県,平成30年度出来高算定病院,53.0,88.0,サフィックス一致,0.9,宮永病院,,
吉見病院,宮崎県,平成30年度出来高算定病院,40.0,80.0,完全一致,1.0,吉見病院,,
医療法人康仁会谷村病院,宮崎県,平成30年度出来高算定病院,44.0,54.0,サフィックス一致,0.9,谷村病院,,
社会医療法人財団白十字会燿光リハビリテーション病院,長崎県,平成30年度出来高算定病院,0.0,330.0,サフィックス一致,0.9,燿光リハビリテーション病院,,
医療法人　城内会　新生病院,長崎県,平成30年度出来高算定病院,0.0,51.0,サフィックス一致,0.9,新生病院,,
医療法人社団聖山会川南病院,宮崎県,平成30年度出来高算定病院,54.0,172.0,完全一致,1.0,医療法人社団聖山会川南病院,,
公益財団法人東風会三船病院,鹿児島県,平成30年度出来高算定病院,30.0,156.0,サフィックス一致,0.9,三船病院,,
医療法人慈圭会八反丸リハビリテーション病院,鹿児島県,平成30年度出来高算定病院,0.0,150.0,サフィックス一致,0.9,八反丸リハビリテーション病院,,
大勝病院,鹿児島県,平成30年度出来高算定病院,60.0,321.0,完全一致,1.0,大勝病院,,
医療法人愛育会愛育病院,鹿児島県,平成30年度出来高算定病院,60.0,60.0,完全一致,1.0,医療法人愛育会 愛育病院,,
産婦人科のぼり病院,鹿児島県,平成30年度出来高算定病院,34.0,34.0,未結合,,,,
医療法人社団同心会人吉リハビリテーション病院,熊本県,平成30年度出来高算定病院,0.0,54.0,サフィックス一致,0.9,人吉リハビリテーション病院,,
天草市立牛深市民病院,熊本県,平成30年度出来高算定病院,40.0,93.0,完全一致,1.0,天草市立 牛深市民病院,,
高松協同病院,香川県,平成30年度出来高算定病院,0.0,85.0,完全一致,1.0,高松協同病院,,
坂出聖マルチン病院,香川県,平成30年度出来高算定病院,96.0,196.0,完全一致,1.0,坂出聖マルチン病院,,
医療法人社団豊南会香川井下病院,香川県,平成30年度出来高算定病院,62.0,207.0,完全一致,1.0,医療法人社団豊南会 香川井下病院,,
医療法人社団和風会橋本病院,香川県,平成30年度出来高算定病院,0.0,156.0,完全一致,1.0,医療法人社団和風会 橋本病院,,
かがわ総合リハビリテーション病院,香川県,平成30年度出来高算定病院,0.0,163.0,完全一致,1.0,かがわ総合リハビリテーション病院,,
三豊市立西香川病院,香川県,平成30年度出来高算定病院,0.0,150.0,完全一致,1.0,三豊市立西香川病院,,
医療法人博愛会宇部記念病院,山口県,平成30年度出来高算定病院,60.0,180.0,サフィックス一致,0.9,宇部記念病院,,
医療法人和同会防府リハビリテーション病院,山口県,平成30年度出来高算定病院,0.0,260.0,サフィックス一致,0.9,防府リハビリテーション病院,,
医療法人三省会村上病院,愛媛県,平成30年度出来高算定病院,0.0,22.0,サフィックス一致,0.9,村上病院,,
医療法人社団門の内会渡部病院,愛媛県,平成30年度出来高算定病院,14.0,52.0,サフィックス一致,0.9,渡部病院,,
医療法人財団尚温会伊予病院,愛媛県,平成30年度出来高算定病院,0.0,290.0,サフィックス一致,0.9,伊予病院,,
医療法人さくらの里だいいちリハビリテーション病院,高知県,平成30年度出来高算定病院,43.0,180.0,サフィックス一致,0.9,だいいちリハビリテーション病院,,
医療法人緑風会海里マリン病院,高知県,平成30年度出来高算定病院,39.0,76.0,サフィックス一致,0.9,海里マリン病院,,
医療法人仁泉会朝倉病院,高知県,平成30年度出来高算定病院,0.0,108.0,サフィックス一致,0.9,朝倉病院,,
小松島病院,徳島県,平成30年度出来高算定病院,0.0,92.0,完全一致,1.0,小松島病院,,
那賀町立上那賀病院,徳島県,平成30年度出来高算定病院,40.0,40.0,完全一致,1.0,那賀町立上那賀病院,,
北九州若杉病院,福岡県,平成30年度出来高算定病院,0.0,237.0,サフィックス一致,0.9,社会医療法人北九州病院 北九州若杉病院,,
医療法人みなみ粕屋南病院,福岡県,平成30年度出来高算定病院,0.0,206.0,完全一致,1.0,医療法人みなみ粕屋南病院,,
北九州宗像中央病院,福岡県,平成30年度出来高算定病院,0.0,236.0,完全一致,1.0,北九州宗像中央病院,,
北九州古賀病院,福岡県,平成30年度出来高算定病院,0.0,474.0,完全一致,1.0,北九州古賀病院,,
福西会南病院,福岡県,平成30年度出来高算定病院,0.0,110.0,完全一致,1.0,福西会南病院,,
及川病院,福岡県,平成30年度出来高算定病院,21.0,36.0,完全一致,1.0,及川病院,,
医療法人慈愛会梶浦病院,愛媛県,平成30年度出来高算定病院,50.0,50.0,サフィックス一致,0.9,梶浦病院,,
社会医療法人　仁友会　南松山病院,愛媛県,平成30年度出来高算定病院,162.0,242.0,サフィックス一致,0.9,南松山病院,,
特定医療法人社団三光会誠愛リハビリテーション病院,福岡県,平成30年度出来高算定病院,0.0,199.0,完全一致,1.0,特定医療法人社団三光会誠愛リハビリテーション病院,,
医療法人柳育会八女リハビリ病院,福岡県,平成30年度出来高算定病院,51.0,190.0,サフィックス一致,0.9,八女リハビリ病院,,
医療法人社団久英会高良台リハビリテーション病院,福岡県,平成30年度出来高算定病院,0.0,100.0,サフィックス一致,0.9,高良台リハビリテーション病院,,
新古賀リハビリテーション病院みらい,福岡県,平成30年度出来高算定病院,0.0,145.0,サフィックス一致,0.9,社会医療法人　天神会　新古賀リハビリテーション病院みらい,,
医療法人恒生堂永田整形外科病院,福岡県,平成30年度出来高算定病院,124.0,124.0,完全一致,1.0,医療法人恒生堂永田整形外科病院,,
医療法人羅寿久会浅木病院,福岡県,平成30年度出来高算定病院,23.0,58.0,完全一致,1.0,医療法人羅寿久会 浅木病院,,
高知整形・脳外科病院,高知県,平成30年度出来高算定病院,30.0,102.0,完全一致,1.0,高知整形・脳外科病院,,
医療法人慈光会岡豊病院,高知県,平成30年度出来高算定病院,0.0,235.0,サフィックス一致,0.9,岡豊病院,,
医療法人友紘会西大和リハビリテーション病院,奈良県,平成30年度出来高算定病院,0.0,199.0,完全一致,1.0,医療法人友紘会 西大和リハビリテーション病院,,
医療法人青松会河西田村病院,和歌山県,平成30年度出来高算定病院,32.0,99.0,完全一致,1.0,医療法人青松会河西田村病院,,
社会医療法人博寿会山本病院,和歌山県,平成30年度出来高算定病院,0.0,84.0,完全一致,1.0,社会医療法人 博寿会 山本病院,,
西岡病院,和歌山県,平成30年度出来高算定病院,32.0,120.0,サフィックス一致,0.9,医療法人 たちばな会 西岡病院,,
鳥取医療生協鹿野温泉病院,鳥取県,平成30年度出来高算定病院,0.0,96.0,完全一致,1.0,鳥取医療生協鹿野温泉病院,,
独立行政法人国立病院機構鳥取医療センター,鳥取県,平成30年度出来高算定病院,0.0,463.0,完全一致,1.0,独立行政法人国立病院機構鳥取医療センター,,
兵庫県立リハビリテーション中央病院,兵庫県,平成30年度出来高算定病院,80.0,330.0,完全一致,1.0,兵庫県立リハビリテーション中央病院,,
神戸大学医学部附属国際がん医療・研究センター,兵庫県,平成30年度出来高算定病院,72.0,72.0,未結合,,,,
公益財団法人岡山県健康づくり財団附属病院,岡山県,平成30年度出来高算定病院,25.0,100.0,完全一致,1.0,公益財団法人岡山県健康づくり財団附属病院,,
公益財団法人操風会　岡山リハビリテーション病院,岡山県,平成30年度出来高算定病院,0.0,129.0,完全一致,1.0,公益財団法人操風会岡山リハビリテーション病院,,
一般財団法人津山慈風会津山中央記念病院,岡山県,平成30年度出来高算定病院,33.0,81.0,サフィックス一致,0.9,津山中央記念病院,,
医療法人真生会新見中央病院,岡山県,平成30年度出来高算定病院,59.0,115.0,完全一致,1.0,医療法人真生会新見中央病院,,
医療法人仁誠会瀬戸内記念病院,岡山県,平成30年度出来高算定病院,0.0,234.0,サフィックス一致,0.9,瀬戸内記念病院,,
医療法人和同会広島グリーンヒル病院,広島県,平成30年度出来高算定病院,0.0,150.0,サフィックス一致,0.9,広島グリーンヒル病院,,
公益財団法人天理よろづ相談所病院白川分院,奈良県,平成30年度出来高算定病院,0.0,143.0,完全一致,1.0,公益財団法人天理よろづ相談所病院白川分院,,
医療法人医誠会橿原リハビリテーション病院,奈良県,平成30年度出来高算定病院,0.0,205.0,サフィックス一致,0.9,橿原リハビリテーション病院,,
医療法人社団有信会呉記念病院,広島県,平成30年度出来高算定病院,0.0,93.0,完全一致,1.0,医療法人社団 有信会 呉記念病院,,
医療法人エムエム会マッターホルンリハビリテーション病院,広島県,平成30年度出来高算定病院,0.0,64.0,サフィックス一致,0.9,マッターホルン リハビリテーション病院,,
医療法人社団ひかり会木村眼科内科病院,広島県,平成30年度出来高算定病院,40.0,40.0,完全一致,1.0,医療法人社団ひかり会 木村眼科内科病院,,
山本整形外科病院,広島県,平成30年度出来高算定病院,20.0,52.0,完全一致,1.0,山本整形外科病院,,
医療法人社団明和会大野浦病院,広島県,平成30年度出来高算定病院,0.0,120.0,サフィックス一致,0.9,大野浦病院,,
医療法人社団季朋会王司病院,山口県,平成30年度出来高算定病院,0.0,198.0,サフィックス一致,0.9,王司病院,,
医療法人壽生会寿生病院,島根県,平成30年度出来高算定病院,0.0,239.0,完全一致,1.0,医療法人壽生会 寿生病院,,
出雲市民リハビリテーション病院,島根県,平成30年度出来高算定病院,0.0,116.0,完全一致,1.0,出雲市民リハビリテーション病院,,
医療法人岩国みなみ病院,山口県,平成30年度出来高算定病院,45.0,45.0,完全一致,1.0,岩国みなみ病院,,
光輝病院,山口県,平成30年度出来高算定病院,0.0,212.0,完全一致,1.0,光輝病院,,
林病院,山口県,平成30年度出来高算定病院,0.0,50.0,完全一致,1.0,林病院,,
水の都記念病院,徳島県,平成30年度出来高算定病院,51.0,80.0,完全一致,1.0,水の都記念病院,,
医療法人高川会虹の橋病院,徳島県,平成30年度出来高算定病院,30.0,60.0,サフィックス一致,0.9,虹の橋病院,,
リハビリテーション大神子病院,徳島県,平成30年度出来高算定病院,0.0,80.0,完全一致,1.0,リハビリテｰション大神子病院,,
医療法人和同会広島パークヒル病院,広島県,平成30年度出来高算定病院,0.0,114.0,完全一致,1.0,医療法人和同会 広島パークヒル病院,,
地方独立行政法人広島市立病院機構広島市立リハビリテーション病院,広島県,平成30年度出来高算定病院,0.0,100.0,完全一致,1.0,地方独立行政法人 広島市立病院機構 広島市立リハビリテーション病院,,
医療法人一輝会　荻原記念病院,兵庫県,平成30年度出来高算定病院,0.0,142.0,完全一致,1.0,医療法人一輝会　荻原記念病院,,
医療法人社団つかさ会尾原病院,兵庫県,平成30年度出来高算定病院,49.0,98.0,サフィックス一致,0.9,尾原病院,,
医療法人社団慈恵会新須磨リハビリテーション病院,兵庫県,平成30年度出来高算定病院,0.0,56.0,サフィックス一致,0.9,新須磨リハビリテーション病院,,
医療法人芳恵会三好病院,兵庫県,平成30年度出来高算定病院,49.0,104.0,サフィックス一致,0.9,三好病院,,
医療法人敬愛会西宮敬愛会病院,兵庫県,平成30年度出来高算定病院,0.0,231.0,完全一致,1.0,医療法人敬愛会 西宮敬愛会病院,,
医療法人社団尚仁会平島病院,兵庫県,平成30年度出来高算定病院,55.0,115.0,完全一致,1.0,医療法人社団尚仁会 平島病院,,
医療法人孟仁会東大阪山路病院,大阪府,平成30年度出来高算定病院,0.0,214.0,完全一致,1.0,医療法人孟仁会東大阪山路病院,,
医療法人藤井会藤井会リハビリテーション病院,大阪府,平成30年度出来高算定病院,0.0,108.0,完全一致,1.0,医療法人藤井会藤井会リハビリテーション病院,,
医療法人公仁会明石仁十病院,兵庫県,平成30年度出来高算定病院,29.0,149.0,サフィックス一致,0.9,明石仁十病院,,
医療法人明仁会明舞中央病院,兵庫県,平成30年度出来高算定病院,98.0,199.0,完全一致,1.0,医療法人明仁会明舞中央病院,,
社会医療法人社団順心会順心リハビリテーション病院,兵庫県,平成30年度出来高算定病院,0.0,180.0,完全一致,1.0,社会医療法人社団順心会順心リハビリテーション病院,,
医療法人社団仙齢会いなみ野病院,兵庫県,平成30年度出来高算定病院,0.0,120.0,完全一致,1.0,医療法人社団仙齢会 いなみ野病院,,
みきやまリハビリテーション病院,兵庫県,平成30年度出来高算定病院,0.0,166.0,完全一致,1.0,みきやまリハビリテーション病院,,
吉川病院,兵庫県,平成30年度出来高算定病院,0.0,316.0,完全一致,1.0,吉川病院,,
医療法人明倫会本山リハビリテーション病院,兵庫県,平成30年度出来高算定病院,0.0,120.0,完全一致,1.0,医療法人 明倫会 本山リハビリテーション病院,,
医療法人昭生病院,兵庫県,平成30年度出来高算定病院,20.0,103.0,完全一致,1.0,医療法人昭生病院,,
医療法人　せいふう会　伊丹せいふう病院,兵庫県,平成30年度出来高算定病院,0.0,178.0,完全一致,1.0,医療法人せいふう会 伊丹せいふう病院,,
医療法人せいふう会　阪神リハビリテーション病院,兵庫県,平成30年度出来高算定病院,0.0,192.0,完全一致,1.0,医療法人せいふう会 阪神リハビリテーション病院,,
兵庫県立リハビリテーション西播磨病院,兵庫県,平成30年度出来高算定病院,0.0,100.0,完全一致,1.0,兵庫県立リハビリテーション西播磨病院,,
神野病院,兵庫県,平成30年度出来高算定病院,60.0,103.0,完全一致,1.0,神野病院,,
ありまこうげんホスピタル,兵庫県,平成30年度出来高算定病院,0.0,417.0,完全一致,1.0,ありまこうげんホスピタル,,
医療法人博愛会広野高原病院,兵庫県,平成30年度出来高算定病院,0.0,147.0,サフィックス一致,0.9,広野高原病院,,
医療法人敬愛会三田高原病院,兵庫県,平成30年度出来高算定病院,0.0,360.0,完全一致,1.0,医療法人敬愛会 三田高原病院,,
医療法人社団　栄宏会　土井リハビリテーション病院,兵庫県,平成30年度出来高算定病院,0.0,131.0,サフィックス一致,0.9,土井リハビリテーション病院,,
医療法人博愛会松倉病院（社団）,奈良県,平成30年度出来高算定病院,27.0,67.0,未結合,,,,
医療法人せいわ会　登美ヶ丘リハビリテーション病院,奈良県,平成30年度出来高算定病院,0.0,122.0,完全一致,1.0,医療法人せいわ会　登美ヶ丘リハビリテーション病院,,
医療法人　仁誠会　奈良セントラル病院,奈良県,平成30年度出来高算定病院,34.0,111.0,サフィックス一致,0.9,奈良セントラル病院,,
医療法人厚生会奈良厚生会病院,奈良県,平成30年度出来高算定病院,0.0,49.0,完全一致,1.0,医療法人厚生会 奈良厚生会病院,,
医療法人学芳会倉病院,奈良県,平成30年度出来高算定病院,60.0,60.0,完全一致,1.0,医療法人学芳会倉病院,,
一般財団法人信貴山病院ハートランドしぎさん,奈良県,平成30年度出来高算定病院,0.0,700.0,完全一致,1.0,一般財団法人 信貴山病院 ハートランドしぎさん,,
松原メイフラワー病院,兵庫県,平成30年度出来高算定病院,33.0,99.0,完全一致,1.0,松原メイフラワー病院,,
医療法人社団衿正会生駒病院,兵庫県,平成30年度出来高算定病院,0.0,198.0,完全一致,1.0,医療法人社団衿正会 生駒病院,,
医療法人啓明会相原病院,大阪府,平成30年度出来高算定病院,31.0,31.0,完全一致,1.0,医療法人啓明会相原病院,,
医療法人せいわ会　彩都リハビリテーション病院,大阪府,平成30年度出来高算定病院,0.0,120.0,完全一致,1.0,医療法人せいわ会彩都リハビリテーション病院,,
社会医療法人明生会明生第二病院,大阪府,平成30年度出来高算定病院,0.0,183.0,完全一致,1.0,社会医療法人明生会明生第二病院,,
医療法人ダイワ会大和病院,大阪府,平成30年度出来高算定病院,37.0,163.0,完全一致,1.0,医療法人ダイワ会大和病院,,
社会福祉法人四天王寺福祉事業団四天王寺病院,大阪府,平成30年度出来高算定病院,150.0,197.0,完全一致,1.0,社会福祉法人四天王寺福祉事業団四天王寺病院,,
医療法人早石会早石病院,大阪府,平成30年度出来高算定病院,53.0,155.0,サフィックス一致,0.9,早石病院,,
社会福祉法人あじろぎ会宇治病院,京都府,平成30年度出来高算定病院,50.0,253.0,完全一致,1.0,社会福祉法人あじろぎ会宇治病院,,
医療法人真生会向日回生病院,京都府,平成30年度出来高算定病院,56.0,158.0,完全一致,1.0,医療法人真生会向日回生病院,,
医療法人吉栄会吉栄会病院,大阪府,平成30年度出来高算定病院,0.0,61.0,完全一致,1.0,医療法人吉栄会吉栄会病院,,
医療法人（社団）有恵会香里ヶ丘有恵会病院,大阪府,平成30年度出来高算定病院,79.0,171.0,完全一致,1.0,医療法人（社団）有恵会 香里ヶ丘有恵会病院,,
医療法人孟仁会摂南総合病院,大阪府,平成30年度出来高算定病院,229.0,303.0,完全一致,1.0,医療法人孟仁会摂南総合病院,,
社会医療法人 ONE FLAG 牧リハビリテーション病院,大阪府,平成30年度出来高算定病院,0.0,100.0,完全一致,1.0,社会医療法人 ONE FLAG牧リハビリテーション病院,,
医療法人成仁会成仁会病院,大阪府,平成30年度出来高算定病院,33.0,60.0,完全一致,1.0,医療法人成仁会成仁会病院,,
社会医療法人真美会　大阪旭こども病院,大阪府,平成30年度出来高算定病院,79.0,79.0,完全一致,1.0,社会医療法人真美会大阪旭こども病院,,
医療法人良秀会藤井病院,大阪府,平成30年度出来高算定病院,47.0,155.0,完全一致,1.0,医療法人良秀会藤井病院,,
医療法人マックシール巽今宮病院,大阪府,平成30年度出来高算定病院,0.0,110.0,完全一致,1.0,医療法人マックシール巽今宮病院,,
医療法人愛幸会天仁病院,大阪府,平成30年度出来高算定病院,41.0,153.0,完全一致,1.0,医療法人愛幸会天仁病院,,
医療法人篤友会関西リハビリテーション病院,大阪府,平成30年度出来高算定病院,0.0,144.0,完全一致,1.0,医療法人篤友会関西リハビリテーション病院,,
医療法人康生会豊中平成病院,大阪府,平成30年度出来高算定病院,0.0,101.0,完全一致,1.0,医療法人康生会豊中平成病院,,
医療法人篤友会坂本病院,大阪府,平成30年度出来高算定病院,0.0,229.0,完全一致,1.0,医療法人篤友会坂本病院,,
医療法人篤友会千里山病院,大阪府,平成30年度出来高算定病院,59.0,59.0,完全一致,1.0,医療法人篤友会千里山病院,,
医療法人和倉会サンタマリア病院,大阪府,平成30年度出来高算定病院,0.0,88.0,完全一致,1.0,医療法人和倉会サンタマリア病院,,
社会医療法人若弘会わかくさ竜間リハビリテーション病院,大阪府,平成30年度出来高算定病院,0.0,500.0,完全一致,1.0,社会医療法人若弘会わかくさ竜間リハビリテーション病院,,
医療法人錦秀会　阪和病院,大阪府,平成30年度出来高算定病院,0.0,432.0,完全一致,1.0,医療法人錦秀会阪和病院,,
医療法人尽生会聖和病院,大阪府,平成30年度出来高算定病院,28.0,122.0,完全一致,1.0,医療法人尽生会聖和病院,,
医療法人桜希会東朋八尾病院,大阪府,平成30年度出来高算定病院,32.0,94.0,完全一致,1.0,医療法人桜希会東朋八尾病院,,
医療法人白卯会白井病院,大阪府,平成30年度出来高算定病院,0.0,297.0,完全一致,1.0,医療法人白卯会白井病院,,
医療法人和幸会阪奈サナトリウム,大阪府,平成30年度出来高算定病院,0.0,261.0,完全一致,1.0,医療法人和幸会阪奈サナトリウム,,
医療法人恒昭会青葉丘病院,大阪府,平成30年度出来高算定病院,0.0,681.0,完全一致,1.0,医療法人恒昭会青葉丘病院,,
医療法人財団厚生会高津病院,大阪府,平成30年度出来高算定病院,25.0,53.0,完全一致,1.0,医療法人財団厚生会高津病院,,
社会医療法人杏樹会杏林記念病院,大阪府,平成30年度出来高算定病院,59.0,59.0,完全一致,1.0,医療法人杏樹会杏林記念病院,,
医療法人颯仁会しらとり病院,大阪府,平成30年度出来高算定病院,57.0,177.0,完全一致,1.0,医療法人颯仁会しらとり病院,,
医療法人積善会蒲郡東部病院,愛知県,平成30年度出来高算定病院,0.0,210.0,完全一致,1.0,医療法人積善会 蒲郡東部病院,,
佐藤病院,愛知県,平成30年度出来高算定病院,38.0,125.0,完全一致,1.0,佐藤病院,,
医療法人共和会共和病院,愛知県,平成30年度出来高算定病院,0.0,266.0,完全一致,1.0,医療法人共和会共和病院,,
医療法人知邑舎岩倉病院,愛知県,平成30年度出来高算定病院,60.0,141.0,サフィックス一致,0.9,岩倉病院,,
医療法人偕行会偕行会リハビリテーション病院,愛知県,平成30年度出来高算定病院,0.0,120.0,サフィックス一致,0.9,偕行会リハビリテーション病院,,
医療法人暲純会榊原温泉病院,三重県,平成30年度出来高算定病院,33.0,199.0,完全一致,1.0,特定医療法人暲純会 　榊原温泉病院,,
医療法人和光会川島病院,愛知県,平成30年度出来高算定病院,0.0,56.0,完全一致,1.0,医療法人和光会 川島病院,,
光生会赤岩病院,愛知県,平成30年度出来高算定病院,0.0,294.0,完全一致,1.0,光生会 赤岩病院,,
大門病院,三重県,平成30年度出来高算定病院,41.0,106.0,完全一致,1.0,大門病院,,
松阪厚生病院,三重県,平成30年度出来高算定病院,55.0,780.0,完全一致,1.0,松阪厚生病院,,
南勢病院,三重県,平成30年度出来高算定病院,0.0,256.0,完全一致,1.0,南勢病院,,
恩賜財団済生会明和病院,三重県,平成30年度出来高算定病院,34.0,264.0,完全一致,1.0,恩賜財団済生会明和病院,,
医療法人明和会琵琶湖病院,滋賀県,平成30年度出来高算定病院,0.0,132.0,サフィックス一致,0.9,琵琶湖病院,,
医療法人幸生会　琵琶湖中央リハビリテーション病院,滋賀県,平成30年度出来高算定病院,0.0,180.0,サフィックス一致,0.9,琵琶湖中央リハビリテーション病院,,
あいちリハビリテーション病院,愛知県,平成30年度出来高算定病院,0.0,145.0,完全一致,1.0,あいちリハビリテーション病院,,
医療法人社団福祉会高須病院,愛知県,平成30年度出来高算定病院,49.0,105.0,完全一致,1.0,医療法人社団福祉会高須病院,,
医療法人社団阿星会甲西リハビリ病院,滋賀県,平成30年度出来高算定病院,0.0,100.0,完全一致,1.0,医療法人阿星会甲西リハビリ病院,,
一般財団法人京都地域医療学際研究所がくさい病院,京都府,平成30年度出来高算定病院,44.0,90.0,サフィックス一致,0.9,がくさい病院,,
医療法人社団行陵会京都大原記念病院,京都府,平成30年度出来高算定病院,31.0,203.0,完全一致,1.0,医療法人社団行陵会京都大原記念病院,,
医療法人清水会脳神経リハビリ北大路病院,京都府,平成30年度出来高算定病院,0.0,56.0,完全一致,1.0,医療法人清水会脳神経リハビリ北大路病院,,
医療法人社団育生会京都久野病院,京都府,平成30年度出来高算定病院,0.0,235.0,完全一致,1.0,医療法人社団育生会京都久野病院,,
一般財団法人仁風会京都南西病院,京都府,平成30年度出来高算定病院,0.0,76.0,完全一致,1.0,一般財団法人仁風会京都南西病院,,
藤田医科大学七栗記念病院,三重県,平成30年度出来高算定病院,48.0,218.0,完全一致,1.0,藤田医科大学 七栗記念病院,,
若葉病院,三重県,平成30年度出来高算定病院,50.0,130.0,完全一致,1.0,若葉病院,,
医療法人社団洛和会洛和会音羽記念病院,京都府,平成30年度出来高算定病院,102.0,133.0,完全一致,1.0,医療法人社団洛和会洛和会音羽記念病院,,
医療法人以和貴会北条病院,大阪府,平成30年度出来高算定病院,0.0,141.0,完全一致,1.0,医療法人以和貴会 北条病院,,
社会医療法人清恵会清恵会三宝病院,大阪府,平成30年度出来高算定病院,0.0,240.0,完全一致,1.0,社会医療法人清恵会　清恵会三宝病院,,
医療法人弘生会　老寿やすらぎ病院,大阪府,平成30年度出来高算定病院,0.0,281.0,サフィックス一致,0.9,老寿やすらぎ病院,,
医療法人社団緑水会緑水会病院,大阪府,平成30年度出来高算定病院,0.0,200.0,完全一致,1.0,医療法人社団緑水会緑水会病院,,
医療法人聖志会渡辺病院,大阪府,平成30年度出来高算定病院,0.0,436.0,完全一致,1.0,医療法人聖志会渡辺病院,,
医療法人恭昭会彦根中央病院,滋賀県,平成30年度出来高算定病院,44.0,282.0,完全一致,1.0,医療法人恭昭会彦根中央病院,,
医療法人恒仁会近江温泉病院,滋賀県,平成30年度出来高算定病院,0.0,232.0,完全一致,1.0,医療法人恒仁会近江温泉病院,,
北杜市立塩川病院,山梨県,平成30年度出来高算定病院,54.0,108.0,完全一致,1.0,北杜市立　塩川病院,,
医療法人慈善会安藤病院,長野県,平成30年度出来高算定病院,71.0,219.0,完全一致,1.0,医療法人慈善会安藤病院,,
医療法人健和会小林脳神経外科・神経内科病院,長野県,平成30年度出来高算定病院,51.0,51.0,完全一致,1.0,医療法人健和会 小林脳神経外科・神経内科病院,,
医療法人社団睦会愛生病院,岐阜県,平成30年度出来高算定病院,0.0,117.0,サフィックス一致,0.9,愛生病院,,
医療法人社団日新会城山病院,岐阜県,平成30年度出来高算定病院,0.0,80.0,サフィックス一致,0.9,城山病院,,
医療法人社団橘会新生病院,岐阜県,平成30年度出来高算定病院,25.0,96.0,サフィックス一致,0.9,新生病院,,
池田リハビリテーション病院,富山県,平成30年度出来高算定病院,0.0,41.0,完全一致,1.0,池田リハビリテーション病院,,
鈴木レディスホスピタル,石川県,平成30年度出来高算定病院,28.0,28.0,完全一致,1.0,鈴木レディスホスピタル,,
医療法人財団百葉の会湖山リハビリテーション病院,静岡県,平成30年度出来高算定病院,0.0,208.0,完全一致,1.0,医療法人財団百葉の会 湖山リハビリテーション病院,,
医療法人社団清明会静岡リハビリテーション病院,静岡県,平成30年度出来高算定病院,0.0,144.0,完全一致,1.0,医療法人社団清明会 静岡リハビリテーション病院,,
医療法人社団清明会静岡富沢病院,静岡県,平成30年度出来高算定病院,0.0,232.0,完全一致,1.0,医療法人社団 清明会 静岡富沢病院,,
駿河西病院,静岡県,平成30年度出来高算定病院,0.0,150.0,サフィックス一致,0.9,医療法人社団綾和会 駿河西病院,,
医療法人社団聖稜会聖稜リハビリテーション病院,静岡県,平成30年度出来高算定病院,0.0,125.0,サフィックス一致,0.9,聖稜リハビリテーション病院,,
常葉大学リハビリテーション病院,静岡県,平成30年度出来高算定病院,0.0,80.0,完全一致,1.0,常葉大学リハビリテーション病院,,
山梨リハビリテーション病院,山梨県,平成30年度出来高算定病院,0.0,135.0,完全一致,1.0,山梨リハビリテーション病院,,
医療法人景雲会　春日居総合リハビリテーション病院,山梨県,平成30年度出来高算定病院,0.0,200.0,サフィックス一致,0.9,春日居総合リハビリテーション病院,,
医療法人東恵会星ケ丘マタニティ病院,愛知県,平成30年度出来高算定病院,58.0,58.0,完全一致,1.0,医療法人東恵会星ケ丘マタニティ病院,,
社会医療法人愛生会上飯田リハビリテーション病院,愛知県,平成30年度出来高算定病院,0.0,98.0,完全一致,1.0,社会医療法人愛生会 上飯田リハビリテーション病院,,
社会福祉法人恩賜財団済生会支部愛知県済生会愛知県済生会リハビリテーション病院,愛知県,平成30年度出来高算定病院,0.0,199.0,サフィックス一致,0.9,愛知県済生会リハビリテーション病院,,
医療法人珪山会鵜飼リハビリテーション病院,愛知県,平成30年度出来高算定病院,0.0,150.0,完全一致,1.0,医療法人珪山会 鵜飼リハビリテーション病院,,
医療法人生生会まつかげシニアホスピタル,愛知県,平成30年度出来高算定病院,56.0,380.0,完全一致,1.0,医療法人生生会 まつかげシニアホスピタル,,
医療法人名南会名南ふれあい病院,愛知県,平成30年度出来高算定病院,0.0,60.0,サフィックス一致,0.9,名南ふれあい病院,,
社会福祉法人農協共済中伊豆リハビリテーションセンター,静岡県,平成30年度出来高算定病院,0.0,110.0,完全一致,1.0,農協共済中伊豆リハビリテーションセンター,,
公益財団法人復康会沼津リハビリテーション病院,静岡県,平成30年度出来高算定病院,0.0,106.0,完全一致,1.0,公益財団法人復康会 沼津リハビリテーション病院,,
第二成田記念病院,愛知県,平成30年度出来高算定病院,0.0,96.0,完全一致,1.0,第二成田記念病院,,
医療法人来光会尾洲病院,愛知県,平成30年度出来高算定病院,0.0,131.0,完全一致,1.0,医療法人来光会 尾洲病院,,
医療法人白山会白山リハビリテーション病院,愛知県,平成30年度出来高算定病院,0.0,84.0,サフィックス一致,0.9,白山リハビリテーション病院,,
刈谷豊田東病院,愛知県,平成30年度出来高算定病院,0.0,198.0,完全一致,1.0,刈谷豊田東病院,,
医療法人三九会三九朗病院,愛知県,平成30年度出来高算定病院,0.0,103.0,完全一致,1.0,医療法人三九会 三九朗病院,,
医療法人田中会西尾病院,愛知県,平成30年度出来高算定病院,60.0,170.0,完全一致,1.0,医療法人田中会西尾病院,,
医療法人豊岡会浜松とよおか病院,静岡県,平成30年度出来高算定病院,0.0,230.0,完全一致,1.0,医療法人 豊岡会 浜松とよおか病院,,
医療法人社団綾和会掛川東病院,静岡県,平成30年度出来高算定病院,0.0,190.0,完全一致,1.0,医療法人社団 綾和会 掛川東病院,,
社会福祉法人聖テレジア会鎌倉リハビリテーション聖テレジア病院,神奈川県,平成30年度出来高算定病院,0.0,128.0,完全一致,1.0,社会福祉法人聖テレジア会鎌倉リハビリテーション聖テレジア病院,,
藤沢脳神経外科病院,神奈川県,平成30年度出来高算定病院,55.0,55.0,完全一致,1.0,藤沢脳神経外科病院,,
医療法人財団報徳会西湘病院,神奈川県,平成30年度出来高算定病院,45.0,102.0,サフィックス一致,0.9,西湘病院,,
医療法人社団湘南健友会　長岡病院,神奈川県,平成30年度出来高算定病院,0.0,162.0,完全一致,1.0,医療法人社団湘南健友会 長岡病院,,
医療法人社団蒼紫会森下記念病院,神奈川県,平成30年度出来高算定病院,51.0,92.0,サフィックス一致,0.9,森下記念病院,,
医療法人財団愛慈会相和病院,神奈川県,平成30年度出来高算定病院,0.0,294.0,サフィックス一致,0.9,相和病院,,
ふれあい鶴見ホスピタル,神奈川県,平成30年度出来高算定病院,0.0,210.0,完全一致,1.0,ふれあい鶴見ホスピタル,,
医療五星会新横浜リハビリテーション病院,神奈川県,平成30年度出来高算定病院,0.0,230.0,サフィックス一致,0.9,新横浜リハビリテーション病院,,
医療法人健生会朝倉病院,神奈川県,平成30年度出来高算定病院,0.0,90.0,完全一致,1.0,医療法人健生会 朝倉病院,,
医療法人社団聖仁会横浜甦生病院,神奈川県,平成30年度出来高算定病院,39.0,81.0,サフィックス一致,0.9,横浜甦生病院,,
医療法人社団三井会伊勢原日向病院,神奈川県,平成30年度出来高算定病院,0.0,202.0,完全一致,1.0,医療法人社団三井会 伊勢原日向病院,,
医療法人社団医誠会湘陽かしわ台病院,神奈川県,平成30年度出来高算定病院,39.0,199.0,サフィックス一致,0.9,湘陽かしわ台病院,,
医療法人社団明芳会北小田原病院,神奈川県,平成30年度出来高算定病院,0.0,341.0,完全一致,1.0,医療法人社団明芳会北小田原病院,,
川崎田園都市病院,神奈川県,平成30年度出来高算定病院,0.0,300.0,完全一致,1.0,川崎田園都市病院,,
医療法人社団水野会平塚十全病院,神奈川県,平成30年度出来高算定病院,0.0,230.0,完全一致,1.0,医療法人社団水野会 平塚十全病院,,
医療法人研水会高根台病院,神奈川県,平成30年度出来高算定病院,0.0,236.0,完全一致,1.0,医療法人研水会 高根台病院,,
医療法人立川メディカルセンター悠遊健康村病院,新潟県,平成30年度出来高算定病院,51.0,300.0,完全一致,1.0,立川ﾒﾃﾞｨｶﾙｾﾝﾀｰ悠遊健康村病院,,
新潟県立リウマチセンター,新潟県,平成30年度出来高算定病院,52.0,52.0,完全一致,1.0,新潟県立リウマチセンター,,
新潟県立松代病院,新潟県,平成30年度出来高算定病院,21.0,39.0,完全一致,1.0,新潟県立松代病院,,
齋藤記念病院,新潟県,平成30年度出来高算定病院,42.0,98.0,完全一致,1.0,齋藤記念病院,,
富山県リハビリテーション病院・こども支援センター,富山県,平成30年度出来高算定病院,50.0,232.0,完全一致,1.0,富山県リハビリテーション病院・こども支援センター,,
医療法人財団正友会中村記念病院,富山県,平成30年度出来高算定病院,0.0,52.0,サフィックス一致,0.9,医療法人 財団正友会 中村記念病院,,
神奈川リハビリテーション病院,神奈川県,平成30年度出来高算定病院,124.0,324.0,完全一致,1.0,神奈川リハビリテーション病院,,
医療法人社団銀緑会　みどり野リハビリテーション病院,神奈川県,平成30年度出来高算定病院,0.0,136.0,サフィックス一致,0.9,みどり野リハビリテーション病院,,
特定医療法人扇翔会南ヶ丘病院,石川県,平成30年度出来高算定病院,35.0,120.0,未結合,,,,
福仁会病院,福井県,平成30年度出来高算定病院,0.0,234.0,完全一致,1.0,福仁会病院,,
医療法人八香会湯村温泉病院,山梨県,平成30年度出来高算定病院,0.0,190.0,サフィックス一致,0.9,湯村温泉病院,,
医療法人社団篠原会甲府脳神経外科病院,山梨県,平成30年度出来高算定病院,70.0,70.0,サフィックス一致,0.9,甲府脳神経外科病院,,
医療法人弘済会宮川病院,山梨県,平成30年度出来高算定病院,15.0,41.0,サフィックス一致,0.9,宮川病院,,
医療法人石和温泉病院,山梨県,平成30年度出来高算定病院,0.0,120.0,完全一致,1.0,石和温泉病院,,
竹山病院,新潟県,平成30年度出来高算定病院,33.0,33.0,完全一致,1.0,竹山病院,,
一般社団法人新潟県労働衛生医学協会附属岩室リハビリテーション病院,新潟県,平成30年度出来高算定病院,0.0,95.0,サフィックス一致,0.9,岩室リハビリテーション病院,,
医療法人財団利定会大久野病院,東京都,平成30年度出来高算定病院,0.0,100.0,完全一致,1.0,医療法人財団利定会 大久野病院,,
社会福祉法人白十字会東京白十字病院,東京都,平成30年度出来高算定病院,28.0,125.0,完全一致,1.0,社会福祉法人白十字会 東京白十字病院,,
青梅慶友病院,東京都,平成30年度出来高算定病院,0.0,526.0,完全一致,1.0,青梅慶友病院,,
医療法人社団和風会多摩リハビリテーション病院,東京都,平成30年度出来高算定病院,24.0,199.0,完全一致,1.0,医療法人社団和風会 多摩リハビリテーション病院,,
医療法人永寿会恩方病院,東京都,平成30年度出来高算定病院,0.0,470.0,完全一致,1.0,医療法人永寿会恩方病院,,
医療法人社団永生会みなみ野病院,東京都,平成30年度出来高算定病院,0.0,205.0,完全一致,1.0,医療法人社団永生会 みなみ野病院,,
医療法人社団東京朝日会あさひ病院,東京都,平成30年度出来高算定病院,0.0,90.0,完全一致,1.0,医療法人社団東京朝日会あさひ病院,,
特定医療法人社団潤恵会敬仁病院,東京都,平成30年度出来高算定病院,28.0,68.0,完全一致,1.0,特定医療法人社団潤恵会敬仁病院,,
回心堂第二病院,東京都,平成30年度出来高算定病院,0.0,240.0,サフィックス一致,0.9,医療法人社団回心会 回心堂第二病院,,
多摩平の森の病院,東京都,平成30年度出来高算定病院,0.0,48.0,完全一致,1.0,多摩平の森の病院,,
医療法人社団潮友会うしお病院,東京都,平成30年度出来高算定病院,60.0,60.0,完全一致,1.0,医療法人社団潮友会 うしお病院,,
医療法人社団総合会武蔵野中央病院,東京都,平成30年度出来高算定病院,0.0,298.0,完全一致,1.0,医療法人社団総合会武蔵野中央病院,,
小金井リハビリテーション病院,東京都,平成30年度出来高算定病院,0.0,220.0,完全一致,1.0,小金井リハビリテーション病院,,
医療法人社団武蔵野会　小平中央リハビリテーション病院,東京都,平成30年度出来高算定病院,0.0,200.0,完全一致,1.0,医療法人社団武蔵野会 小平中央リハビリテーション病院,,
医療法人社団苑田会　苑田会ニューロリハビリテーション病院,東京都,平成30年度出来高算定病院,0.0,180.0,完全一致,1.0,医療法人社団苑田会　苑田会ニューロリハビリテーション病院,,
社会医療法人社団正志会葛飾リハビリテーション病院,東京都,平成30年度出来高算定病院,0.0,83.0,サフィックス一致,0.9,葛飾リハビリテーション病院,,
医療法人財団　きよせ旭が丘記念病院,東京都,平成30年度出来高算定病院,34.0,78.0,完全一致,1.0,医療法人財団きよせ旭が丘記念病院,,
医療法人社団慶成会よみうりランド慶友病院,東京都,平成30年度出来高算定病院,0.0,240.0,完全一致,1.0,医療法人社団慶成会 よみうりランド慶友病院,,
医療法人社団三秀会羽村三慶病院,東京都,平成30年度出来高算定病院,0.0,126.0,完全一致,1.0,医療法人社団三秀会 羽村三慶病院,,
社会医療法人財団仁医会　牧田リハビリテーション病院,東京都,平成30年度出来高算定病院,0.0,180.0,完全一致,1.0,社会医療法人財団仁医会牧田リハビリテーション病院,,
医療法人社団巨樹の会　蒲田リハビリテーション病院,東京都,平成30年度出来高算定病院,0.0,180.0,サフィックス一致,0.9,蒲田リハビリテーション病院,,
医療法人社団巨樹の会原宿リハビリテーション病院,東京都,平成30年度出来高算定病院,0.0,332.0,サフィックス一致,0.9,原宿リハビリテーション病院,,
医療法人  桃花会  三鷹北病院,東京都,平成30年度出来高算定病院,28.0,59.0,サフィックス一致,0.9,三鷹北病院,,
武蔵野陽和会病院,東京都,平成30年度出来高算定病院,53.0,103.0,完全一致,1.0,武蔵野陽和会病院,,
社会福祉法人恩賜財団済生会支部神奈川県済生会東神奈川リハビリテーション病院,神奈川県,平成30年度出来高算定病院,0.0,106.0,完全一致,1.0,社会福祉法人 恩賜財団 済生会支部神奈川県済生会 東神奈川リハビリテーション病院,,
新横浜こころのホスピタル,神奈川県,平成30年度出来高算定病院,0.0,215.0,完全一致,1.0,新横浜こころのホスピタル,,
医療法人勝又　高台病院,神奈川県,平成30年度出来高算定病院,0.0,310.0,完全一致,1.0,医療法人勝又高台病院,,
一般財団法人生活保健協会湯河原中央温泉病院,神奈川県,平成30年度出来高算定病院,0.0,223.0,完全一致,1.0,一般財団法人生活保健協会湯河原中央温泉病院,,
独立行政法人地域医療機能推進機構湯河原病院,神奈川県,平成30年度出来高算定病院,68.0,150.0,完全一致,1.0,独立行政法人地域医療機能推進機構 湯河原病院,,
社会福祉法人湘南福祉協会総合病院湘南病院,神奈川県,平成30年度出来高算定病院,60.0,287.0,完全一致,1.0,社会福祉法人湘南福祉協会総合病院湘南病院,,
医療法人社団悦伝会目白第二病院,東京都,平成30年度出来高算定病院,160.0,160.0,完全一致,1.0,医療法人社団悦伝会 目白第二病院,,
医療法人社団雅会山本病院,東京都,平成30年度出来高算定病院,68.0,79.0,完全一致,1.0,医療法人社団雅会 山本病院,,
いすみ医療センター,千葉県,平成30年度出来高算定病院,74.0,144.0,完全一致,1.0,いすみ医療センター,,
医療法人社団鎮誠会季美の森リハビリテーション病院,千葉県,平成30年度出来高算定病院,0.0,120.0,完全一致,1.0,医療法人社団鎮誠会季美の森リハビリテーション病院,,
聖カタリナ病院,東京都,平成30年度出来高算定病院,0.0,41.0,完全一致,1.0,聖カタリナ病院,,
医療法人社団悦伝会目白病院,東京都,平成30年度出来高算定病院,100.0,100.0,完全一致,1.0,医療法人社団悦伝会 目白病院,,
東京都台東区立台東病院,東京都,平成30年度出来高算定病院,40.0,120.0,完全一致,1.0,東京都台東区立台東病院,,
医療法人社団隆靖会墨田中央病院,東京都,平成30年度出来高算定病院,97.0,97.0,完全一致,1.0,医療法人社団 隆靖会 墨田中央病院,,
医療法人社団一心会初富保健病院,千葉県,平成30年度出来高算定病院,0.0,320.0,完全一致,1.0,医療法人社団一心会初富保健病院,,
医療法人社団嵐川大野中央病院,千葉県,平成30年度出来高算定病院,108.0,197.0,完全一致,1.0,医療法人社団嵐川大野中央病院,,
医療法人社団巨樹の会五反田リハビリテーション病院,東京都,平成30年度出来高算定病院,0.0,240.0,サフィックス一致,0.9,五反田リハビリテーション病院,,
医療法人社団メドビュー東京ちどり病院,東京都,平成30年度出来高算定病院,24.0,98.0,サフィックス一致,0.9,東京ちどり病院,,
一般財団法人平和協会駒沢病院,東京都,平成30年度出来高算定病院,51.0,88.0,完全一致,1.0,一般財団法人 平和協会 駒沢病院,,
社会福祉法人東京有隣会有隣病院,東京都,平成30年度出来高算定病院,0.0,199.0,完全一致,1.0,社会福祉法人東京有隣会 有隣病院,,
医療法人社団輝生会初台リハビリテーション病院,東京都,平成30年度出来高算定病院,0.0,179.0,完全一致,1.0,医療法人社団輝生会 初台リハビリテーション病院,,
医療法人社団春陽会参宮橋脊椎外科病院,東京都,平成30年度出来高算定病院,22.0,22.0,完全一致,1.0,医療法人社団春陽会 参宮橋脊椎外科病院,,
成田リハビリテーション病院,千葉県,平成30年度出来高算定病院,0.0,100.0,完全一致,1.0,成田リハビリテーション病院,,
医療法人社団聖仁会白井聖仁会病院,千葉県,平成30年度出来高算定病院,88.0,193.0,完全一致,1.0,医療法人社団聖仁会白井聖仁会病院,,
社会医療法人社団大成会長汐病院,東京都,平成30年度出来高算定病院,93.0,239.0,完全一致,1.0,社会医療法人社団大成会　長汐病院,,
医療法人社団金地病院,東京都,平成30年度出来高算定病院,38.0,38.0,完全一致,1.0,医療法人社団金地病院,,
医療法人社団　巨樹の会　赤羽リハビリテーション病院,東京都,平成30年度出来高算定病院,0.0,240.0,サフィックス一致,0.9,赤羽リハビリテーション病院,,
医療法人社団慈誠会慈誠会徳丸リハビリテーション病院,東京都,平成30年度出来高算定病院,0.0,106.0,完全一致,1.0,医療法人社団慈誠会 慈誠会徳丸リハビリテーション病院,,
医療法人健育会竹川病院,東京都,平成30年度出来高算定病院,0.0,161.0,完全一致,1.0,医療法人社団健育会 竹川病院,,
医療法人社団大坪会東和病院,東京都,平成30年度出来高算定病院,149.0,299.0,完全一致,1.0,医療法人社団大坪会 東和病院,,
医療法人社団　巨樹の会　江東リハビリテーション病院,東京都,平成30年度出来高算定病院,0.0,300.0,サフィックス一致,0.9,江東リハビリテーション病院,,
品川志匠会病院,東京都,平成30年度出来高算定病院,66.0,66.0,完全一致,1.0,品川志匠会病院,,
医療法人社団苑田会苑田第三病院,東京都,平成30年度出来高算定病院,0.0,117.0,完全一致,1.0,医療法人社団苑田会 苑田第三病院,,
医療法人苑田会苑田会人工関節センター病院,東京都,平成30年度出来高算定病院,54.0,54.0,完全一致,1.0,医療法人社団苑田会 苑田会人工関節センター病院,,
医療法人財団桜会桜会病院,東京都,平成30年度出来高算定病院,0.0,351.0,完全一致,1.0,医療法人財団桜会 桜会病院,,
花はたリハビリテーション病院,東京都,平成30年度出来高算定病院,0.0,180.0,サフィックス一致,0.9,医療法人社団苑田会 花はたリハビリテーション病院,,
医療法人社団健整会米倉脊椎・関節病院,東京都,平成30年度出来高算定病院,22.0,62.0,完全一致,1.0,医療法人社団健整会 米倉脊椎・関節病院,,
医療法人社団苑田会竹の塚脳神経リハビリテーション病院,東京都,平成30年度出来高算定病院,0.0,180.0,完全一致,1.0,医療法人社団苑田会 竹の塚脳神経リハビリテーション病院,,
医療法人社団静山会清川病院,東京都,平成30年度出来高算定病院,52.0,111.0,完全一致,1.0,医療法人社団静山会 清川病院,,
社会医療法人河北医療財団河北リハビリテーション病院,東京都,平成30年度出来高算定病院,0.0,135.0,完全一致,1.0,社会医療法人河北医療財団河北リハビリテーション病院,,
医療法人慈公会公平病院,埼玉県,平成30年度出来高算定病院,28.0,28.0,完全一致,1.0,医療法人慈公会公平病院,,
医療法人社団東光会戸田中央リハビリテーション病院,埼玉県,平成30年度出来高算定病院,0.0,200.0,完全一致,1.0,医療法人社団東光会戸田中央リハビリテーション病院,,
社会福祉法人埼玉医療福祉会丸木記念福祉メディカルセンター,埼玉県,平成30年度出来高算定病院,48.0,604.0,サフィックス一致,0.9,丸木記念福祉メディカルセンター,,
医療法人慈桜会瀬戸病院,埼玉県,平成30年度出来高算定病院,63.0,63.0,完全一致,1.0,医療法人慈桜会瀬戸病院,,
医療法人社団東光会東所沢病院,埼玉県,平成30年度出来高算定病院,0.0,251.0,完全一致,1.0,医療法人社団東光会東所沢病院,,
医療法人社団医凰会並木病院,埼玉県,平成30年度出来高算定病院,0.0,183.0,完全一致,1.0,医療法人社団医凰会並木病院,,
社会医療法人社団大成会武南病院,埼玉県,平成30年度出来高算定病院,99.0,204.0,完全一致,1.0,社会医療法人社団大成会武南病院,,
医療法人三慶会指扇療養病院,埼玉県,平成30年度出来高算定病院,0.0,240.0,サフィックス一致,0.9,指扇療養病院,,
医療法人藤和会藤間病院,埼玉県,平成30年度出来高算定病院,55.0,55.0,サフィックス一致,0.9,藤間病院,,
医療法人眞美会麻見江ホスピタル,埼玉県,平成30年度出来高算定病院,0.0,310.0,完全一致,1.0,医療法人眞美会麻見江ホスピタル,,
秩父生協病院,埼玉県,平成30年度出来高算定病院,0.0,75.0,完全一致,1.0,秩父生協病院,,
医療法人財団聖蹟会埼玉県央病院,埼玉県,平成30年度出来高算定病院,73.0,157.0,完全一致,1.0,医療法人財団聖蹟会埼玉県央病院,,
医療法人若葉会若葉病院,埼玉県,平成30年度出来高算定病院,0.0,120.0,完全一致,1.0,医療法人若葉会若葉病院,,
医療法人徳洲会　さいたま記念病院,埼玉県,平成30年度出来高算定病院,72.0,167.0,完全一致,1.0,医療法人徳洲会　さいたま記念病院,,
蕨市立病院,埼玉県,平成30年度出来高算定病院,130.0,130.0,完全一致,1.0,蕨市立病院,,
医療法人社団浩蓉会埼玉脳神経外科病院,埼玉県,平成30年度出来高算定病院,95.0,95.0,サフィックス一致,0.9,埼玉脳神経外科病院,,
医療法人社団保健会東京湾岸リハビリテーション病院,千葉県,平成30年度出来高算定病院,0.0,160.0,完全一致,1.0,医療法人社団保健会東京湾岸リハビリテーション病院,,
医療法人社団恵仁会セントマーガレット病院,千葉県,平成30年度出来高算定病院,60.0,208.0,未結合,,,,
医療法人思誠会勝田台病院,千葉県,平成30年度出来高算定病院,100.0,148.0,完全一致,1.0,医療法人思誠会勝田台病院,,
八千代リハビリテーション病院,千葉県,平成30年度出来高算定病院,0.0,240.0,サフィックス一致,0.9,一般社団法人巨樹の会八千代リハビリテーション病院,,
リハビリテーション病院さらしな,千葉県,平成30年度出来高算定病院,0.0,120.0,サフィックス一致,0.9,医療法人社団白金会リハビリテーション病院さらしな,,
医療法人社団曙会流山中央病院,千葉県,平成30年度出来高算定病院,156.0,156.0,完全一致,1.0,医療法人社団曙会流山中央病院,,
医療法人社団和風会所沢リハビリテーション病院,埼玉県,平成30年度出来高算定病院,0.0,142.0,完全一致,1.0,医療法人社団和風会所沢リハビリテーション病院,,
社会医療法人社団　埼玉巨樹の会　明生リハビリテーション病院,埼玉県,平成30年度出来高算定病院,0.0,120.0,サフィックス一致,0.9,明生リハビリテーション病院,,
船橋市立リハビリテーション病院,千葉県,平成30年度出来高算定病院,0.0,180.0,完全一致,1.0,船橋市立リハビリテーション病院,,
社会医療法人社団正朋会宍倉病院,千葉県,平成30年度出来高算定病院,54.0,54.0,完全一致,1.0,社会医療法人社団正朋会宍倉病院,,
医療法人社団聖光会聖光会病院,千葉県,平成30年度出来高算定病院,0.0,239.0,完全一致,1.0,医療法人社団聖光会聖光会病院,,
医療法人ＳＨＩＯＤＡ塩田病院,千葉県,平成30年度出来高算定病院,257.0,290.0,完全一致,1.0,医療法人ＳＨＩＯＤＡ塩田病院,,
医療法人鉄蕉会亀田リハビリテーション病院,千葉県,平成30年度出来高算定病院,0.0,56.0,完全一致,1.0,医療法人鉄蕉会亀田リハビリテーション病院,,
鴨川市立国保病院,千葉県,平成30年度出来高算定病院,0.0,70.0,完全一致,1.0,鴨川市立国保病院,,
千葉県千葉リハビリテーションセンター,千葉県,平成30年度出来高算定病院,31.0,242.0,完全一致,1.0,千葉県千葉リハビリテーションセンター,,
医療法人社団誠馨会総泉病院,千葉県,平成30年度出来高算定病院,0.0,254.0,完全一致,1.0,医療法人社団誠馨会総泉病院,,
医療法人社団茶畑会相馬中央病院,福島県,平成30年度出来高算定病院,49.0,97.0,完全一致,1.0,医療法人社団茶畑会相馬中央病院,,
医療法人相雲会小野田病院,福島県,平成30年度出来高算定病院,8.0,40.0,完全一致,1.0,医療法人相雲会小野田病院,,
医療法人社団青空会大町病院,福島県,平成30年度出来高算定病院,88.0,172.0,完全一致,1.0,医療法人社団青空会 大町病院,,
福島県厚生農業協同組合連合会高田厚生病院,福島県,平成30年度出来高算定病院,0.0,53.0,完全一致,1.0,福島県厚生農業協同組合連合会高田厚生病院,,
医療法人社団養高会高野病院,福島県,平成30年度出来高算定病院,0.0,109.0,サフィックス一致,0.9,高野病院,,
医療法人愛正会田尻ケ丘病院,茨城県,平成30年度出来高算定病院,46.0,168.0,未結合,,,,
仙台東脳神経外科病院,宮城県,平成30年度出来高算定病院,69.0,93.0,完全一致,1.0,仙台東脳神経外科病院,,
社会医療法人杏仁会河原町病院,宮城県,平成30年度出来高算定病院,23.0,52.0,サフィックス一致,0.9,河原町病院,,
平間病院,茨城県,平成30年度出来高算定病院,16.0,75.0,完全一致,1.0,平間病院,,
医療法人社団健成会軽部病院,茨城県,平成30年度出来高算定病院,0.0,35.0,サフィックス一致,0.9,軽部病院,,
医療法人社団桜水会筑波病院,茨城県,平成30年度出来高算定病院,0.0,199.0,完全一致,1.0,医療法人社団桜水会筑波病院,,
医療法人蔦会アイビークリニック,茨城県,平成30年度出来高算定病院,31.0,55.0,サフィックス一致,0.9,アイビークリニック,,
医療法人青燈会小豆畑病院,茨城県,平成30年度出来高算定病院,42.0,90.0,サフィックス一致,0.9,小豆畑病院,,
茨城県立医療大学付属病院,茨城県,平成30年度出来高算定病院,0.0,120.0,完全一致,1.0,茨城県立医療大学付属病院,,
医療法人明信会今泉眼科病院,福島県,平成30年度出来高算定病院,60.0,60.0,完全一致,1.0,医療法人明信会今泉眼科病院,,
医療法人社団新生会南東北第二病院,福島県,平成30年度出来高算定病院,105.0,156.0,完全一致,1.0,医療法人社団新生会 南東北第二病院,,
栃木県立リハビリテーションセンター,栃木県,平成30年度出来高算定病院,40.0,153.0,完全一致,1.0,栃木県立リハビリテーションセンター,,
今井病院,栃木県,平成30年度出来高算定病院,70.0,186.0,完全一致,1.0,今井病院,,
足利第一病院,栃木県,平成30年度出来高算定病院,57.0,57.0,完全一致,1.0,足利第一病院,,
医療法人社団友志会リハビリテーション花の舎病院,栃木県,平成30年度出来高算定病院,0.0,114.0,サフィックス一致,0.9,リハビリテーション花の舎病院,,
南那須地区広域行政事務組合立那須南病院,栃木県,平成30年度出来高算定病院,92.0,150.0,サフィックス一致,0.9,那須南病院,,
医療法人社団田貫会高瀬記念病院,群馬県,平成30年度出来高算定病院,50.0,140.0,サフィックス一致,0.9,高瀬記念病院,,
医療法人財団県南病院,茨城県,平成30年度出来高算定病院,32.0,83.0,完全一致,1.0,医療法人財団 県南病院,,
医療法人社団白峰会湖南病院,茨城県,平成30年度出来高算定病院,47.0,126.0,サフィックス一致,0.9,湖南病院,,
西武川越病院,埼玉県,平成30年度出来高算定病院,0.0,268.0,完全一致,1.0,西武川越病院,,
医療法人真正会霞ヶ関南病院,埼玉県,平成30年度出来高算定病院,0.0,199.0,未結合,,,,
医療法人瑞穂会川越リハビリテーション病院,埼玉県,平成30年度出来高算定病院,0.0,151.0,サフィックス一致,0.9,川越リハビリテーション病院,,
医療法人梅原病院,埼玉県,平成30年度出来高算定病院,59.0,126.0,完全一致,1.0,医療法人梅原病院,,
リハビリテーション天草病院,埼玉県,平成30年度出来高算定病院,0.0,175.0,完全一致,1.0,リハビリテーション天草病院,,
医療法人社団全仁会埼玉筑波病院,埼玉県,平成30年度出来高算定病院,56.0,165.0,完全一致,1.0,医療法人社団全仁会埼玉筑波病院,,
医療法人恵会皆藤病院,栃木県,平成30年度出来高算定病院,0.0,397.0,完全一致,1.0,医療法人恵会　皆藤病院,,
宇都宮第一病院,栃木県,平成30年度出来高算定病院,162.0,162.0,完全一致,1.0,宇都宮第一病院,,
社会医療法人孝仁会 釧路孝仁会リハビリテーション病院 ,北海道,平成30年度出来高算定病院,42.0,133.0,未結合,,,,
医療法人社団高翔会北星記念病院,北海道,平成30年度出来高算定病院,50.0,102.0,完全一致,1.0,医療法人社団高翔会 北星記念病院,,
町立長沼病院,北海道,平成30年度出来高算定病院,84.0,84.0,完全一致,1.0,町立長沼病院,,
医療法人芙蓉会　こころのケアセンターふよう,青森県,平成30年度出来高算定病院,0.0,341.0,サフィックス一致,0.9,こころのケアセンターふよう,,
医療法人謙昌会総合リハビリ美保野病院,青森県,平成30年度出来高算定病院,0.0,123.0,サフィックス一致,0.9,総合リハビリ美保野病院,,
一般財団法人双仁会黒石厚生病院,青森県,平成30年度出来高算定病院,0.0,213.0,完全一致,1.0,一般財団法人双仁会黒石厚生病院,,
医療法人友愛会友愛記念病院,北海道,平成30年度出来高算定病院,0.0,152.0,完全一致,1.0,医療法人友愛会友愛記念病院,,
医療法人社団いずみ会北星病院,北海道,平成30年度出来高算定病院,40.0,140.0,完全一致,1.0,医療法人社団いずみ会北星病院,,
岩手県立高田病院,岩手県,平成30年度出来高算定病院,17.0,60.0,完全一致,1.0,岩手県立高田病院,,
奥州市総合水沢病院,岩手県,平成30年度出来高算定病院,75.0,99.0,完全一致,1.0,奥州市総合水沢病院,,
いわてリハビリテーションセンター,岩手県,平成30年度出来高算定病院,0.0,100.0,完全一致,1.0,いわてリハビリテーションセンター,,
岩手県立大槌病院,岩手県,平成30年度出来高算定病院,20.0,50.0,完全一致,1.0,岩手県立大槌病院,,
岩手県立山田病院,岩手県,平成30年度出来高算定病院,28.0,50.0,完全一致,1.0,岩手県立山田病院,,
岩手県立一戸病院,岩手県,平成30年度出来高算定病院,36.0,195.0,完全一致,1.0,岩手県立一戸病院,,
社会医療法人慈恵会聖ヶ丘病院,北海道,平成30年度出来高算定病院,0.0,288.0,未結合,,,,
社会福祉法人北海道社会事業協会洞爺病院,北海道,平成30年度出来高算定病院,0.0,165.0,完全一致,1.0,社会福祉法人北海道社会事業協会洞爺病院,,
大崎市民病院鳴子温泉分院,宮城県,平成30年度出来高算定病院,0.0,40.0,完全一致,1.0,大崎市民病院鳴子温泉分院,,
古川星陵病院,宮城県,平成30年度出来高算定病院,53.0,53.0,完全一致,1.0,古川星陵病院,,
医療法人盟陽会富谷中央病院,宮城県,平成30年度出来高算定病院,54.0,164.0,サフィックス一致,0.9,富谷中央病院,,
医療法人社団脳健会仙台リハビリテーション病院,宮城県,平成30年度出来高算定病院,0.0,82.0,サフィックス一致,0.9,仙台リハビリテーション病院,,
医療法人仁泉会川崎こころ病院,宮城県,平成30年度出来高算定病院,0.0,214.0,サフィックス一致,0.9,川崎こころ病院,,
平成眼科病院,宮城県,平成30年度出来高算定病院,30.0,30.0,完全一致,1.0,平成眼科病院,,
医療法人社団弘慈会　宮古第一病院,岩手県,平成30年度出来高算定病院,0.0,148.0,サフィックス一致,0.9,宮古第一病院,,
岩手県立遠野病院,岩手県,平成30年度出来高算定病院,89.0,110.0,完全一致,1.0,岩手県立遠野病院,,
医療法人泉整形外科病院,宮城県,平成30年度出来高算定病院,54.0,54.0,完全一致,1.0,泉整形外科病院,,
大館市立扇田病院,秋田県,平成30年度出来高算定病院,0.0,40.0,完全一致,1.0,大館市立扇田病院,,
医療法人双山会森岳温泉病院,秋田県,平成30年度出来高算定病院,0.0,120.0,完全一致,1.0,医療法人双山会 森岳温泉病院,,
鶴岡市立湯田川温泉リハビリテーション病院,山形県,平成30年度出来高算定病院,0.0,120.0,完全一致,1.0,鶴岡市立湯田川温泉リハビリテーション病院,,
医療法人社団敬愛会福島西部病院,福島県,平成30年度出来高算定病院,60.0,60.0,サフィックス一致,0.9,福島西部病院,,
一般財団法人太田綜合病院附属太田熱海病院,福島県,平成30年度出来高算定病院,120.0,272.0,完全一致,1.0,一般財団法人太田綜合病院附属太田熱海病院,,
大泉記念病院,宮城県,平成30年度出来高算定病院,48.0,192.0,サフィックス一致,0.9,医療法人浄仁会 大泉記念病院,,
大崎市民病院岩出山分院,宮城県,平成30年度出来高算定病院,0.0,40.0,完全一致,1.0,大崎市民病院岩出山分院,,
医療法人渓仁会札幌西円山病院,北海道,平成30年度出来高算定病院,0.0,603.0,サフィックス一致,0.9,札幌西円山病院,,
医療法人社団明日佳札幌明日佳病院,北海道,平成30年度出来高算定病院,0.0,243.0,完全一致,1.0,医療法人社団明日佳 札幌明日佳病院,,
医療法人社団CHCPﾍﾙｽｹｱｼｽﾃﾑ　桑園中央病院,北海道,平成30年度出来高算定病院,36.0,66.0,サフィックス一致,0.9,医療法人桑園中央病院,,
医療法人育愛会札幌東豊病院,北海道,平成30年度出来高算定病院,60.0,60.0,完全一致,1.0,医療法人　育愛会 札幌東豊病院,,
医療法人五輪橋整形外科病院,北海道,平成30年度出来高算定病院,55.0,95.0,完全一致,1.0,医療法人 五輪橋整形外科病院,,
医療法人社団北樹会病院,北海道,平成30年度出来高算定病院,0.0,275.0,完全一致,1.0,医療法人社団北樹会病院,,
医療法人善昭会オアシス第一病院,大分県,平成30年度出来高算定病院,35.0,93.0,サフィックス一致,0.9,オアシス第一病院,,
社会医療法人愛仁会植村病院,鹿児島県,平成30年度出来高算定病院,60.0,60.0,未結合,,,,
医療法人福和会札幌立花病院,北海道,平成30年度出来高算定病院,0.0,397.0,完全一致,1.0,医療法人福和会 札幌立花病院,,
医療法人知仁会八木整形外科病院,北海道,平成30年度出来高算定病院,41.0,101.0,完全一致,1.0,医療法人知仁会 八木整形外科病院,,
医療法人札幌宮の沢病院,北海道,平成30年度出来高算定病院,0.0,355.0,完全一致,1.0,医療法人札幌宮の沢病院,,
医療法人札幌緑誠病院,北海道,平成30年度出来高算定病院,0.0,342.0,完全一致,1.0,医療法人札幌緑誠病院,,
札幌田中病院,北海道,平成30年度出来高算定病院,0.0,334.0,完全一致,1.0,札幌田中病院,,
医療法人中山会新札幌パウロ病院,北海道,平成30年度出来高算定病院,0.0,393.0,完全一致,1.0,医療法人中山会 新札幌パウロ病院,,
岡山済生会外来センター病院,岡山県,平成30年度出来高算定病院,0.0,80.0,完全一致,1.0,岡山済生会外来センター病院,,
医療法人社団正心会岡本病院,北海道,平成30年度出来高算定病院,0.0,217.0,完全一致,1.0,医療法人社団正心会 岡本病院,,
医療法人新札幌整形外科病院,北海道,平成30年度出来高算定病院,88.0,88.0,完全一致,1.0,医療法人 新札幌整形外科病院,,
特定医療法人平成会平成会病院,北海道,平成30年度出来高算定病院,0.0,82.0,完全一致,1.0,特定医療法人 平成会 平成会病院,,
医療法人菊郷会愛育病院,北海道,平成30年度出来高算定病院,164.0,164.0,完全一致,1.0,医療法人菊郷会 愛育病院,,
医療法人徳洲会　札幌外科記念病院,北海道,平成30年度出来高算定病院,57.0,57.0,完全一致,1.0,医療法人徳洲会　札幌外科記念病院,,
医療法人　札幌東和病院,北海道,平成30年度出来高算定病院,0.0,210.0,完全一致,1.0,札幌東和病院,,
医療法人英生会野幌病院,北海道,平成30年度出来高算定病院,23.0,69.0,完全一致,1.0,医療法人英生会野幌病院,,
医療法人菊郷会札幌センチュリー病院,北海道,平成30年度出来高算定病院,46.0,150.0,完全一致,1.0,医療法人菊郷会 札幌センチュリー病院,,
医療法人札幌平岡病院,北海道,平成30年度出来高算定病院,0.0,240.0,完全一致,1.0,医療法人札幌平岡病院,,
医療法人社団豊友会千歳豊友会病院,北海道,平成30年度出来高算定病院,36.0,134.0,完全一致,1.0,医療法人社団豊友会千歳豊友会病院,,
特定医療法人富田病院,北海道,平成30年度出来高算定病院,45.0,390.0,完全一致,1.0,特定医療法人富田病院,,
医療法人社団ｓｈｉｎｄｏ　整形外科進藤病院,北海道,平成30年度出来高算定病院,60.0,99.0,サフィックス一致,0.9,整形外科進藤病院,,
旭川リハビリテーション病院,北海道,平成30年度出来高算定病院,30.0,298.0,完全一致,1.0,旭川リハビリテーション病院,,
医療法人社団杏仁会大雪病院,北海道,平成30年度出来高算定病院,59.0,99.0,完全一致,1.0,医療法人社団杏仁会大雪病院,,
医療法人室蘭太平洋病院,北海道,平成30年度出来高算定病院,0.0,210.0,完全一致,1.0,医療法人室蘭太平洋病院,,
仁楡会札幌病院,北海道,平成30年度出来高算定病院,34.0,77.0,完全一致,1.0,仁楡会札幌病院,,
医療法人讃生会　北野病院,北海道,平成30年度出来高算定病院,61.0,127.0,完全一致,1.0,医療法人　讃生会　北野病院,,
医療法人恕泉会リハビリテーション病院すこやかな杜,高知県,平成30年度出来高算定病院,0.0,60.0,サフィックス一致,0.9,リハビリテーション病院すこやかな杜,,
医療法人同仁会同仁病院,高知県,平成30年度出来高算定病院,0.0,252.0,サフィックス一致,0.9,同仁病院,,
社会医療法人財団池友会香椎丘リハビリテーション病院,福岡県,平成30年度出来高算定病院,0.0,120.0,サフィックス一致,0.9,香椎丘リハビリテーション病院,,
八木病院,福岡県,平成30年度出来高算定病院,47.0,127.0,完全一致,1.0,八木病院,,
医療法人文佑会原病院,福岡県,平成30年度出来高算定病院,20.0,103.0,完全一致,1.0,医療法人文佑会 原病院,,
社会医療法人雪の聖母会聖マリアヘルスケアセンター,福岡県,平成30年度出来高算定病院,0.0,198.0,サフィックス一致,0.9,聖マリアヘルスケアセンター,,
医療法人社団生和会徳山リハビリテーション病院,山口県,平成30年度出来高算定病院,0.0,120.0,サフィックス一致,0.9,徳山リハビリテーション病院,,
光市立大和総合病院,山口県,平成30年度出来高算定病院,40.0,243.0,完全一致,1.0,光市立大和総合病院,,
北九州小倉病院,福岡県,平成30年度出来高算定病院,60.0,180.0,完全一致,1.0,北九州小倉病院,,
西田病院,佐賀県,平成30年度出来高算定病院,0.0,98.0,サフィックス一致,0.9,医療法人光仁会西田病院,,
医療法人社団杠葉会もろどみ中央病院,佐賀県,平成30年度出来高算定病院,50.0,175.0,完全一致,1.0,医療法人社団杠葉会もろどみ中央病院,,
医療法人社団啓祐会神埼病院,佐賀県,平成30年度出来高算定病院,0.0,99.0,完全一致,1.0,医療法人社団啓祐会神埼病院,,
医療法人心々和会　サン・レモリハビリ病院,長崎県,平成30年度出来高算定病院,0.0,216.0,サフィックス一致,0.9,サン・レモ リハビリ病院,,
医療法人慧明会貞松病院,長崎県,平成30年度出来高算定病院,40.0,76.0,完全一致,1.0,医療法人慧明会　貞松病院,,
医療法人朝陽会美須賀病院,愛媛県,平成30年度出来高算定病院,37.0,89.0,サフィックス一致,0.9,美須賀病院,,
医療法人仁栄会島津病院,高知県,平成30年度出来高算定病院,59.0,69.0,完全一致,1.0,医療法人仁栄会 島津病院,,
医療法人財団聖十字会聖ヶ塔病院,熊本県,平成30年度出来高算定病院,0.0,174.0,サフィックス一致,0.9,聖ヶ塔病院,,
医療法人成仁会くまもと成仁病院,熊本県,平成30年度出来高算定病院,37.0,180.0,サフィックス一致,0.9,くまもと成仁病院,,
医療法人山部会上代成城病院,熊本県,平成30年度出来高算定病院,16.0,82.0,サフィックス一致,0.9,上代成城病院,,
医療法人芝蘭会今村病院,大分県,平成30年度出来高算定病院,0.0,60.0,完全一致,1.0,医療法人芝蘭会 今村病院,,
医療法人八宏会有田胃腸病院,大分県,平成30年度出来高算定病院,30.0,60.0,サフィックス一致,0.9,有田胃腸病院,,
医療法人光心会諏訪の杜病院,大分県,平成30年度出来高算定病院,25.0,65.0,サフィックス一致,0.9,諏訪の杜病院,,
医療法人ふらて会西野病院,福岡県,平成30年度出来高算定病院,20.0,120.0,完全一致,1.0,医療法人ふらて会 西野病院,,
医療法人森和会行橋中央病院,福岡県,平成30年度出来高算定病院,98.0,148.0,完全一致,1.0,医療法人森和会 行橋中央病院,,
新成病院,鹿児島県,平成30年度出来高算定病院,13.0,65.0,完全一致,1.0,新成病院,,
健翔会病院,鹿児島県,平成30年度出来高算定病院,0.0,54.0,完全一致,1.0,健翔会病院,,
医療法人慈風会厚地リハビリテーション病院,鹿児島県,平成30年度出来高算定病院,0.0,54.0,サフィックス一致,0.9,厚地リハビリテーション病院,,
医療法人財団浩誠会霧島杉安病院,鹿児島県,平成30年度出来高算定病院,22.0,95.0,サフィックス一致,0.9,霧島杉安病院,,
医療法人徳洲会　石垣島徳洲会病院,沖縄県,平成30年度出来高算定病院,53.0,62.0,サフィックス一致,0.9,石垣島徳洲会病院,,
医療法人おもと会大浜第二病院,沖縄県,平成30年度出来高算定病院,0.0,177.0,完全一致,1.0,医療法人おもと会 大浜第二病院,,
長崎県富江病院,長崎県,平成30年度出来高算定病院,0.0,55.0,完全一致,1.0,長崎県富江病院,,
長崎県病院企業団長崎県上対馬病院,長崎県,平成30年度出来高算定病院,60.0,60.0,サフィックス一致,0.9,長崎県上対馬病院,,
医療法人伯鳳会明石リハビリテーション病院,兵庫県,平成30年度出来高算定病院,0.0,109.0,完全一致,1.0,医療法人伯鳳会 明石リハビリテーション病院,,
医療法人社団松本会松本病院,兵庫県,平成30年度出来高算定病院,57.0,115.0,完全一致,1.0,医療法人社団 松本会 松本病院,,
医療法人社団一功会フェニックス加古川記念病院,兵庫県,平成30年度出来高算定病院,0.0,120.0,サフィックス一致,0.9,フェニックス加古川記念病院,,
國富胃腸病院,兵庫県,平成30年度出来高算定病院,50.0,230.0,完全一致,1.0,國富胃腸病院,,
平成まほろば病院,奈良県,平成30年度出来高算定病院,0.0,116.0,完全一致,1.0,平成まほろば病院,,
高山病院,和歌山県,平成30年度出来高算定病院,50.0,50.0,完全一致,1.0,高山病院,,
医療法人健友会帝塚山リハビリテーション病院,大阪府,平成30年度出来高算定病院,0.0,59.0,サフィックス一致,0.9,帝塚山リハビリテーション病院,,
医療法人昌円会高村病院,大阪府,平成30年度出来高算定病院,55.0,175.0,完全一致,1.0,医療法人昌円会高村病院,,
医療法人社団昌平会大山リハビリテーション病院,鳥取県,平成30年度出来高算定病院,0.0,60.0,サフィックス一致,0.9,大山リハビリテーション病院,,
社会医療法人水和会倉敷リハビリテーション病院,岡山県,平成30年度出来高算定病院,0.0,106.0,サフィックス一致,0.9,倉敷リハビリテーション病院,,
医療法人三渓会川堀病院,広島県,平成30年度出来高算定病院,39.0,39.0,完全一致,1.0,医療法人三渓会 川堀病院,,
医療法人社団光仁会梶川病院,広島県,平成30年度出来高算定病院,0.0,88.0,完全一致,1.0,医療法人社団光仁会 梶川病院,,
医療法人長久堂野村病院,広島県,平成30年度出来高算定病院,40.0,79.0,完全一致,1.0,医療法人長久堂野村病院,,
カナデビア健康保険組合因島総合病院,広島県,平成30年度出来高算定病院,26.0,115.0,完全一致,1.0,カナデビア健康保険組合因島総合病院,,
さんだリハビリテーション病院,兵庫県,平成30年度出来高算定病院,0.0,69.0,完全一致,1.0,さんだリハビリテーション病院,,
八木病院,兵庫県,平成30年度出来高算定病院,0.0,98.0,完全一致,1.0,八木病院,,
医療法人社団葵会八本松病院,広島県,平成30年度出来高算定病院,55.0,235.0,完全一致,1.0,医療法人社団葵会 八本松病院,,
西条中央病院,広島県,平成30年度出来高算定病院,47.0,185.0,完全一致,1.0,西条中央病院,,
医療法人あかね会阿品土谷病院,広島県,平成30年度出来高算定病院,0.0,214.0,完全一致,1.0,医療法人あかね会 阿品土谷病院,,
社会医療法人清風会廿日市記念病院,広島県,平成30年度出来高算定病院,0.0,98.0,サフィックス一致,0.9,廿日市記念病院,,
下関リハビリテーション病院,山口県,平成30年度出来高算定病院,0.0,165.0,完全一致,1.0,下関リハビリテーション病院,,
医療法人社団生和会周南リハビリテーション病院,山口県,平成30年度出来高算定病院,0.0,210.0,サフィックス一致,0.9,周南リハビリテーション病院,,
錦海リハビリテーション病院,鳥取県,平成30年度出来高算定病院,0.0,48.0,完全一致,1.0,錦海リハビリテーション病院,,
社会医療法人仁厚会米子東病院,鳥取県,平成30年度出来高算定病院,0.0,95.0,完全一致,1.0,社会医療法人仁厚会米子東病院,,
医療法人いちえ会伊月病院,徳島県,平成30年度出来高算定病院,16.0,89.0,サフィックス一致,0.9,伊月病院,,
松永病院,徳島県,平成30年度出来高算定病院,0.0,27.0,完全一致,1.0,松永病院,,
鴨島病院,徳島県,平成30年度出来高算定病院,0.0,178.0,サフィックス一致,0.9,医療法人徳寿会 鴨島病院,,
医療法人仁寿会吉田病院,香川県,平成30年度出来高算定病院,0.0,62.0,未結合,,,,
医療法人社団聖心会阪本病院,香川県,平成30年度出来高算定病院,52.0,52.0,完全一致,1.0,医療法人社団聖心会 阪本病院,,
医療法人グランセル佐藤実病院,愛媛県,平成30年度出来高算定病院,0.0,60.0,サフィックス一致,0.9,佐藤実病院,,
医療法人社団生和会　福山リハビリテーション病院,広島県,平成30年度出来高算定病院,0.0,302.0,完全一致,1.0,医療法人社団生和会福山リハビリテーション病院,,
医療法人社団知仁会メープルヒル病院,広島県,平成30年度出来高算定病院,0.0,344.0,サフィックス一致,0.9,メープルヒル病院,,
医療法人積善会積善病院,愛知県,平成30年度出来高算定病院,0.0,414.0,完全一致,1.0,医療法人積善会 積善病院,,
医療法人積善会第二積善病院,愛知県,平成30年度出来高算定病院,18.0,226.0,完全一致,1.0,医療法人積善会 第二積善病院,,
医療法人陽和会春日井リハビリテーション病院,愛知県,平成30年度出来高算定病院,39.0,279.0,完全一致,1.0,医療法人陽和会 春日井リハビリテーション病院,,
春日井整形あさひ病院,愛知県,平成30年度出来高算定病院,40.0,80.0,完全一致,1.0,春日井整形あさひ病院,,
医療法人鳳紀会可知病院,愛知県,平成30年度出来高算定病院,0.0,60.0,完全一致,1.0,医療法人鳳紀会可知病院,,
医療法人愛知会肛門科胃腸科家田病院,愛知県,平成30年度出来高算定病院,84.0,84.0,サフィックス一致,0.9,家田病院,,
城西病院,長野県,平成30年度出来高算定病院,54.0,199.0,完全一致,1.0,城西病院,,
軽井沢町国民健康保険軽井沢病院,長野県,平成30年度出来高算定病院,38.0,98.0,完全一致,1.0,軽井沢町国民健康保険軽井沢病院,,
医療法人北辰会蒲郡厚生館病院,愛知県,平成30年度出来高算定病院,0.0,106.0,完全一致,1.0,医療法人北辰会 蒲郡厚生館病院,,
石川病院,愛知県,平成30年度出来高算定病院,0.0,60.0,サフィックス一致,0.9,医療法人 聖会 石川病院,,
医療法人博仁会村瀬病院,三重県,平成30年度出来高算定病院,60.0,218.0,完全一致,1.0,医療法人博仁会村瀬病院,,
医療法人全心会　伊勢ひかり病院,三重県,平成30年度出来高算定病院,40.0,193.0,完全一致,1.0,医療法人全心会 伊勢ひかり病院,,
玉城町国民健康保険玉城病院,三重県,平成30年度出来高算定病院,0.0,50.0,完全一致,1.0,玉城町国民健康保険玉城病院,,
医療法人華頂会琵琶湖養育院病院,滋賀県,平成30年度出来高算定病院,43.0,154.0,完全一致,1.0,医療法人華頂会琵琶湖養育院病院,,
医療法人並木会並木病院,愛知県,平成30年度出来高算定病院,0.0,212.0,完全一致,1.0,医療法人並木会 並木病院,,
医療法人さわらび会福祉村病院,愛知県,平成30年度出来高算定病院,0.0,261.0,完全一致,1.0,医療法人さわらび会福祉村病院,,
医療法人社団行陵会京都近衛リハビリテーション病院,京都府,平成30年度出来高算定病院,0.0,100.0,完全一致,1.0,医療法人社団行陵会京都近衛リハビリテーション病院,,
医療法人清水会京都リハビリテーション病院,京都府,平成30年度出来高算定病院,0.0,64.0,完全一致,1.0,医療法人清水会京都リハビリテーション病院,,
医療法人毅峰会青樹会病院,大阪府,平成30年度出来高算定病院,38.0,78.0,完全一致,1.0,医療法人毅峰会青樹会病院,,
医療法人京優会北摂三木病院,大阪府,平成30年度出来高算定病院,0.0,49.0,完全一致,1.0,医療法人京優会北摂三木病院,,
社会医療法人きつこう会多根記念眼科病院,大阪府,平成30年度出来高算定病院,58.0,58.0,サフィックス一致,0.9,多根記念眼科病院,,
医療法人越宗会越宗整形外科病院,大阪府,平成30年度出来高算定病院,10.0,30.0,サフィックス一致,0.9,越宗整形外科病院,,
医療法人成信会さくら病院,愛知県,平成30年度出来高算定病院,11.0,95.0,サフィックス一致,0.9,さくら病院,,
名豊病院,愛知県,平成30年度出来高算定病院,50.0,250.0,完全一致,1.0,名豊病院,,
医療法人恵仁会田中病院,大阪府,平成30年度出来高算定病院,78.0,78.0,完全一致,1.0,医療法人恵仁会田中病院,,
医療法人有光会サトウ病院,大阪府,平成30年度出来高算定病院,34.0,70.0,完全一致,1.0,医療法人有光会サトウ病院,,
医療法人功徳会泉南泉南大阪晴愛病院,大阪府,平成30年度出来高算定病院,14.0,95.0,完全一致,1.0,医療法人功徳会泉南泉南大阪晴愛病院,,
社会医療法人協和会北大阪病院,大阪府,平成30年度出来高算定病院,39.0,77.0,完全一致,1.0,社会医療法人協和会北大阪病院,,
医療法人交詢医会大阪リハビリテーション病院,大阪府,平成30年度出来高算定病院,30.0,126.0,完全一致,1.0,医療法人交詢医会大阪リハビリテーション病院,,
医療法人尚和会宝塚リハビリテーション病院,兵庫県,平成30年度出来高算定病院,0.0,162.0,完全一致,1.0,医療法人尚和会 宝塚リハビリテーション病院,,
医療法人敬愛会東近江敬愛病院,滋賀県,平成30年度出来高算定病院,0.0,154.0,サフィックス一致,0.9,東近江敬愛病院,,
京都博愛会病院,京都府,平成30年度出来高算定病院,35.0,390.0,サフィックス一致,0.9,社会福祉法人京都博愛会京都博愛会病院,,
医療法人俊仁会埼玉よりい病院,埼玉県,平成30年度出来高算定病院,47.0,145.0,サフィックス一致,0.9,埼玉よりい病院,,
医療法人浄光会千葉みなと病院,千葉県,平成30年度出来高算定病院,57.0,96.0,完全一致,1.0,医療法人浄光会 千葉みなと病院,,
医療法人社団天宣会北柏リハビリ総合病院,千葉県,平成30年度出来高算定病院,43.0,247.0,完全一致,1.0,医療法人社団天宣会北柏リハビリ総合病院,,
医療法人社団鼎会三和病院,千葉県,平成30年度出来高算定病院,50.0,50.0,完全一致,1.0,医療法人社団鼎会三和病院,,
医療法人社団恵信会友仁病院,東京都,平成30年度出来高算定病院,0.0,60.0,完全一致,1.0,医療法人社団恵信会友仁病院,,
医療法人社団成守会はせがわ病院,東京都,平成30年度出来高算定病院,0.0,86.0,完全一致,1.0,医療法人社団成守会 はせがわ病院,,
栃木県医師会塩原温泉病院,栃木県,平成30年度出来高算定病院,0.0,199.0,完全一致,1.0,栃木県医師会塩原温泉病院,,
伊勢崎福島病院,群馬県,平成30年度出来高算定病院,91.0,232.0,完全一致,1.0,伊勢崎福島病院,,
医療法人社団大和会平成扇病院,東京都,平成30年度出来高算定病院,0.0,120.0,完全一致,1.0,医療法人社団大和会 平成扇病院,,
社会医療法人社団　森山医会　森山脳神経センター病院,東京都,平成30年度出来高算定病院,43.0,149.0,完全一致,1.0,社会医療法人社団森山医会 森山脳神経センター病院,,
医療法人社団ＫＮＩ北原リハビリテーション病院,東京都,平成30年度出来高算定病院,0.0,75.0,完全一致,1.0,医療法人社団ＫＮＩ北原リハビリテーション病院,,
医療法人社団恵仁会366リハビリテーション病院,東京都,平成30年度出来高算定病院,0.0,78.0,サフィックス一致,0.9,３６６リハビリテーション病院,,
医療法人恵仁会松島病院,神奈川県,平成30年度出来高算定病院,95.0,95.0,完全一致,1.0,医療法人 恵仁会 松島病院,,
公益社団法人日本海員掖済会　横浜掖済会病院,神奈川県,平成30年度出来高算定病院,111.0,111.0,サフィックス一致,0.9,横浜掖済会病院,,
医療法人社団富家会富家病院,埼玉県,平成30年度出来高算定病院,0.0,281.0,サフィックス一致,0.9,富家病院,,
医療法人社団シャロームシャローム病院,埼玉県,平成30年度出来高算定病院,25.0,55.0,サフィックス一致,0.9,シャローム病院,,
緑協和病院,神奈川県,平成30年度出来高算定病院,0.0,145.0,完全一致,1.0,緑協和病院,,
新潟手の外科研究所病院,新潟県,平成30年度出来高算定病院,50.0,50.0,完全一致,1.0,新潟手の外科研究所病院,,
医療法人深川病院,富山県,平成30年度出来高算定病院,0.0,154.0,完全一致,1.0,深川病院,,
医療法人保仁会泉ヶ丘病院,福井県,平成30年度出来高算定病院,39.0,116.0,サフィックス一致,0.9,泉ヶ丘病院,,
独立行政法人地域医療機能推進機構若狭高浜病院,福井県,平成30年度出来高算定病院,0.0,90.0,完全一致,1.0,独立行政法人地域医療機能推進機構 若狭高浜病院,,
公益財団法人山梨厚生会塩山市民病院,山梨県,平成30年度出来高算定病院,0.0,161.0,サフィックス一致,0.9,塩山市民病院,,
医療法人社団慈誠会練馬駅リハビリテーション病院,東京都,平成30年度出来高算定病院,0.0,150.0,完全一致,1.0,医療法人社団慈誠会 練馬駅リハビリテーション病院,,
社会医療法人社団昭愛会水野記念リハビリテーション病院,東京都,平成30年度出来高算定病院,0.0,60.0,完全一致,1.0,社会医療法人社団昭愛会 水野記念リハビリテーション病院,,
飯綱町立飯綱病院,長野県,平成30年度出来高算定病院,52.0,103.0,完全一致,1.0,飯綱町立飯綱病院,,
瀬尾記念慶友病院,静岡県,平成30年度出来高算定病院,0.0,74.0,完全一致,1.0,瀬尾記念慶友病院,,
社会医療法人　青虎会　フジ虎ノ門整形外科病院,静岡県,平成30年度出来高算定病院,127.0,211.0,完全一致,1.0,社会医療法人 青虎会 フジ虎ノ門整形外科病院,,
医療法人社団八洲会誠和藤枝病院,静岡県,平成30年度出来高算定病院,0.0,165.0,サフィックス一致,0.9,誠和藤枝病院,,
浜松市リハビリテーション病院,静岡県,平成30年度出来高算定病院,45.0,225.0,完全一致,1.0,浜松市リハビリテーション病院,,
南医療生協かなめ病院,愛知県,平成30年度出来高算定病院,0.0,60.0,完全一致,1.0,南医療生協かなめ病院,,
医療法人社団松寿会丘整形外科病院,神奈川県,平成30年度出来高算定病院,33.0,72.0,完全一致,1.0,医療法人社団松寿会　丘整形外科病院,,
昭和医科大学藤が丘リハビリテーション病院,神奈川県,平成30年度出来高算定病院,101.0,197.0,完全一致,1.0,昭和医科大学藤が丘リハビリテーション病院,,
国際医療福祉大学市川病院,千葉県,平成30年度出来高算定病院,128.0,260.0,完全一致,1.0,国際医療福祉大学市川病院,,
市立野洲病院,滋賀県,平成30年度出来高算定病院,55.0,199.0,完全一致,1.0,市立野洲病院,,
医療法人社団八千代会メリィホスピタル,広島県,平成30年度出来高算定病院,0.0,199.0,サフィックス一致,0.9,メリィホスピタル,,
医療法人社団恵和会宮の森病院,北海道,平成30年度出来高算定病院,0.0,240.0,完全一致,1.0,医療法人社団恵和会 宮の森病院,,
勇気会医療法人北央病院,北海道,平成30年度出来高算定病院,60.0,99.0,完全一致,1.0,勇気会医療法人 北央病院,,
医療法人社団豊武会幌東病院,北海道,平成30年度出来高算定病院,0.0,240.0,完全一致,1.0,医療法人社団豊武会 幌東病院,,
医療法人啓清会関東脳神経外科病院,埼玉県,平成29年度出来高算定病院,95.0,143.0,完全一致,1.0,医療法人啓清会関東脳神経外科病院,,
松江病院,東京都,平成29年度出来高算定病院,42.0,94.0,サフィックス一致,0.9,医療法人社団晃山会松江病院,,
医療法人社団双心会女満別中央病院,北海道,平成30年度出来高算定病院,42.0,82.0,完全一致,1.0,医療法人社団双心会女満別中央病院,,
市立三笠総合病院,北海道,平成30年度出来高算定病院,31.0,88.0,完全一致,1.0,市立三笠総合病院,,
市立美唄病院,北海道,平成30年度出来高算定病院,28.0,75.0,完全一致,1.0,市立美唄病院,,
独立行政法人労働者健康安全機構北海道せき損センター,北海道,平成30年度出来高算定病院,105.0,157.0,完全一致,1.0,独立行政法人労働者健康安全機構北海道せき損センター,,
社会福祉法人敬仁会青森敬仁会病院,青森県,平成30年度出来高算定病院,0.0,120.0,サフィックス一致,0.9,青森敬仁会病院,,
奥州市国民健康保険まごころ病院,岩手県,平成30年度出来高算定病院,16.0,48.0,完全一致,1.0,奥州市国民健康保険まごころ病院,,
医療法人福寿会日野病院,大分県,平成29年度出来高算定病院,0.0,60.0,サフィックス一致,0.9,日野病院,,
独立行政法人　国立病院機構　高松医療センター,香川県,平成30年度出来高算定病院,0.0,232.0,サフィックス一致,0.9,独立行政法人国立病院機構高松医療センター,,
秋田県立リハビリテーション・精神医療センター,秋田県,平成30年度出来高算定病院,0.0,300.0,完全一致,1.0,秋田県立リハビリテーション・精神医療センター,,
大湯リハビリ温泉病院,秋田県,平成30年度出来高算定病院,0.0,109.0,サフィックス一致,0.9,医療法人楽山会 大湯リハビリ温泉病院,,
渡辺病院,福島県,平成30年度出来高算定病院,93.0,140.0,完全一致,1.0,渡辺病院,,
医療法人誠潤会水戸病院,茨城県,平成30年度出来高算定病院,43.0,43.0,完全一致,1.0,医療法人誠潤会水戸病院,,
医療法人清風会ホスピタル坂東,茨城県,平成30年度出来高算定病院,60.0,410.0,サフィックス一致,0.9,ホスピタル坂東,,
日光市民病院,栃木県,平成30年度出来高算定病院,47.0,100.0,完全一致,1.0,日光市民病院,,
社会医療法人延山会西成病院,北海道,平成30年度出来高算定病院,60.0,109.0,完全一致,1.0,社会医療法人延山会 西成病院,,
医療法人社団翔嶺館新札幌聖陵ホスピタル,北海道,平成30年度出来高算定病院,0.0,70.0,完全一致,1.0,医療法人社団翔嶺館 新札幌聖陵ホスピタル,,
医療法人大和会西毛病院,群馬県,平成30年度出来高算定病院,0.0,410.0,サフィックス一致,0.9,西毛病院,,
医療法人宏愛会宏愛会第一病院,群馬県,平成30年度出来高算定病院,0.0,123.0,未結合,,,,
医療法人刀水会齋藤記念病院,埼玉県,平成30年度出来高算定病院,0.0,47.0,完全一致,1.0,医療法人刀水会齋藤記念病院,,
医療法人財団明理会新越谷病院,埼玉県,平成30年度出来高算定病院,0.0,188.0,完全一致,1.0,医療法人財団明理会新越谷病院,,
医療法人財団東京勤労者医療会みさと協立病院,埼玉県,平成30年度出来高算定病院,0.0,60.0,完全一致,1.0,医療法人財団東京勤労者医療会みさと協立病院,,
医療法人親和会鳳永病院,埼玉県,平成30年度出来高算定病院,0.0,50.0,完全一致,1.0,医療法人親和会鳳永病院,,
医療法人寶樹会仙塩利府病院,宮城県,平成30年度出来高算定病院,87.0,99.0,完全一致,1.0,医療法人寶樹会 仙塩利府病院,,
特定医療法人白嶺会仙台整形外科病院,宮城県,平成30年度出来高算定病院,98.0,146.0,サフィックス一致,0.9,仙台整形外科病院,,
医療法人橋本病院,徳島県,平成29年度出来高算定病院,0.0,57.0,完全一致,1.0,橋本病院,,
医療法人春風会樫村病院,香川県,平成29年度出来高算定病院,0.0,37.0,完全一致,1.0,医療法人春風会 樫村病院,,
医療法人一朋会増田病院,愛媛県,平成29年度出来高算定病院,0.0,54.0,サフィックス一致,0.9,増田病院,,
医療法人慈孝会福角病院,愛媛県,平成29年度出来高算定病院,0.0,114.0,完全一致,1.0,医療法人慈孝会 福角病院,,
医療法人高田会高知記念病院,高知県,平成29年度出来高算定病院,28.0,174.0,サフィックス一致,0.9,高知記念病院,,
医療法人社団廣徳会岡部病院,福岡県,平成29年度出来高算定病院,0.0,141.0,完全一致,1.0,医療法人社団廣徳会 岡部病院,,
医療法人社団憲仁会中井記念病院,奈良県,平成29年度出来高算定病院,35.0,80.0,完全一致,1.0,医療法人社団憲仁会中井記念病院,,
南和広域医療企業団五條病院,奈良県,平成29年度出来高算定病院,31.0,85.0,完全一致,1.0,南和広域医療企業団五條病院,,
医療法人うれしの福田病院,佐賀県,平成29年度出来高算定病院,47.0,72.0,サフィックス一致,0.9,福田病院,,
医療法人萌愛会長崎セント・ノーヴァ病院,長崎県,平成29年度出来高算定病院,0.0,110.0,サフィックス一致,0.9,長崎セント・ノーヴァ病院,,
医療法人共生会長崎友愛病院,長崎県,平成29年度出来高算定病院,0.0,70.0,サフィックス一致,0.9,長崎友愛病院,,
医療法人朝日野会十善病院,熊本県,平成29年度出来高算定病院,0.0,178.0,サフィックス一致,0.9,十善病院,,
医療法人洗心会荒尾中央病院,熊本県,平成29年度出来高算定病院,0.0,240.0,サフィックス一致,0.9,荒尾中央病院,,
医療法人熊本桜十字　桜十字八代リハビリテーション病院,熊本県,平成29年度出来高算定病院,0.0,199.0,サフィックス一致,0.9,桜十字八代リハビリテーション病院,,
医療法人社団成蹊会岡田病院,山口県,平成29年度出来高算定病院,83.0,121.0,サフィックス一致,0.9,岡田病院,,
周防大島町立大島病院,山口県,平成29年度出来高算定病院,39.0,99.0,完全一致,1.0,周防大島町立大島病院,,
医療法人孝誠会うすき整形・外科・内科病院,鹿児島県,平成29年度出来高算定病院,0.0,43.0,サフィックス一致,0.9,うすき整形・外科・内科病院,,
医療法人徳洲会沖永良部徳洲会病院,鹿児島県,平成29年度出来高算定病院,60.0,132.0,サフィックス一致,0.9,沖永良部徳洲会病院,,
医療法人聖仁会南薩ケアほすぴたる,鹿児島県,平成29年度出来高算定病院,6.0,102.0,サフィックス一致,0.9,南薩ケアほすぴたる,,
医療法人タピック沖縄リハビリテーションセンター病院,沖縄県,平成29年度出来高算定病院,0.0,410.0,完全一致,1.0,医療法人タピック 沖縄リハビリテーションセンター病院,,
医療法人社団隆成会皆川病院,栃木県,平成29年度出来高算定病院,16.0,72.0,サフィックス一致,0.9,皆川病院,,
医療法人社団大和会慶和病院,埼玉県,平成29年度出来高算定病院,18.0,116.0,完全一致,1.0,医療法人社団大和会慶和病院,,
学校法人福岡学園福岡歯科大学医科歯科総合病院,福岡県,平成29年度出来高算定病院,50.0,50.0,サフィックス一致,0.9,福岡歯科大学医科歯科総合病院,,
医療法人楠病院,福岡県,平成29年度出来高算定病院,18.0,48.0,完全一致,1.0,医療法人楠病院,,
医療法人　吉村病院,福岡県,平成29年度出来高算定病院,29.0,57.0,完全一致,1.0,吉村病院,,
医療法人三光会松永循環器病院,大分県,平成29年度出来高算定病院,45.0,45.0,サフィックス一致,0.9,松永循環器病院,,
医療法人佑志会守屋病院,鹿児島県,平成29年度出来高算定病院,5.0,67.0,サフィックス一致,0.9,守屋病院,,
医療法人松寿会共和病院,京都府,平成29年度出来高算定病院,50.0,110.0,完全一致,1.0,医療法人松寿会共和病院,,
医療法人社団安田内科病院,石川県,平成29年度出来高算定病院,22.0,70.0,完全一致,1.0,安田内科病院,,
医療法人慶仁会城山病院,群馬県,平成29年度出来高算定病院,86.0,182.0,完全一致,1.0,医療法人慶仁会城山病院,,
小国郷公立病院組合　小国公立病院,熊本県,平成29年度出来高算定病院,41.0,73.0,サフィックス一致,0.9,小国公立病院,,
医療法人明成会吉松病院,宮崎県,平成29年度出来高算定病院,24.0,48.0,完全一致,1.0,医療法人明成会 吉松病院,,
医療法人社団明芳会イムスリハビリテーションセンター東京葛飾病院,東京都,平成29年度出来高算定病院,0.0,103.0,完全一致,1.0,医療法人社団明芳会 イムスリハビリテーションセンター東京葛飾病院,,
医療法人財団明理会鶴川サナトリウム病院,東京都,平成29年度出来高算定病院,43.0,587.0,完全一致,1.0,医療法人財団 明理会 鶴川サナトリウム病院,,
医療法人財団暁あきる台病院,東京都,平成29年度出来高算定病院,0.0,100.0,完全一致,1.0,医療法人財団 暁 あきる台病院,,
医療法人社団康心会康心会汐見台病院,神奈川県,平成29年度出来高算定病院,114.0,225.0,完全一致,1.0,医療法人社団康心会 康心会汐見台病院,,
医療法人社団明芳会イムス横浜東戸塚総合リハビリテーション病院,神奈川県,平成29年度出来高算定病院,0.0,333.0,完全一致,1.0,医療法人社団明芳会イムス横浜東戸塚総合リハビリテーション病院,,
医療法人社団美里会瀬谷ふたつ橋病院,神奈川県,平成29年度出来高算定病院,25.0,89.0,完全一致,1.0,医療法人社団美里会 瀬谷ふたつ橋病院,,
医療法人財団明理会埼玉セントラル病院,埼玉県,平成29年度出来高算定病院,0.0,463.0,完全一致,1.0,医療法人財団明理会埼玉セントラル病院,,
所沢市市民医療センター,埼玉県,平成29年度出来高算定病院,36.0,49.0,完全一致,1.0,所沢市市民医療センター,,
医療法人社団晃進会たま日吉台病院,神奈川県,平成29年度出来高算定病院,0.0,199.0,完全一致,1.0,医療法人社団晃進会 たま日吉台病院,,
上越地域医療センター病院,新潟県,平成29年度出来高算定病院,91.0,197.0,完全一致,1.0,上越地域医療センター病院,,
町立富来病院,石川県,平成29年度出来高算定病院,30.0,60.0,完全一致,1.0,町立富来病院,,
医療法人慈風会宮﨑病院,福井県,平成29年度出来高算定病院,15.0,60.0,サフィックス一致,0.9,宮﨑病院,,
公益財団法人身延山病院,山梨県,平成29年度出来高算定病院,31.0,61.0,完全一致,1.0,身延山病院,,
一般財団法人山梨整肢更生会富士温泉病院,山梨県,平成29年度出来高算定病院,152.0,191.0,サフィックス一致,0.9,富士温泉病院,,
医療法人社団明芳会イムス板橋リハビリテーション病院,東京都,平成29年度出来高算定病院,0.0,153.0,完全一致,1.0,医療法人社団明芳会 イムス板橋リハビリテーション病院,,
医療法人財団朔望会リハビリテーションエーデルワイス病院,東京都,平成29年度出来高算定病院,0.0,145.0,完全一致,1.0,医療法人財団朔望会 リハビリテーションエーデルワイス病院,,
医療法人弘遠会すずかけヘルスケアホスピタル,静岡県,平成29年度出来高算定病院,0.0,160.0,完全一致,1.0,医療法人弘遠会 すずかけヘルスケアホスピタル,,
医療法人桂名会木村病院,愛知県,平成29年度出来高算定病院,0.0,58.0,サフィックス一致,0.9,木村病院,,
医療法人御殿山　福田総合病院,大阪府,平成29年度出来高算定病院,46.0,171.0,完全一致,1.0,医療法人御殿山福田総合病院,,
医療法人弘仁会まちだ胃腸病院,大阪府,平成29年度出来高算定病院,32.0,61.0,完全一致,1.0,医療法人弘仁会まちだ胃腸病院,,
医療法人若葉会堺若葉会病院,大阪府,平成29年度出来高算定病院,60.0,180.0,サフィックス一致,0.9,堺若葉会病院,,
医療法人社団甲友会西宮協立リハビリテーション病院,兵庫県,平成29年度出来高算定病院,0.0,120.0,サフィックス一致,0.9,西宮協立リハビリテーション病院,,
江田記念病院,神奈川県,平成29年度出来高算定病院,0.0,229.0,サフィックス一致,0.9,医療法人社団 明芳会 江田記念病院,,
医療法人神奈川せいわ会　相武台リハビリテーション病院,神奈川県,平成29年度出来高算定病院,0.0,199.0,完全一致,1.0,医療法人神奈川せいわ会 相武台リハビリテーション病院,,
倉敷シティ病院,岡山県,平成29年度出来高算定病院,0.0,80.0,サフィックス一致,0.9,医療法人協愛会 倉敷シティ病院,,
医療法人草加草仁会草加病院,岡山県,平成29年度出来高算定病院,48.0,84.0,サフィックス一致,0.9,草加病院,,
医療法人メディカルパーク野村病院,広島県,平成29年度出来高算定病院,38.0,106.0,完全一致,1.0,医療法人メディカルパーク 野村病院,,
医療法人せいざん青山病院,広島県,平成29年度出来高算定病院,0.0,120.0,サフィックス一致,0.9,青山病院,,
医療法人社団尚志会福山城西病院,広島県,平成29年度出来高算定病院,32.0,60.0,完全一致,1.0,医療法人社団　尚志会福山城西病院,,
医療法人社団杉原会西福山病院,広島県,平成29年度出来高算定病院,60.0,120.0,サフィックス一致,0.9,西福山病院,,
医療法人社団伊豆七海会熱海海の見える病院,静岡県,平成29年度出来高算定病院,0.0,112.0,完全一致,1.0,医療法人社団伊豆七海会 熱海 海の見える病院,,
医療法人弘遠会天竜すずかけ病院,静岡県,平成29年度出来高算定病院,0.0,165.0,完全一致,1.0,医療法人弘遠会 天竜すずかけ病院,,
医療法人鵬志会別府病院,福岡県,平成29年度出来高算定病院,26.0,60.0,完全一致,1.0,医療法人鵬志会 別府病院,,
小竹町立病院,福岡県,平成29年度出来高算定病院,56.0,56.0,完全一致,1.0,小竹町立病院,,
医療法人三愛健康リハビリテーション内田病院,福岡県,平成29年度出来高算定病院,0.0,72.0,サフィックス一致,0.9,健康リハビリテーション内田病院,,
医療法人あさひ松本病院,福岡県,平成29年度出来高算定病院,0.0,100.0,完全一致,1.0,医療法人あさひ松本病院,,
医療法人光省会福田外科病院,長崎県,平成29年度出来高算定病院,0.0,63.0,完全一致,1.0,医療法人光省会　福田外科病院,,
医療法人熊愛会熊本脳神経外科病院,熊本県,平成29年度出来高算定病院,48.0,60.0,サフィックス一致,0.9,熊本脳神経外科病院,,
医療法人社団医聖会学研都市病院,京都府,平成29年度出来高算定病院,55.0,259.0,完全一致,1.0,医療法人社団医聖会学研都市病院,,
医療法人社団医聖会八幡中央病院,京都府,平成29年度出来高算定病院,0.0,150.0,完全一致,1.0,医療法人社団医聖会八幡中央病院,,
医療法人啓燈会玖珠記念病院,大分県,平成29年度出来高算定病院,24.0,48.0,完全一致,1.0,医療法人啓燈会玖珠記念病院,,
社会医療法人白光会白石病院,鹿児島県,平成29年度出来高算定病院,37.0,123.0,サフィックス一致,0.9,白石病院,,
医療法人あさひ会金子病院,鹿児島県,平成29年度出来高算定病院,23.0,44.0,サフィックス一致,0.9,金子病院,,
イムス札幌リハビリテーション病院,北海道,平成29年度出来高算定病院,0.0,150.0,サフィックス一致,0.9,医療法人社団明生会 イムス札幌リハビリテーション病院,,
医療法人社団ＣＨＣＰヘルスケアシステム洞爺温泉病院,北海道,平成29年度出来高算定病院,0.0,116.0,完全一致,1.0,医療法人社団ＣＨＣＰヘルスケアシステム　洞爺温泉病院,,
日本赤十字社栗山赤十字病院,北海道,平成29年度出来高算定病院,48.0,103.0,サフィックス一致,0.9,栗山赤十字病院,,
医療法人慈生会前原病院,広島県,平成29年度出来高算定病院,0.0,59.0,完全一致,1.0,医療法人慈生会 前原病院,,
医療法人同仁会府中中央内科病院,広島県,平成29年度出来高算定病院,13.0,45.0,サフィックス一致,0.9,府中中央内科病院,,
医療法人財団明理会西仙台病院,宮城県,平成29年度出来高算定病院,0.0,504.0,サフィックス一致,0.9,西仙台病院,,
医療法人佐藤病院,秋田県,平成29年度出来高算定病院,57.0,95.0,完全一致,1.0,医療法人佐藤病院,,
医療法人財団　明理会　山形ロイヤル病院,山形県,平成29年度出来高算定病院,0.0,322.0,完全一致,1.0,医療法人財団　明理会　山形ロイヤル病院,,
朝日町立病院,山形県,平成29年度出来高算定病院,20.0,40.0,完全一致,1.0,朝日町立病院,,
医療法人ゆかり　たかまえ病院,群馬県,平成29年度出来高算定病院,6.0,99.0,完全一致,1.0,医療法人ゆかり たかまえ病院,,
埼玉みさと総合リハビリテーション病院,埼玉県,平成29年度出来高算定病院,0.0,175.0,完全一致,1.0,埼玉みさと総合リハビリテーション病院,,
医療法人利光会五反田病院,大分県,平成29年度出来高算定病院,60.0,66.0,完全一致,1.0,医療法人利光会 五反田病院,,
医療法人信和会和田病院,大分県,平成29年度出来高算定病院,33.0,104.0,サフィックス一致,0.9,和田病院,,
医療法人社団秀栄会所沢第一病院,埼玉県,平成29年度出来高算定病院,83.0,199.0,完全一致,1.0,医療法人社団秀栄会所沢第一病院,,
医療法人社団草芳会三芳野第２病院,埼玉県,平成29年度出来高算定病院,30.0,45.0,完全一致,1.0,医療法人社団草芳会三芳野第２病院,,
医療法人俊仁会秩父第一病院,埼玉県,平成29年度出来高算定病院,0.0,100.0,サフィックス一致,0.9,秩父第一病院,,
医療法人積仁会旭ヶ丘病院,埼玉県,平成29年度出来高算定病院,19.0,142.0,未結合,,,,
公益財団法人日産厚生会佐倉厚生園病院,千葉県,平成29年度出来高算定病院,0.0,181.0,完全一致,1.0,公益財団法人日産厚生会佐倉厚生園病院,,
医療法人社団明芳会イムス佐原リハビリテーション病院,千葉県,平成29年度出来高算定病院,0.0,217.0,完全一致,1.0,医療法人社団明芳会イムス佐原リハビリテーション病院,,
あかびら市立病院,北海道,平成29年度出来高算定病院,30.0,120.0,完全一致,1.0,あかびら市立病院,,
社団医療法人康生会鶯宿温泉病院,岩手県,平成29年度出来高算定病院,0.0,88.0,サフィックス一致,0.9,鶯宿温泉病院,,
医療法人大平会嶺井第一病院,沖縄県,平成29年度出来高算定病院,25.0,103.0,サフィックス一致,0.9,嶺井第一病院,,
社会医療法人延山会北成病院,北海道,平成29年度出来高算定病院,48.0,138.0,完全一致,1.0,社会医療法人延山会 北成病院,,
大崎市民病院鹿島台分院,宮城県,平成29年度出来高算定病院,0.0,40.0,完全一致,1.0,大崎市民病院鹿島台分院,,
浜通り医療生活協同組合小名浜生協病院,福島県,平成29年度出来高算定病院,0.0,109.0,サフィックス一致,0.9,小名浜生協病院,,
医療法人社団青潤会青柳病院,茨城県,平成29年度出来高算定病院,36.0,57.0,完全一致,1.0,医療法人社団青潤会青柳病院,,
茨城保健生活協同組合城南病院,茨城県,平成29年度出来高算定病院,39.0,83.0,サフィックス一致,0.9,城南病院,,
大牟田中央病院,福岡県,平成29年度出来高算定病院,77.0,236.0,完全一致,1.0,大牟田中央病院,,
社会福祉法人小倉新栄会新栄会病院,福岡県,平成29年度出来高算定病院,0.0,105.0,サフィックス一致,0.9,新栄会病院,,
医療法人和光会光病院,群馬県,平成29年度出来高算定病院,68.0,80.0,未結合,,,,
医療法人互生会アクアリハビリテーション病院,千葉県,平成29年度出来高算定病院,0.0,120.0,完全一致,1.0,医療法人互生会アクアリハビリテーション病院,,
医療法人社団真療会野田病院,千葉県,平成29年度出来高算定病院,43.0,192.0,完全一致,1.0,医療法人社団真療会野田病院,,
医療法人社団青嶺会松戸整形外科病院,千葉県,平成29年度出来高算定病院,60.0,60.0,完全一致,1.0,医療法人社団青嶺会松戸整形外科病院,,
医療法人成春会北習志野花輪病院,千葉県,平成29年度出来高算定病院,32.0,147.0,完全一致,1.0,医療法人成春会北習志野花輪病院,,
国保多古中央病院,千葉県,平成29年度出来高算定病院,65.0,99.0,完全一致,1.0,国保多古中央病院,,
社会医療法人葦の会　オリブ山病院,沖縄県,平成29年度出来高算定病院,0.0,319.0,完全一致,1.0,社会医療法人葦の会　オリブ山病院,,
医療法人はごろも会　那覇ゆい病院,沖縄県,平成29年度出来高算定病院,0.0,94.0,完全一致,1.0,医療法人はごろも会那覇ゆい病院,,
奥多摩町国民健康保険奥多摩病院,東京都,平成29年度出来高算定病院,31.0,41.0,完全一致,1.0,奥多摩町国民健康保険奥多摩病院,,
八王子保健生活協同組合城山病院,東京都,平成29年度出来高算定病院,0.0,159.0,完全一致,1.0,八王子保健生活協同組合城山病院,,
うおざきファミリー病院,富山県,平成29年度出来高算定病院,0.0,51.0,完全一致,1.0,うおざきファミリー病院,,
医療法人社団盛翔会浜松北病院,静岡県,平成29年度出来高算定病院,72.0,199.0,サフィックス一致,0.9,浜松北病院,,
医療法人財団善常会善常会リハビリテーション病院,愛知県,平成29年度出来高算定病院,0.0,95.0,サフィックス一致,0.9,善常会リハビリテーション病院,,
医療法人いつき会守山いつき病院,愛知県,平成29年度出来高算定病院,0.0,101.0,完全一致,1.0,医療法人いつき会守山いつき病院,,
医療法人弘仁会志村病院,茨城県,平成29年度出来高算定病院,30.0,60.0,サフィックス一致,0.9,志村病院,,
社会医療法人　達生堂　城西病院,茨城県,平成29年度出来高算定病院,138.0,256.0,完全一致,1.0,社会医療法人 達生堂 城西病院,,
医療法人社団美咲会えびえ記念病院,大阪府,平成29年度出来高算定病院,67.0,199.0,完全一致,1.0,医療法人社団美咲会　えびえ記念病院,,
医療法人協和会千里中央病院,大阪府,平成29年度出来高算定病院,0.0,400.0,完全一致,1.0,医療法人協和会千里中央病院,,
社会医療法人三和会りんくう永山病院,大阪府,平成29年度出来高算定病院,0.0,120.0,未結合,,,,
たつの市民病院,兵庫県,平成29年度出来高算定病院,40.0,120.0,完全一致,1.0,たつの市民病院,,
医療法人藤井会香芝生喜病院,奈良県,平成29年度出来高算定病院,191.0,241.0,完全一致,1.0,医療法人藤井会香芝生喜病院,,
くしもと町立病院,和歌山県,平成29年度出来高算定病院,70.0,110.0,完全一致,1.0,くしもと町立病院,,
国保匝瑳市民病院,千葉県,平成29年度出来高算定病院,84.0,99.0,完全一致,1.0,国保匝瑳市民病院,,
医療法人社団忠医会大高病院,東京都,平成29年度出来高算定病院,37.0,82.0,完全一致,1.0,医療法人社団忠医会 大高病院,,
恵信韮崎病院,山梨県,平成29年度出来高算定病院,27.0,64.0,完全一致,1.0,恵信韮崎病院,,
公益社団法人山梨勤労者医療協会石和共立病院,山梨県,平成29年度出来高算定病院,33.0,99.0,サフィックス一致,0.9,石和共立病院,,
医療法人白水会白川病院,岐阜県,平成29年度出来高算定病院,39.0,124.0,完全一致,1.0,医療法人 白水会 白川病院,,
下呂市立金山病院,岐阜県,平成29年度出来高算定病院,44.0,50.0,完全一致,1.0,下呂市立金山病院,,
公益社団法人有隣厚生会東部病院,静岡県,平成29年度出来高算定病院,37.0,60.0,完全一致,1.0,公益社団法人有隣厚生会 東部病院,,
医療法人秀麗会山尾病院,愛知県,平成29年度出来高算定病院,0.0,100.0,サフィックス一致,0.9,山尾病院,,
医療法人梨香会秋元病院,千葉県,平成29年度出来高算定病院,70.0,352.0,完全一致,1.0,医療法人梨香会秋元病院,,
社会福祉法人浅草寺病院,東京都,平成29年度出来高算定病院,25.0,120.0,完全一致,1.0,浅草寺病院,,
医療法人普照会もりえい病院,三重県,平成29年度出来高算定病院,34.0,54.0,サフィックス一致,0.9,もりえい病院,,
医療法人福冨士会京都ルネス病院,京都府,平成29年度出来高算定病院,100.0,171.0,完全一致,1.0,医療法人福冨士会京都ルネス病院,,
社会医療法人明生会明生病院,大阪府,平成29年度出来高算定病院,91.0,161.0,完全一致,1.0,社会医療法人明生会明生病院,,
医療法人貴島会貴島病院本院,大阪府,平成29年度出来高算定病院,60.0,198.0,完全一致,1.0,医療法人貴島会貴島病院本院,,
正愛病院,兵庫県,平成29年度出来高算定病院,22.0,82.0,完全一致,1.0,正愛病院,,
医療法人協和会第二協立病院,兵庫県,平成29年度出来高算定病院,0.0,385.0,完全一致,1.0,医療法人協和会 第二協立病院,,
医療法人社団三喜会鶴巻温泉病院,神奈川県,平成29年度出来高算定病院,0.0,499.0,完全一致,1.0,医療法人社団三喜会 鶴巻温泉病院,,
医療法人社団白美会白根大通病院,新潟県,平成29年度出来高算定病院,0.0,249.0,サフィックス一致,0.9,白根大通病院,,
医療法人恒和会松石病院,広島県,平成29年度出来高算定病院,33.0,58.0,完全一致,1.0,医療法人恒和会 松石病院,,
医療法人社団永光会水永リハビリテーション病院,広島県,平成29年度出来高算定病院,0.0,73.0,サフィックス一致,0.9,水永リハビリテーション病院,,
神石高原町立病院,広島県,平成29年度出来高算定病院,42.0,60.0,完全一致,1.0,神石高原町立病院,,
医療法人北辰会西条市民病院,愛媛県,平成29年度出来高算定病院,25.0,101.0,サフィックス一致,0.9,西条市民病院,,
医療法人原三信病院香椎原病院,福岡県,平成29年度出来高算定病院,0.0,192.0,サフィックス一致,0.9,香椎原病院,,
医療法人社団愛和会古賀中央病院,福岡県,平成29年度出来高算定病院,36.0,60.0,完全一致,1.0,医療法人社団愛和会古賀中央病院,,
医療法人六輪会六輪病院,愛知県,平成29年度出来高算定病院,7.0,105.0,完全一致,1.0,医療法人六輪会 六輪病院,,
医療法人贈恩会知多小嶋記念病院,愛知県,平成29年度出来高算定病院,0.0,227.0,完全一致,1.0,医療法人 贈恩会 知多小嶋記念病院,,
医療法人諸隈病院,佐賀県,平成29年度出来高算定病院,0.0,60.0,完全一致,1.0,医療法人 諸隈病院,,
医療法人修腎会藤﨑病院,佐賀県,平成29年度出来高算定病院,32.0,62.0,完全一致,1.0,医療法人修腎会藤﨑病院,,
医療法人明石会曽根病院,大分県,平成29年度出来高算定病院,22.0,60.0,サフィックス一致,0.9,曽根病院,,
一般社団法人竹田市医師会竹田医師会病院,大分県,平成29年度出来高算定病院,60.0,120.0,サフィックス一致,0.9,竹田医師会病院,,
医療法人純和会小中病院,大分県,平成29年度出来高算定病院,20.0,39.0,完全一致,1.0,医療法人純和会小中病院,,
医療法人健誠会湯田内科病院,鹿児島県,平成29年度出来高算定病院,0.0,110.0,サフィックス一致,0.9,湯田内科病院,,
医療法人興生会吉本整形外科・外科病院,奈良県,平成29年度出来高算定病院,51.0,57.0,完全一致,1.0,医療法人興生会吉本整形外科・外科病院,,
岡山市久米南町組合立国民健康保険福渡病院,岡山県,平成29年度出来高算定病院,32.0,52.0,完全一致,1.0,岡山市久米南町組合立国民健康保険福渡病院,,
一般社団法人遠賀中間医師会遠賀中間医師会おかがき病院,福岡県,平成29年度出来高算定病院,0.0,100.0,サフィックス一致,0.9,遠賀中間医師会おかがき病院,,
地方独立行政法人芦屋中央病院,福岡県,平成29年度出来高算定病院,0.0,137.0,完全一致,1.0,地方独立行政法人芦屋中央病院,,
医療法人博愛会京都病院,福岡県,平成29年度出来高算定病院,18.0,174.0,サフィックス一致,0.9,京都病院,,
医療法人賛健会城内病院,佐賀県,平成29年度出来高算定病院,49.0,145.0,完全一致,1.0,医療法人賛健会城内病院,,
医療法人平成会女の都病院,長崎県,平成29年度出来高算定病院,35.0,120.0,完全一致,1.0,医療法人 平成会 女の都病院,,
膳所病院,大分県,平成29年度出来高算定病院,34.0,48.0,サフィックス一致,0.9,医療法人　慈善会　膳所病院,,
岡山医療生活協同組合岡山東中央病院,岡山県,平成29年度出来高算定病院,0.0,128.0,サフィックス一致,0.9,岡山東中央病院,,
社会福祉法人岡山博愛会岡山博愛会病院,岡山県,平成29年度出来高算定病院,0.0,171.0,完全一致,1.0,社会福祉法人岡山博愛会 岡山博愛会病院,,
医療法人杏政会高江記念病院,鹿児島県,平成29年度出来高算定病院,0.0,53.0,サフィックス一致,0.9,高江記念病院,,
医療法人沖縄寿光会与勝病院,沖縄県,平成29年度出来高算定病院,0.0,140.0,完全一致,1.0,医療法人 沖縄寿光会 与勝病院,,
沖縄県離島医療組合公立久米島病院,沖縄県,平成29年度出来高算定病院,40.0,40.0,サフィックス一致,0.9,公立久米島病院,,
医療法人渓仁会札幌渓仁会リハビリテーション病院,北海道,平成29年度出来高算定病院,0.0,155.0,サフィックス一致,0.9,札幌渓仁会リハビリテーション病院,,
社会医療法人恵和会恵庭第一病院,北海道,平成29年度出来高算定病院,94.0,199.0,サフィックス一致,0.9,恵庭第一病院,,
医療法人社団ふらの西病院,北海道,平成29年度出来高算定病院,58.0,99.0,完全一致,1.0,医療法人社団ふらの西病院,,
医療法人明和会茂木病院,福岡県,平成29年度出来高算定病院,0.0,42.0,サフィックス一致,0.9,茂木病院,,
医療法人正明会諸岡整形外科病院,福岡県,平成29年度出来高算定病院,60.0,60.0,完全一致,1.0,医療法人正明会 諸岡整形外科病院,,
医療法人共生会松園第二病院,岩手県,平成29年度出来高算定病院,40.0,89.0,完全一致,1.0,医療法人共生会松園第二病院,,
八幡平市立病院,岩手県,平成29年度出来高算定病院,24.0,60.0,完全一致,1.0,八幡平市立病院,,
岩手県立江刺病院,岩手県,平成29年度出来高算定病院,43.0,60.0,完全一致,1.0,岩手県立江刺病院,,
医療法人刀圭会本川越病院,埼玉県,平成29年度出来高算定病院,0.0,60.0,完全一致,1.0,医療法人刀圭会本川越病院,,
医療法人同愛会熊谷外科病院,埼玉県,平成29年度出来高算定病院,0.0,154.0,サフィックス一致,0.9,熊谷外科病院,,
医療法人社団康喜会辻仲病院柏の葉,千葉県,平成29年度出来高算定病院,108.0,132.0,完全一致,1.0,医療法人社団康喜会辻仲病院柏の葉,,
医療法人弘仁会中津脳神経外科病院,大分県,平成29年度出来高算定病院,42.0,74.0,サフィックス一致,0.9,中津脳神経外科病院,,
医療法人同潤会永井病院,鹿児島県,平成29年度出来高算定病院,0.0,39.0,サフィックス一致,0.9,永井病院,,
クロス病院,東京都,平成29年度出来高算定病院,42.0,42.0,完全一致,1.0,クロス病院,,
宗教法人救世軍救世軍ブース記念病院,東京都,平成29年度出来高算定病院,0.0,199.0,サフィックス一致,0.9,救世軍ブース記念病院,,
医療法人財団謙仁会亀有病院,東京都,平成29年度出来高算定病院,0.0,98.0,完全一致,1.0,医療法人財団謙仁会亀有病院,,
医療法人社団城東桐和会　タムスさくら病院江戸川,東京都,平成29年度出来高算定病院,0.0,378.0,完全一致,1.0,医療法人社団城東桐和会 タムスさくら病院江戸川,,
医療法人社団創生会町田病院,東京都,平成29年度出来高算定病院,60.0,120.0,完全一致,1.0,医療法人社団創生会 町田病院,,
一般財団法人天誠会武蔵境病院,東京都,平成29年度出来高算定病院,0.0,44.0,完全一致,1.0,一般財団法人天誠会 武蔵境病院,,
むかわ町鵡川厚生病院,北海道,平成29年度出来高算定病院,22.0,40.0,完全一致,1.0,むかわ町鵡川厚生病院,,
社会医療法人ピエタ会石狩病院,北海道,平成29年度出来高算定病院,32.0,110.0,サフィックス一致,0.9,石狩病院,,
社会福祉法人仁生社かつしか江戸川病院,東京都,平成29年度出来高算定病院,23.0,60.0,サフィックス一致,0.9,かつしか江戸川病院,,
医療法人社団三医会鶴川記念病院,東京都,平成29年度出来高算定病院,0.0,180.0,完全一致,1.0,医療法人社団三医会 鶴川記念病院,,
医療法人社団康明会康明会病院,東京都,平成29年度出来高算定病院,0.0,96.0,完全一致,1.0,医療法人社団康明会 康明会病院,,
医療法人社団親和会チューリップ長江病院,富山県,平成29年度出来高算定病院,0.0,45.0,サフィックス一致,0.9,チューリップ長江病院,,
富山西リハビリテーション病院,富山県,平成29年度出来高算定病院,0.0,120.0,完全一致,1.0,富山西リハビリテーション病院,,
あさひ総合病院,富山県,平成29年度出来高算定病院,56.0,109.0,完全一致,1.0,あさひ総合病院,,
一般財団法人大原記念財団大原医療センター,福島県,平成29年度出来高算定病院,0.0,199.0,完全一致,1.0,一般財団法人大原記念財団 大原医療センター,,
医療法人健康会霧島記念病院,鹿児島県,平成29年度出来高算定病院,33.0,141.0,サフィックス一致,0.9,霧島記念病院,,
医療法人心泉会上條記念病院,長野県,平成29年度出来高算定病院,0.0,93.0,完全一致,1.0,医療法人心泉会 上條記念病院,,
医療法人健静会上田病院,長野県,平成29年度出来高算定病院,28.0,72.0,完全一致,1.0,医療法人健静会上田病院,,
信越病院,長野県,平成29年度出来高算定病院,26.0,72.0,完全一致,1.0,信越病院,,
医療法人社団紫苑会富士いきいき病院,静岡県,平成29年度出来高算定病院,0.0,197.0,サフィックス一致,0.9,富士いきいき病院,,
医療法人三恵会服部病院,愛知県,平成29年度出来高算定病院,16.0,56.0,完全一致,1.0,医療法人三恵会服部病院,,
医療法人宏和会瀬戸みどりのまち病院,愛知県,平成29年度出来高算定病院,0.0,177.0,サフィックス一致,0.9,瀬戸みどりのまち病院,,
医療法人社団紫雲会千葉南病院,千葉県,平成29年度出来高算定病院,11.0,137.0,完全一致,1.0,医療法人社団紫雲会千葉南病院,,
社会福祉法人九十九里ホーム九十九里ホーム病院,千葉県,平成29年度出来高算定病院,44.0,145.0,サフィックス一致,0.9,九十九里ホーム病院,,
社会福祉法人浩照会伏見桃山総合病院,京都府,平成29年度出来高算定病院,51.0,194.0,完全一致,1.0,社会福祉法人浩照会伏見桃山総合病院,,
医療法人医進会高石加茂病院,大阪府,平成29年度出来高算定病院,54.0,78.0,完全一致,1.0,医療法人医進会高石加茂病院,,
医療法人旭会園田病院,兵庫県,平成29年度出来高算定病院,0.0,84.0,完全一致,1.0,医療法人旭会園田病院,,
公立豊岡病院組合立朝来医療センター,兵庫県,平成29年度出来高算定病院,58.0,149.0,完全一致,1.0,公立豊岡病院組合立朝来医療センター,,
地方独立行政法人奈良県立病院機構奈良県総合リハビリテーションセンター,奈良県,平成29年度出来高算定病院,0.0,100.0,サフィックス一致,0.9,奈良県総合リハビリテーションセンター,,
医療法人財団公仁会鹿島病院,島根県,平成29年度出来高算定病院,0.0,177.0,サフィックス一致,0.9,鹿島病院,,
公立穴水総合病院,石川県,平成29年度出来高算定病院,80.0,80.0,完全一致,1.0,公立穴水総合病院,,
医療法人慈豊会田中病院,福井県,平成29年度出来高算定病院,22.0,148.0,完全一致,1.0,医療法人慈豊会 田中病院,,
医療法人幸義会岡山東部脳神経外科病院,岡山県,平成29年度出来高算定病院,0.0,38.0,サフィックス一致,0.9,岡山東部脳神経外科病院,,
医療法人萌生会国定病院,岡山県,平成29年度出来高算定病院,0.0,20.0,サフィックス一致,0.9,国定病院,,
医療法人清和会協立病院,徳島県,平成29年度出来高算定病院,38.0,199.0,サフィックス一致,0.9,協立病院,,
医療法人山村会山村病院,高知県,平成29年度出来高算定病院,0.0,33.0,サフィックス一致,0.9,山村病院,,
医療法人相生会新吉塚病院,福岡県,平成29年度出来高算定病院,0.0,143.0,完全一致,1.0,医療法人相生会新吉塚病院,,
福岡和仁会病院,福岡県,平成29年度出来高算定病院,0.0,192.0,完全一致,1.0,福岡和仁会病院,,
医療法人社団主体会小山田記念温泉病院,三重県,平成29年度出来高算定病院,58.0,377.0,サフィックス一致,0.9,小山田記念温泉病院,,
医療法人社団壽康会吉田クリニック,三重県,平成29年度出来高算定病院,22.0,80.0,サフィックス一致,0.9,医療法人吉田クリニック,,
国家公務員共済組合連合会呉共済病院忠海分院,広島県,平成28年度出来高算定病院,14.0,44.0,完全一致,1.0,国家公務員共済組合連合会呉共済病院忠海分院,,
医療法人慈成会寺沢病院,徳島県,平成28年度出来高算定病院,30.0,88.0,サフィックス一致,0.9,寺沢病院,,
医療法人緑会小川病院,徳島県,平成28年度出来高算定病院,31.0,105.0,サフィックス一致,0.9,小川病院,,
医療法人輝松会松尾内科病院,福岡県,平成28年度出来高算定病院,0.0,48.0,完全一致,1.0,医療法人輝松会 松尾内科病院,,
久留米中央病院,福岡県,平成28年度出来高算定病院,61.0,61.0,完全一致,1.0,久留米中央病院,,
医療法人静光園白川病院,福岡県,平成28年度出来高算定病院,24.0,180.0,完全一致,1.0,医療法人静光園白川病院,,
医療法人豊旺会共立病院,大阪府,平成28年度出来高算定病院,29.0,199.0,完全一致,1.0,医療法人豊旺会共立病院,,
医療法人正雅会辻本病院,大阪府,平成28年度出来高算定病院,0.0,99.0,完全一致,1.0,医療法人正雅会辻本病院,,
医療法人中津第一病院,大分県,平成28年度出来高算定病院,16.0,114.0,完全一致,1.0,中津第一病院,,
臼杵病院,大分県,平成28年度出来高算定病院,0.0,63.0,完全一致,1.0,臼杵病院,,
医療法人友光会整形外科押領司病院,宮崎県,平成28年度出来高算定病院,36.0,57.0,完全一致,1.0,医療法人友光会 整形外科押領司病院,,
医療法人あおぞら会岩尾病院,鹿児島県,平成28年度出来高算定病院,0.0,85.0,サフィックス一致,0.9,岩尾病院,,
医療法人晃和会指宿さがら病院,鹿児島県,平成28年度出来高算定病院,0.0,100.0,サフィックス一致,0.9,指宿さがら病院,,
肝付町立病院,鹿児島県,平成28年度出来高算定病院,29.0,40.0,完全一致,1.0,肝付町立病院,,
医療法人 真庭慈風会 津山中央まにわ病院,岡山県,平成28年度出来高算定病院,0.0,55.0,完全一致,1.0,医療法人真庭慈風会　津山中央まにわ病院,,
鏡野町国民健康保険病院,岡山県,平成28年度出来高算定病院,32.0,88.0,完全一致,1.0,鏡野町国民健康保険病院,,
医療法人ユカリア沖縄かんな病院,沖縄県,平成28年度出来高算定病院,0.0,104.0,完全一致,1.0,医療法人ユカリア沖縄 かんな病院,,
医療法人弘智会上山病院,和歌山県,平成28年度出来高算定病院,0.0,56.0,サフィックス一致,0.9,上山病院,,
医療法人清友会笠松病院,岐阜県,平成28年度出来高算定病院,35.0,88.0,サフィックス一致,0.9,笠松病院,,
医療法人ＣＬＳすがはら菅原病院,福岡県,平成28年度出来高算定病院,0.0,60.0,サフィックス一致,0.9,菅原病院,,
社会医療法人　栄光会　栄光病院,福岡県,平成29年度出来高算定病院,0.0,178.0,サフィックス一致,0.9,栄光病院,,
医療法人香徳会関中央病院,岐阜県,平成29年度出来高算定病院,0.0,150.0,完全一致,1.0,医療法人香徳会 関中央病院,,
医療法人ユーアイ西野病院,福岡県,平成28年度出来高算定病院,0.0,80.0,未結合,,,,
医療法人回生会リハビリテーションセンター熊本回生会病院,熊本県,平成28年度出来高算定病院,60.0,161.0,サフィックス一致,0.9,リハビリテーションセンター 熊本回生会病院,,
医療法人倫生会三州病院,宮崎県,平成29年度出来高算定病院,0.0,29.0,完全一致,1.0,医療法人倫生会 三州病院,,
医療法人元秀会弘前小野病院,青森県,平成29年度出来高算定病院,46.0,93.0,完全一致,1.0,医療法人元秀会弘前小野病院,,
医療法人社団松誠会滝沢中央病院,岩手県,平成29年度出来高算定病院,24.0,86.0,完全一致,1.0,医療法人社団松誠会滝沢中央病院,,
医療法人社団同樹会結城病院,茨城県,平成29年度出来高算定病院,88.0,194.0,サフィックス一致,0.9,社会医療法人社団同樹会結城病院,,
医療法人井上病院,群馬県,平成29年度出来高算定病院,20.0,85.0,完全一致,1.0,井上病院,,
医療法人社団幸有会幸有会記念病院,千葉県,平成29年度出来高算定病院,56.0,158.0,完全一致,1.0,医療法人社団幸有会　幸有会記念病院,,
医療法人椎原会有馬病院,鹿児島県,平成28年度出来高算定病院,46.0,79.0,サフィックス一致,0.9,有馬病院,,
北山病院,沖縄県,平成28年度出来高算定病院,0.0,60.0,サフィックス一致,0.9,医療法人光風会 北山病院,,
岩手県立大東病院,岩手県,平成28年度出来高算定病院,20.0,40.0,完全一致,1.0,岩手県立大東病院,,
岩手県立軽米病院,岩手県,平成28年度出来高算定病院,32.0,98.0,完全一致,1.0,岩手県立軽米病院,,
医療法人社団小白川至誠堂病院,山形県,平成28年度出来高算定病院,46.0,145.0,完全一致,1.0,医療法人社団小白川至誠堂病院,,
社団医療法人呉羽会呉羽総合病院,福島県,平成28年度出来高算定病院,100.0,199.0,サフィックス一致,0.9,呉羽総合病院,,
医療法人三愛会池田記念病院,福島県,平成28年度出来高算定病院,56.0,142.0,完全一致,1.0,医療法人三愛会池田記念病院,,
医療法人貞心会西山堂病院,茨城県,平成28年度出来高算定病院,20.0,58.0,サフィックス一致,0.9,西山堂病院,,
医療法人稲仁会三原台病院,長崎県,平成28年度出来高算定病院,0.0,232.0,完全一致,1.0,医療法人稲仁会　三原台病院,,
医療法人永田会東熊本第二病院,熊本県,平成28年度出来高算定病院,10.0,111.0,サフィックス一致,0.9,東熊本第二病院,,
下仁田南牧医療事務組合下仁田厚生病院,群馬県,平成28年度出来高算定病院,0.0,46.0,サフィックス一致,0.9,下仁田厚生病院,,
医療法人壽鶴会菅野病院,埼玉県,平成28年度出来高算定病院,0.0,335.0,未結合,,,,
医療法人鈴木外科病院,埼玉県,平成28年度出来高算定病院,6.0,42.0,完全一致,1.0,医療法人鈴木外科病院,,
医療法人桂水会岡病院,埼玉県,平成28年度出来高算定病院,40.0,109.0,完全一致,1.0,医療法人桂水会岡病院,,
医療法人鳳生会成田病院,千葉県,平成28年度出来高算定病院,120.0,716.0,完全一致,1.0,医療法人鳳生会成田病院,,
医療法人社団浩生会浩生会スズキ病院,東京都,平成28年度出来高算定病院,51.0,99.0,サフィックス一致,0.9,浩生会 スズキ病院,,
医療法人遠山病院,岩手県,平成28年度出来高算定病院,22.0,70.0,完全一致,1.0,医療法人遠山病院,,
医療法人社団愛生会昭和病院,岩手県,平成28年度出来高算定病院,20.0,54.0,完全一致,1.0,医療法人社団愛生会昭和病院,,
医療法人社団白美会新潟西蒲メディカルセンター病院,新潟県,平成28年度出来高算定病院,41.0,165.0,サフィックス一致,0.9,新潟西蒲メディカルセンター病院,,
韮崎市国民健康保険韮崎市立病院,山梨県,平成28年度出来高算定病院,60.0,117.0,サフィックス一致,0.9,韮崎市立病院,,
医療法人瑞心会渡辺病院,愛知県,平成28年度出来高算定病院,21.0,111.0,サフィックス一致,0.9,渡辺病院,,
医療法人甲聖会甲聖会紀念病院,大阪府,平成28年度出来高算定病院,0.0,116.0,完全一致,1.0,医療法人甲聖会甲聖会紀念病院,,
医療法人アエバ会アエバ外科病院,大阪府,平成28年度出来高算定病院,24.0,60.0,完全一致,1.0,医療法人アエバ会アエバ外科病院,,
医療法人社団日翔会生野愛和病院,大阪府,平成28年度出来高算定病院,0.0,93.0,完全一致,1.0,医療法人社団日翔会生野愛和病院,,
医療法人桃李会御殿山病院,栃木県,平成28年度出来高算定病院,55.0,199.0,サフィックス一致,0.9,御殿山病院,,
医療法人パテラ会　月夜野病院,群馬県,平成28年度出来高算定病院,32.0,72.0,完全一致,1.0,医療法人パテラ会月夜野病院,,
医療法人社団西宮回生病院,兵庫県,平成28年度出来高算定病院,36.0,180.0,完全一致,1.0,医療法人社団西宮回生病院,,
医療法人協和会　協立記念病院,兵庫県,平成28年度出来高算定病院,0.0,437.0,完全一致,1.0,医療法人協和会 協立記念病院,,
公立香住病院,兵庫県,平成28年度出来高算定病院,36.0,48.0,完全一致,1.0,公立香住病院,,
公立浜坂病院,兵庫県,平成28年度出来高算定病院,33.0,49.0,完全一致,1.0,公立浜坂病院,,
医療法人和幸会阪奈中央病院,奈良県,平成28年度出来高算定病院,110.0,200.0,完全一致,1.0,医療法人和幸会阪奈中央病院,,
医療法人社団菅病院,岡山県,平成28年度出来高算定病院,0.0,32.0,完全一致,1.0,医療法人社団 菅病院,,
社会福祉法人黎明会南台病院,東京都,平成28年度出来高算定病院,36.0,122.0,サフィックス一致,0.9,南台病院,,
医療法人長谷川会湘南ホスピタル,神奈川県,平成28年度出来高算定病院,0.0,104.0,完全一致,1.0,医療法人長谷川会湘南ホスピタル,,
医療法人社団恕和会松田病院,兵庫県,平成28年度出来高算定病院,0.0,44.0,サフィックス一致,0.9,松田病院,,
独立行政法人国立病院機構兵庫中央病院,兵庫県,平成28年度出来高算定病院,100.0,460.0,完全一致,1.0,独立行政法人国立病院機構兵庫中央病院,,
医療法人社団五聖会児島聖康病院,岡山県,平成28年度出来高算定病院,18.0,80.0,完全一致,1.0,医療法人社団五聖会 児島聖康病院,,
医療法人宗斉会須波宗斉会病院,広島県,平成28年度出来高算定病院,31.0,70.0,完全一致,1.0,医療法人宗斉会須波宗斉会病院,,
住吉ふじい病院,広島県,平成28年度出来高算定病院,15.0,81.0,サフィックス一致,0.9,医療法人社団健照会 住吉ふじい病院,,
医療法人社団博愛会木阪病院,広島県,平成28年度出来高算定病院,0.0,80.0,サフィックス一致,0.9,木阪病院,,
医療法人社団主体会主体会病院,三重県,平成28年度出来高算定病院,45.0,228.0,完全一致,1.0,医療法人社団主体会 主体会病院,,
社会医療法人太秦病院,京都府,平成28年度出来高算定病院,27.0,45.0,完全一致,1.0,社会医療法人太秦病院,,
医療法人あさがお会保岡クリニック論田病院,徳島県,平成28年度出来高算定病院,0.0,47.0,サフィックス一致,0.9,保岡クリニック論田病院,,
医療法人久仁会鳴門山上病院,徳島県,平成28年度出来高算定病院,0.0,90.0,サフィックス一致,0.9,鳴門山上病院,,
医療法人社団啓友会久米川病院,香川県,平成28年度出来高算定病院,43.0,49.0,完全一致,1.0,医療法人社団啓友会 久米川病院,,
独立行政法人地域医療機能推進機構高知西病院,高知県,平成28年度出来高算定病院,73.0,154.0,完全一致,1.0,独立行政法人地域医療機能推進機構 高知西病院,,
医療法人治久会もみのき病院,高知県,平成28年度出来高算定病院,48.0,60.0,サフィックス一致,0.9,もみのき病院,,
いの町立国民健康保険仁淀病院,高知県,平成28年度出来高算定病院,32.0,60.0,完全一致,1.0,いの町立国民健康保険仁淀病院,,
医療法人協和会協和マリナホスピタル,兵庫県,平成28年度出来高算定病院,0.0,140.0,完全一致,1.0,医療法人協和会 協和マリナホスピタル,,
医療法人岡田病院,兵庫県,平成28年度出来高算定病院,25.0,60.0,完全一致,1.0,医療法人 岡田病院,,
医療法人社団扶洋会秦病院,福岡県,平成28年度出来高算定病院,0.0,104.0,完全一致,1.0,医療法人社団 扶洋会 秦病院,,
医療法人文杏堂杉病院,福岡県,平成28年度出来高算定病院,0.0,72.0,完全一致,1.0,医療法人文杏堂杉病院,,
医療法人せいわ会聖和記念病院,福岡県,平成28年度出来高算定病院,29.0,163.0,サフィックス一致,0.9,聖和記念病院,,
医療法人向陽会筑後川温泉病院,福岡県,平成28年度出来高算定病院,42.0,92.0,サフィックス一致,0.9,筑後川温泉病院,,
医療法人啓心会啓心会病院,佐賀県,平成28年度出来高算定病院,0.0,180.0,完全一致,1.0,医療法人啓心会啓心会病院,,
医療法人敬天堂古賀病院,佐賀県,平成28年度出来高算定病院,0.0,60.0,サフィックス一致,0.9,古賀病院,,
世羅中央病院企業団公立世羅中央病院,広島県,平成28年度出来高算定病院,69.0,155.0,サフィックス一致,0.9,公立世羅中央病院,,
医療法人社団青寿会武久病院,山口県,平成28年度出来高算定病院,0.0,203.0,サフィックス一致,0.9,武久病院,,
社会医療法人関愛会坂ノ市病院,大分県,平成28年度出来高算定病院,0.0,36.0,サフィックス一致,0.9,坂ノ市病院,,
医療法人杏林会三股病院,宮崎県,平成28年度出来高算定病院,18.0,62.0,完全一致,1.0,医療法人杏林会三股病院,,
独立行政法人国立病院機構宮崎東病院,宮崎県,平成28年度出来高算定病院,104.0,200.0,完全一致,1.0,独立行政法人国立病院機構宮崎東病院,,
社会福祉法人恩賜財団済生会鹿児島病院,鹿児島県,平成28年度出来高算定病院,0.0,58.0,サフィックス一致,0.9,済生会鹿児島病院,,
医療法人アガペ会北中城若松病院,沖縄県,平成28年度出来高算定病院,0.0,201.0,完全一致,1.0,医療法人アガペ会 北中城若松病院,,
医療法人愛全病院,北海道,平成28年度出来高算定病院,0.0,495.0,完全一致,1.0,医療法人愛全病院,,
医療法人成雅会泰平病院,福岡県,平成28年度出来高算定病院,0.0,119.0,完全一致,1.0,医療法人成雅会 泰平病院,,
医療法人社団広仁会広瀬病院,福岡県,平成28年度出来高算定病院,0.0,62.0,完全一致,1.0,医療法人社団広仁会 広瀬病院,,
公立相馬総合病院,福島県,平成28年度出来高算定病院,156.0,164.0,完全一致,1.0,公立相馬総合病院,,
医療法人社団日高会日高リハビリテーション病院,群馬県,平成28年度出来高算定病院,44.0,104.0,完全一致,1.0,医療法人社団日高会日高リハビリテーション病院,,
医療法人厚和会河合病院,埼玉県,平成28年度出来高算定病院,52.0,108.0,完全一致,1.0,医療法人厚和会河合病院,,
医療法人社団博翔会桃泉園北本病院,埼玉県,平成28年度出来高算定病院,0.0,196.0,完全一致,1.0,医療法人社団博翔会桃泉園北本病院,,
医療法人社団駿心会　稲毛病院,千葉県,平成28年度出来高算定病院,166.0,180.0,完全一致,1.0,医療法人社団駿心会 稲毛病院,,
医療法人社団康栄会浦安病院,千葉県,平成28年度出来高算定病院,32.0,56.0,完全一致,1.0,医療法人社団康栄会浦安病院,,
医療法人西さっぽろ病院,北海道,平成28年度出来高算定病院,56.0,56.0,完全一致,1.0,医療法人 西さっぽろ病院,,
医療法人札幌山の上病院,北海道,平成28年度出来高算定病院,42.0,288.0,完全一致,1.0,医療法人札幌山の上病院,,
医療法人社団康喜会東葛辻仲病院,千葉県,平成28年度出来高算定病院,56.0,56.0,完全一致,1.0,医療法人社団康喜会東葛辻仲病院,,
一般社団法人至誠会第二病院,東京都,平成28年度出来高算定病院,301.0,301.0,完全一致,1.0,一般社団法人至誠会第二病院,,
医療法人社団苑田会苑田第二病院,東京都,平成28年度出来高算定病院,0.0,60.0,完全一致,1.0,医療法人社団苑田会 苑田第二病院,,
医療法人社団共済会共済会櫻井病院,東京都,平成28年度出来高算定病院,0.0,112.0,完全一致,1.0,医療法人社団共済会共済会櫻井病院,,
社会福祉法人聖ヨハネ会桜町病院,東京都,平成28年度出来高算定病院,70.0,199.0,完全一致,1.0,社会福祉法人聖ヨハネ会 桜町病院,,
医療法人社団輝生会成城リハビリテーション病院,東京都,平成28年度出来高算定病院,0.0,30.0,完全一致,1.0,医療法人社団輝生会 成城リハビリテーション病院,,
医療法人徳洲会新庄徳洲会病院,山形県,平成28年度出来高算定病院,60.0,212.0,サフィックス一致,0.9,新庄徳洲会病院,,
医療法人櫛田病院,福島県,平成28年度出来高算定病院,29.0,49.0,完全一致,1.0,櫛田病院,,
独立行政法人国立病院機構新潟病院,新潟県,平成28年度出来高算定病院,58.0,350.0,未結合,,,,
医療法人社団金沢宗広病院,石川県,平成28年度出来高算定病院,37.0,54.0,完全一致,1.0,金沢宗広病院,,
医療法人社団金沢すずみが丘病院,石川県,平成28年度出来高算定病院,0.0,97.0,サフィックス一致,0.9,すずみが丘病院,,
さくら病院,福井県,平成28年度出来高算定病院,10.0,63.0,完全一致,1.0,さくら病院,,
地方独立行政法人　大月市立中央病院,山梨県,平成28年度出来高算定病院,0.0,88.0,完全一致,1.0,地方独立行政法人 大月市立中央病院,,
医療法人明和会辻村外科病院,愛知県,平成28年度出来高算定病院,44.0,120.0,完全一致,1.0,医療法人明和会 辻村外科病院,,
医療法人社団聖秀会聖光ヶ丘病院,千葉県,平成28年度出来高算定病院,41.0,219.0,完全一致,1.0,医療法人社団聖秀会聖光ヶ丘病院,,
医療法人社団葵会柏たなか病院,千葉県,平成28年度出来高算定病院,134.0,512.0,完全一致,1.0,医療法人社団葵会柏たなか病院,,
公益財団法人丹後中央病院,京都府,平成28年度出来高算定病院,163.0,259.0,完全一致,1.0,公益財団法人丹後中央病院,,
京丹後市立久美浜病院,京都府,平成28年度出来高算定病院,110.0,170.0,完全一致,1.0,京丹後市立久美浜病院,,
医療法人恒進會泉北陣内病院,大阪府,平成28年度出来高算定病院,54.0,269.0,完全一致,1.0,医療法人恒進會泉北陣内病院,,
社会医療法人蒼生会蒼生病院,大阪府,平成28年度出来高算定病院,129.0,150.0,完全一致,1.0,社会医療法人蒼生会蒼生病院,,
医療法人友紘会彩都友紘会病院,大阪府,平成28年度出来高算定病院,104.0,204.0,完全一致,1.0,医療法人友紘会 彩都友紘会病院,,
医療法人医誠会茨木医誠会病院,大阪府,平成28年度出来高算定病院,36.0,224.0,完全一致,1.0,医療法人医誠会茨木医誠会病院,,
医療法人社団博慈会青葉さわい病院,神奈川県,平成28年度出来高算定病院,14.0,170.0,完全一致,1.0,医療法人社団博慈会青葉さわい病院,,
社会医療法人崇徳会長岡西病院,新潟県,平成28年度出来高算定病院,45.0,240.0,サフィックス一致,0.9,長岡西病院,,
医療法人社団操仁会岡山第一病院,岡山県,平成28年度出来高算定病院,0.0,60.0,サフィックス一致,0.9,岡山第一病院,,
医療法人天翔会セントラルシティ病院,岡山県,平成28年度出来高算定病院,0.0,60.0,サフィックス一致,0.9,セントラルシティ病院,,
医療法人信英会島谷病院,広島県,平成28年度出来高算定病院,23.0,53.0,完全一致,1.0,医療法人信英会 島谷病院,,
医療法人明和会北広島病院,広島県,平成28年度出来高算定病院,25.0,55.0,サフィックス一致,0.9,北広島病院,,
医療法人サカもみの木会　大朝ふるさと病院,広島県,平成28年度出来高算定病院,0.0,36.0,完全一致,1.0,医療法人サカもみの木会大朝ふるさと病院,,
医療法人聖比留会厚南セントヒル病院,山口県,平成28年度出来高算定病院,40.0,80.0,未結合,,,,
医療法人三宝会南港病院,大阪府,平成28年度出来高算定病院,45.0,109.0,完全一致,1.0,社会医療法人三宝会南港病院,,
独立行政法人国立病院機構大阪刀根山医療センター,大阪府,平成28年度出来高算定病院,184.0,395.0,完全一致,1.0,独立行政法人国立病院機構 大阪刀根山医療センター,,
海陽町国民健康保険海南病院,徳島県,平成28年度出来高算定病院,26.0,45.0,完全一致,1.0,海陽町国民健康保険海南病院,,
医療法人静可会三加茂田中病院,徳島県,平成28年度出来高算定病院,0.0,99.0,サフィックス一致,0.9,三加茂田中病院,,
独立行政法人国立病院機構愛媛医療センター,愛媛県,平成28年度出来高算定病院,148.0,324.0,完全一致,1.0,独立行政法人国立病院機構 愛媛医療センター,,
独立行政法人国立病院機構福岡病院,福岡県,平成28年度出来高算定病院,230.0,360.0,完全一致,1.0,独立行政法人国立病院機構福岡病院,,
独立行政法人国立病院機構大牟田病院,福岡県,平成28年度出来高算定病院,47.0,355.0,完全一致,1.0,独立行政法人国立病院機構大牟田病院,,
医療法人春陽会上村病院,佐賀県,平成28年度出来高算定病院,60.0,152.0,完全一致,1.0,医療法人春陽会上村病院,,
出雲市立総合医療センター,島根県,平成28年度出来高算定病院,57.0,199.0,完全一致,1.0,出雲市立総合医療センター,,
独立行政法人国立病院機構松江医療センター,島根県,平成28年度出来高算定病院,0.0,334.0,完全一致,1.0,独立行政法人国立病院機構松江医療センター,,
宮崎市立田野病院,宮崎県,平成28年度出来高算定病院,6.0,42.0,完全一致,1.0,宮崎市立田野病院,,
日南市立中部病院,宮崎県,平成28年度出来高算定病院,21.0,88.0,完全一致,1.0,日南市立中部病院,,
医療法人けんゆう会　園田病院,宮崎県,平成28年度出来高算定病院,0.0,55.0,完全一致,1.0,医療法人 けんゆう会 園田病院,,
都農町国民健康保険病院,宮崎県,平成28年度出来高算定病院,28.0,61.0,完全一致,1.0,都農町国民健康保険病院,,
医療法人仁風会日高病院,鹿児島県,平成28年度出来高算定病院,60.0,99.0,サフィックス一致,0.9,日高病院,,
医療法人大進会希望ケ丘病院,鹿児島県,平成28年度出来高算定病院,0.0,90.0,サフィックス一致,0.9,希望ケ丘病院,,
医療法人仁徳会周南病院,山口県,平成28年度出来高算定病院,0.0,56.0,サフィックス一致,0.9,周南病院,,
医療法人加藤会小松島金磯病院,徳島県,平成28年度出来高算定病院,29.0,47.0,サフィックス一致,0.9,小松島金磯病院,,
公益社団法人北海道勤労者医療協会勤医協苫小牧病院,北海道,平成28年度出来高算定病院,25.0,80.0,サフィックス一致,0.9,勤医協苫小牧病院,,
市立根室病院,北海道,平成28年度出来高算定病院,89.0,107.0,完全一致,1.0,市立根室病院,,
日本赤十字社清水赤十字病院,北海道,平成28年度出来高算定病院,24.0,80.0,サフィックス一致,0.9,清水赤十字病院,,
医療法人社団翔嶺館音更宏明館病院,北海道,平成28年度出来高算定病院,0.0,174.0,完全一致,1.0,医療法人社団翔嶺館音更宏明館病院,,
オホーツク勤医協北見病院,北海道,平成28年度出来高算定病院,0.0,44.0,完全一致,1.0,オホーツク勤医協北見病院,,
医療法人医徳会真壁病院,宮城県,平成28年度出来高算定病院,0.0,139.0,サフィックス一致,0.9,真壁病院,,
医療法人社団杏風会川野病院,熊本県,平成28年度出来高算定病院,32.0,32.0,サフィックス一致,0.9,川野病院,,
医療法人弘生会本庄内科病院,熊本県,平成28年度出来高算定病院,0.0,26.0,サフィックス一致,0.9,本庄内科病院,,
医療法人博生会本牧病院,神奈川県,平成28年度出来高算定病院,39.0,81.0,完全一致,1.0,医療法人博生会本牧病院,,
医療法人社団綾和会　間中病院,神奈川県,平成28年度出来高算定病院,0.0,90.0,完全一致,1.0,医療法人社団綾和会 間中病院,,
市ケ尾病院,神奈川県,平成28年度出来高算定病院,0.0,120.0,未結合,,,,
医療法人明徳会総合新川橋病院,神奈川県,平成28年度出来高算定病院,208.0,208.0,サフィックス一致,0.9,総合新川橋病院,,
医療法人社団Ｍ＆Ｂコラボレーション北越病院,新潟県,平成28年度出来高算定病院,14.0,55.0,サフィックス一致,0.9,北越病院,,
町立宝達志水病院,石川県,平成28年度出来高算定病院,13.0,70.0,完全一致,1.0,町立宝達志水病院,,
東陽病院,千葉県,平成28年度出来高算定病院,55.0,95.0,完全一致,1.0,東陽病院,,
香取おみがわ医療センター,千葉県,平成28年度出来高算定病院,50.0,100.0,完全一致,1.0,香取おみがわ医療センター,,
国民健康保険飛騨市民病院,岐阜県,平成28年度出来高算定病院,8.0,75.0,完全一致,1.0,国民健康保険飛騨市民病院,,
ＮＴＴ東日本伊豆病院,静岡県,平成28年度出来高算定病院,20.0,196.0,完全一致,1.0,ＮＴＴ東日本伊豆病院,,
市立湖西病院,静岡県,平成28年度出来高算定病院,54.0,101.0,完全一致,1.0,市立湖西病院,,
独立行政法人国立病院機構天竜病院,静岡県,平成28年度出来高算定病院,32.0,316.0,完全一致,1.0,独立行政法人国立病院機構 天竜病院,,
医療法人純正会名古屋西病院,愛知県,平成28年度出来高算定病院,56.0,112.0,サフィックス一致,0.9,名古屋西病院,,
医療法人十全会三嶋内科病院,愛知県,平成28年度出来高算定病院,44.0,158.0,完全一致,1.0,医療法人十全会三嶋内科病院,,
社会福祉法人信愛報恩会信愛病院,東京都,平成28年度出来高算定病院,43.0,199.0,完全一致,1.0,社会福祉法人信愛報恩会信愛病院,,
医療法人社団新東京石心会　横浜石心会病院,神奈川県,平成28年度出来高算定病院,31.0,60.0,完全一致,1.0,医療法人社団新東京石心会 横浜石心会病院,,
京丹後市立弥栄病院,京都府,平成28年度出来高算定病院,132.0,150.0,完全一致,1.0,京丹後市立弥栄病院,,
医療法人新仁会新仁会病院,大阪府,平成28年度出来高算定病院,0.0,120.0,完全一致,1.0,医療法人新仁会新仁会病院,,
医療法人仁泉会阪奈病院,大阪府,平成28年度出来高算定病院,24.0,161.0,完全一致,1.0,医療法人仁泉会阪奈病院,,
医療法人渡辺会渡辺病院,大阪府,平成28年度出来高算定病院,0.0,75.0,完全一致,1.0,医療法人渡辺会渡辺病院,,
八尾はぁとふる病院,大阪府,平成28年度出来高算定病院,0.0,119.0,完全一致,1.0,八尾はぁとふる病院,,
医療法人恵弘会　正和病院,大阪府,平成28年度出来高算定病院,64.0,156.0,完全一致,1.0,医療法人恵弘会正和病院,,
独立行政法人国立病院機構石川病院,石川県,平成28年度出来高算定病院,0.0,215.0,完全一致,1.0,独立行政法人国立病院機構石川病院,,
中信勤労者医療協会塩尻協立病院,長野県,平成28年度出来高算定病院,0.0,99.0,サフィックス一致,0.9,塩尻協立病院,,
独立行政法人国立病院機構近畿中央呼吸器センター,大阪府,平成28年度出来高算定病院,225.0,261.0,完全一致,1.0,独立行政法人国立病院機構近畿中央呼吸器センター,,
医療法人浩生会舞子台病院,兵庫県,平成28年度出来高算定病院,20.0,120.0,サフィックス一致,0.9,舞子台病院,,
医療法人社団豊明会常岡病院,兵庫県,平成28年度出来高算定病院,0.0,103.0,完全一致,1.0,医療法人社団豊明会 常岡病院,,
小国病院,兵庫県,平成28年度出来高算定病院,39.0,39.0,完全一致,1.0,小国病院,,
医療法人杏林会嶋病院,和歌山県,平成28年度出来高算定病院,19.0,57.0,完全一致,1.0,医療法人杏林会嶋病院,,
那智勝浦町立温泉病院,和歌山県,平成28年度出来高算定病院,76.0,120.0,完全一致,1.0,那智勝浦町立温泉病院,,
独立行政法人国立病院機構東名古屋病院,愛知県,平成28年度出来高算定病院,42.0,329.0,完全一致,1.0,独立行政法人国立病院機構東名古屋病院,,
医療法人財団青木会青木記念病院,三重県,平成28年度出来高算定病院,47.0,106.0,サフィックス一致,0.9,青木記念病院,,
医療法人博慈会内田病院,大分県,平成28年度出来高算定病院,29.0,81.0,サフィックス一致,0.9,内田病院,,
医療法人秋水堂若宮病院,大分県,平成28年度出来高算定病院,0.0,40.0,サフィックス一致,0.9,若宮病院,,
医療法人慈恵会西田病院,大分県,平成28年度出来高算定病院,144.0,217.0,サフィックス一致,0.9,西田病院,,
医療法人社団豊徳会丸田病院,宮崎県,平成28年度出来高算定病院,22.0,22.0,サフィックス一致,0.9,医療法人（社団）豊徳会 丸田病院,,
独立行政法人国立病院機構沖縄病院,沖縄県,平成28年度出来高算定病院,60.0,300.0,完全一致,1.0,独立行政法人国立病院機構沖縄病院,,
医療法人萬田記念病院,北海道,平成28年度出来高算定病院,60.0,60.0,完全一致,1.0,医療法人萬田記念病院,,
医療法人森下会森下病院,高知県,平成28年度出来高算定病院,0.0,86.0,サフィックス一致,0.9,森下病院,,
公益社団法人福岡医療団たたらリハビリテーション病院,福岡県,平成28年度出来高算定病院,0.0,199.0,サフィックス一致,0.9,たたらリハビリテーション病院,,
市立芦別病院,北海道,平成28年度出来高算定病院,42.0,91.0,完全一致,1.0,市立芦別病院,,
南三陸病院,宮城県,平成28年度出来高算定病院,0.0,90.0,完全一致,1.0,南三陸病院,,
医療法人篠田好生会篠田総合病院,山形県,平成28年度出来高算定病院,112.0,330.0,完全一致,1.0,医療法人篠田好生会篠田総合病院,,
一般社団法人慈山会医学研究所付属坪井病院,福島県,平成28年度出来高算定病院,110.0,128.0,完全一致,1.0,一般財団法人慈山会医学研究所付属坪井病院,,
医療法人慈繁会付属土屋病院,福島県,平成28年度出来高算定病院,0.0,80.0,完全一致,1.0,医療法人慈繁会付属土屋病院,,
医療法人辰星会枡記念病院,福島県,平成28年度出来高算定病院,204.0,204.0,完全一致,1.0,医療法人辰星会 枡記念病院,,
医療法人仁寿会南野病院,長崎県,平成28年度出来高算定病院,0.0,95.0,サフィックス一致,0.9,南野病院,,
医療法人社団広崎会さくら病院,熊本県,平成28年度出来高算定病院,0.0,164.0,サフィックス一致,0.9,さくら病院,,
医療法人恒和会関口病院,群馬県,平成28年度出来高算定病院,35.0,85.0,完全一致,1.0,医療法人恒和会 関口病院,,
医療法人康正会病院,埼玉県,平成28年度出来高算定病院,133.0,147.0,完全一致,1.0,医療法人康正会病院,,
医療法人社団坪田会坪田和光病院,埼玉県,平成28年度出来高算定病院,21.0,51.0,サフィックス一致,0.9,坪田和光病院,,
医療法人啓仁会所沢ロイヤル病院,埼玉県,平成28年度出来高算定病院,0.0,332.0,完全一致,1.0,医療法人啓仁会所沢ロイヤル病院,,
さくら記念病院,埼玉県,平成28年度出来高算定病院,88.0,136.0,サフィックス一致,0.9,医療法人さくらさくら記念病院,,
医療法人好文会あねとす病院,埼玉県,平成28年度出来高算定病院,0.0,187.0,サフィックス一致,0.9,あねとす病院,,
社会福祉法人札幌慈啓会慈啓会病院,北海道,平成28年度出来高算定病院,0.0,235.0,サフィックス一致,0.9,慈啓会病院,,
医療法人同仁会千歳第一病院,北海道,平成28年度出来高算定病院,0.0,82.0,完全一致,1.0,医療法人同仁会千歳第一病院,,
独立行政法人国立病院機構千葉医療センター　千葉東病院,千葉県,平成28年度出来高算定病院,85.0,290.0,完全一致,1.0,独立行政法人国立病院機構 千葉医療センター千葉東病院,,
医療法人財団神尾記念病院,東京都,平成28年度出来高算定病院,30.0,30.0,完全一致,1.0,医療法人財団神尾記念病院,,
東京ほくと医療生活協同組合王子生協病院,東京都,平成28年度出来高算定病院,0.0,159.0,サフィックス一致,0.9,王子生協病院,,
社会医療法人社団　正志会　荒木記念　東京リバーサイド病院,東京都,平成28年度出来高算定病院,89.0,115.0,完全一致,1.0,社会医療法人社団正志会 荒木記念東京リバーサイド病院,,
医療法人社団慈誠会東武練馬中央病院,東京都,平成28年度出来高算定病院,13.0,131.0,完全一致,1.0,医療法人社団慈誠会 東武練馬中央病院,,
医療法人社団星風会　井上病院,東京都,平成28年度出来高算定病院,0.0,66.0,完全一致,1.0,医療法人社団星風会 井上病院,,
医療法人寛正会水海道さくら病院,茨城県,平成28年度出来高算定病院,38.0,93.0,サフィックス一致,0.9,水海道さくら病院,,
医療法人一羊会上武呼吸器科内科病院,群馬県,平成28年度出来高算定病院,60.0,120.0,サフィックス一致,0.9,上武呼吸器科内科病院,,
医療法人社団　医仁会　ふくやま病院,兵庫県,平成28年度出来高算定病院,27.0,92.0,完全一致,1.0,医療法人社団医仁会 ふくやま病院,,
社会医療法人愛仁会尼崎だいもつ病院,兵庫県,平成28年度出来高算定病院,0.0,199.0,完全一致,1.0,社会医療法人愛仁会 尼崎だいもつ病院,,
社会医療法人　芙翔会　姫路愛和病院,兵庫県,平成28年度出来高算定病院,47.0,108.0,完全一致,1.0,医療法人芙翔会 姫路愛和病院,,
公立豊岡病院組合立豊岡病院出石医療センター,兵庫県,平成28年度出来高算定病院,33.0,55.0,完全一致,1.0,公立豊岡病院組合立豊岡病院出石医療センター,,
医療法人健和会奈良東病院,奈良県,平成28年度出来高算定病院,0.0,162.0,完全一致,1.0,医療法人健和会 奈良東病院,,
南和広域医療企業団吉野病院,奈良県,平成28年度出来高算定病院,33.0,96.0,完全一致,1.0,南和広域医療企業団吉野病院,,
医療法人財団医道会十条武田リハビリテーション病院,京都府,平成28年度出来高算定病院,0.0,157.0,完全一致,1.0,医療法人財団医道会十条武田リハビリテーション病院,,
医療法人方佑会植木病院,大阪府,平成28年度出来高算定病院,50.0,130.0,完全一致,1.0,医療法人方佑会植木病院,,
国民健康保険野上厚生病院組合国保野上厚生総合病院,和歌山県,平成28年度出来高算定病院,0.0,199.0,サフィックス一致,0.9,国保野上厚生総合病院,,
医療法人社団尾﨑病院,鳥取県,平成28年度出来高算定病院,0.0,180.0,完全一致,1.0,尾﨑病院,,
矢掛町国民健康保険病院,岡山県,平成28年度出来高算定病院,57.0,117.0,完全一致,1.0,矢掛町国民健康保険病院,,
真庭市国民健康保険湯原温泉病院,岡山県,平成28年度出来高算定病院,0.0,105.0,完全一致,1.0,真庭市国民健康保険湯原温泉病院,,
医療法人社団まりも会ヒロシマ平松病院,広島県,平成28年度出来高算定病院,80.0,161.0,完全一致,1.0,医療法人社団まりも会 ヒロシマ平松病院,,
医療法人厚生堂長崎病院,広島県,平成28年度出来高算定病院,40.0,130.0,サフィックス一致,0.9,長崎病院,,
医療法人藤井会石切生喜病院,大阪府,平成28年度出来高算定病院,331.0,331.0,完全一致,1.0,医療法人藤井会 石切生喜病院,,
社会医療法人社団順心会順心淡路病院,兵庫県,平成28年度出来高算定病院,20.0,172.0,完全一致,1.0,社会医療法人社団順心会 順心淡路病院,,
国民健康保険勝浦病院,徳島県,平成28年度出来高算定病院,40.0,50.0,完全一致,1.0,国民健康保険勝浦病院,,
小豆島中央病院企業団小豆島中央病院,香川県,平成28年度出来高算定病院,131.0,199.0,サフィックス一致,0.9,小豆島中央病院,,
医療法人和昌会貞本病院,愛媛県,平成28年度出来高算定病院,60.0,60.0,サフィックス一致,0.9,貞本病院,,
医療法人団伸会奥島病院,愛媛県,平成28年度出来高算定病院,91.0,184.0,サフィックス一致,0.9,奥島病院,,
医療法人青峰会真網代くじらリハビリテーション病院,愛媛県,平成28年度出来高算定病院,0.0,132.0,完全一致,1.0,医療法人青峰会 真網代くじらリハビリテーション病院,,
医療法人誠志会砥部病院,愛媛県,平成28年度出来高算定病院,0.0,213.0,完全一致,1.0,医療法人誠志会 砥部病院,,
独立行政法人国立病院機構奈良医療センター,奈良県,平成28年度出来高算定病院,50.0,310.0,完全一致,1.0,独立行政法人国立病院機構 奈良医療センター,,
医療法人橋本病院,和歌山県,平成28年度出来高算定病院,60.0,118.0,完全一致,1.0,医療法人 橋本病院,,
社会医療法人喜悦会ちくし那珂川病院,福岡県,平成28年度出来高算定病院,24.0,99.0,完全一致,1.0,社会医療法人　喜悦会　ちくし那珂川病院,,
医療法人完光会今野病院,福岡県,平成28年度出来高算定病院,0.0,60.0,完全一致,1.0,医療法人完光会 今野病院,,
医療法人一寿会西尾病院,福岡県,平成28年度出来高算定病院,54.0,84.0,完全一致,1.0,医療法人一寿会 西尾病院,,
社会福祉法人柏芳会田川新生病院,福岡県,平成28年度出来高算定病院,0.0,90.0,完全一致,1.0,社会福祉法人柏芳会田川新生病院,,
医療法人社団水北会水北第一病院,福岡県,平成28年度出来高算定病院,88.0,124.0,サフィックス一致,0.9,水北第一病院,,
医療法人誠愛会佐世保記念病院,長崎県,平成28年度出来高算定病院,0.0,105.0,サフィックス一致,0.9,佐世保記念病院,,
医療法人社団玄同会小畠病院,広島県,平成28年度出来高算定病院,0.0,111.0,完全一致,1.0,医療法人社団玄同会 小畠病院,,
地方独立行政法人府中市病院機構府中市民病院,広島県,平成28年度出来高算定病院,50.0,150.0,サフィックス一致,0.9,府中市民病院,,
医療法人社団健育会石巻健育会病院,宮城県,平成28年度出来高算定病院,0.0,168.0,完全一致,1.0,医療法人社団健育会 石巻健育会病院,,
一般財団法人周行会内科佐藤病院,宮城県,平成28年度出来高算定病院,0.0,81.0,完全一致,1.0,一般財団法人周行会 内科佐藤病院,,
仙台中江病院,宮城県,平成28年度出来高算定病院,0.0,60.0,完全一致,1.0,仙台中江病院,,
医療生活協同組合やまがた鶴岡協立リハビリテーション病院,山形県,平成28年度出来高算定病院,0.0,156.0,サフィックス一致,0.9,鶴岡協立リハビリテーション病院,,
医療法人三誠会川口誠和病院,埼玉県,平成28年度出来高算定病院,24.0,100.0,完全一致,1.0,医療法人三誠会川口誠和病院,,
医療法人愛和会愛和病院,埼玉県,平成28年度出来高算定病院,56.0,56.0,サフィックス一致,0.9,医療法人愛和病院,,
坂井市立三国病院,福井県,平成27年度出来高算定病院,54.0,97.0,完全一致,1.0,坂井市立三国病院,,
伊藤病院,石川県,平成28年度出来高算定病院,0.0,28.0,完全一致,1.0,伊藤病院,,
医療法人社団碩成会島田台病院,千葉県,平成28年度出来高算定病院,0.0,270.0,未結合,,,,
医療法人平成博愛会印西総合病院,千葉県,平成28年度出来高算定病院,0.0,180.0,完全一致,1.0,医療法人平成博愛会印西総合病院,,
医療法人社団さくら会世田谷中央病院,東京都,平成28年度出来高算定病院,102.0,131.0,サフィックス一致,0.9,世田谷中央病院,,
医療法人社団栄悠会あやせ循環器リハビリ病院,東京都,平成28年度出来高算定病院,68.0,76.0,サフィックス一致,0.9,あやせ循環器リハビリ病院,,
医療法人社団三和会東京東病院,東京都,平成28年度出来高算定病院,48.0,96.0,サフィックス一致,0.9,東京東病院,,
医療法人小林病院,神奈川県,平成28年度出来高算定病院,45.0,141.0,完全一致,1.0,医療法人 小林病院,,
国民健康保険板柳中央病院,青森県,平成28年度出来高算定病院,30.0,77.0,完全一致,1.0,国民健康保険板柳中央病院,,
岩手県立千厩病院,岩手県,平成28年度出来高算定病院,37.0,120.0,完全一致,1.0,岩手県立千厩病院,,
医療法人安川病院,福井県,平成28年度出来高算定病院,17.0,80.0,完全一致,1.0,安川病院,,
医療法人慶睦会千手堂病院,岐阜県,平成28年度出来高算定病院,0.0,50.0,完全一致,1.0,医療法人慶睦会　千手堂病院,,
県北西部地域医療センター国保白鳥病院,岐阜県,平成28年度出来高算定病院,0.0,46.0,完全一致,1.0,県北西部地域医療センター国保白鳥病院,,
医療法人社団福仁会三島東海病院,静岡県,平成28年度出来高算定病院,14.0,99.0,完全一致,1.0,医療法人社団福仁会 三島東海病院,,
亀山市立医療センター,三重県,平成28年度出来高算定病院,63.0,90.0,完全一致,1.0,亀山市立医療センター,,
医療法人弘英会琵琶湖大橋病院,滋賀県,平成28年度出来高算定病院,39.0,199.0,完全一致,1.0,医療法人弘英会琵琶湖大橋病院,,
医療法人和会武蔵台病院,埼玉県,平成28年度出来高算定病院,0.0,99.0,サフィックス一致,0.9,武蔵台病院,,
独立行政法人国立病院機構東埼玉病院,埼玉県,平成28年度出来高算定病院,30.0,380.0,完全一致,1.0,独立行政法人国立病院機構東埼玉病院,,
医療法人暁美会田中病院,大阪府,平成28年度出来高算定病院,40.0,180.0,完全一致,1.0,医療法人暁美会田中病院,,
医療法人藤田会フジタ病院,大阪府,平成28年度出来高算定病院,0.0,30.0,完全一致,1.0,医療法人藤田会フジタ病院,,
医療法人阪南会天の川病院,大阪府,平成28年度出来高算定病院,0.0,91.0,完全一致,1.0,医療法人阪南会天の川病院,,
医療法人北辰会　天の川病院,大阪府,平成28年度出来高算定病院,57.0,157.0,完全一致,1.0,医療法人北辰会天の川病院,,
医療法人藤仁会藤立病院,大阪府,平成28年度出来高算定病院,13.0,97.0,完全一致,1.0,医療法人藤仁会藤立病院,,
医療法人嘉健会思温病院,大阪府,平成28年度出来高算定病院,60.0,180.0,完全一致,1.0,医療法人嘉健会思温病院,,
みなみの星病院,富山県,平成28年度出来高算定病院,6.0,40.0,完全一致,1.0,みなみの星病院,,
医療法人社団慈豊会久藤総合病院,石川県,平成28年度出来高算定病院,10.0,166.0,完全一致,1.0,医療法人社団慈豊会 久藤総合病院,,
医療法人康生会泉佐野優人会病院,大阪府,平成27年度出来高算定病院,0.0,265.0,完全一致,1.0,医療法人康生会泉佐野優人会病院,,
医療福祉生活協同組合おおさか東大阪生協病院,大阪府,平成27年度出来高算定病院,41.0,99.0,完全一致,1.0,医療福祉生活協同組合おおさか 東大阪生協病院,,
医療法人愛和会金沢病院,兵庫県,平成27年度出来高算定病院,44.0,160.0,完全一致,1.0,医療法人愛和会 金沢病院,,
医療法人社団康人会適寿リハビリテーション病院,兵庫県,平成27年度出来高算定病院,0.0,83.0,サフィックス一致,0.9,適寿リハビリテーション病院,,
医療法人社団十善会野瀬病院,兵庫県,平成27年度出来高算定病院,30.0,90.0,完全一致,1.0,医療法人社団十善会 野瀬病院,,
医療法人甲風会有馬温泉病院,兵庫県,平成27年度出来高算定病院,0.0,304.0,完全一致,1.0,医療法人甲風会有馬温泉病院,,
医療法人社団軽井沢西部総合病院,長野県,平成27年度出来高算定病院,60.0,60.0,完全一致,1.0,医療法人社団軽井沢西部総合病院,,
医療法人社団恵成会豊田えいせい病院,静岡県,平成27年度出来高算定病院,0.0,180.0,完全一致,1.0,医療法人社団　恵成会　豊田えいせい病院,,
社会医療法人松涛会安岡病院,山口県,平成27年度出来高算定病院,0.0,234.0,サフィックス一致,0.9,安岡病院,,
独立行政法人国立病院機構とくしま医療センター　東病院,徳島県,平成27年度出来高算定病院,40.0,276.0,完全一致,1.0,独立行政法人国立病院機構 とくしま医療センター東病院,,
医療法人財団慈強会松山リハビリテーション病院,愛媛県,平成27年度出来高算定病院,0.0,326.0,サフィックス一致,0.9,松山リハビリテーション病院,,
医療法人福岡桜十字桜十字福岡病院,福岡県,平成27年度出来高算定病院,0.0,199.0,完全一致,1.0,医療法人福岡桜十字 桜十字福岡病院,,
医療法人かつき会香月病院,福岡県,平成27年度出来高算定病院,0.0,60.0,完全一致,1.0,医療法人かつき会 香月病院,,
公益財団法人健和会戸畑けんわ病院,福岡県,平成27年度出来高算定病院,0.0,303.0,サフィックス一致,0.9,戸畑けんわ病院,,
医療法人博悠会名取病院,大阪府,平成27年度出来高算定病院,0.0,83.0,完全一致,1.0,医療法人博悠会名取病院,,
医療法人恒昭会藍野病院,大阪府,平成27年度出来高算定病院,47.0,848.0,完全一致,1.0,医療法人恒昭会藍野病院,,
医療法人博愛会（社団）別府中央病院,大分県,平成27年度出来高算定病院,0.0,146.0,サフィックス一致,0.9,別府中央病院,,
医療法人社団知心会一ノ宮脳神経外科病院,大分県,平成27年度出来高算定病院,49.0,80.0,サフィックス一致,0.9,一ノ宮脳神経外科病院,,
社会医療法人　耕和会　迫田病院,宮崎県,平成27年度出来高算定病院,31.0,102.0,サフィックス一致,0.9,迫田病院,,
医療法人宏仁会メディカルシティ東部病院,宮崎県,平成27年度出来高算定病院,61.0,115.0,サフィックス一致,0.9,メディカルシティ東部病院,,
医療法人恵陽会加治木整形外科病院,鹿児島県,平成27年度出来高算定病院,37.0,51.0,サフィックス一致,0.9,加治木整形外科病院,,
医療法人上善会かりゆし病院,沖縄県,平成27年度出来高算定病院,14.0,110.0,サフィックス一致,0.9,かりゆし病院,,
医療法人社団健生会いそだ病院,広島県,平成27年度出来高算定病院,11.0,41.0,完全一致,1.0,医療法人社団健生会 いそだ病院,,
医療法人ハートフルアマノリハビリテーション病院,広島県,平成27年度出来高算定病院,0.0,120.0,サフィックス一致,0.9,アマノリハビリテーション病院,,
医療法人　潤愛会　鮫島病院,鹿児島県,平成28年度出来高算定病院,60.0,60.0,サフィックス一致,0.9,鮫島病院,,
医療法人渓仁会定山渓病院,北海道,平成28年度出来高算定病院,0.0,280.0,サフィックス一致,0.9,定山渓病院,,
北海道立江差病院,北海道,平成28年度出来高算定病院,96.0,160.0,完全一致,1.0,北海道立江差病院,,
医療法人同樹会苫小牧病院,北海道,平成28年度出来高算定病院,60.0,141.0,完全一致,1.0,医療法人同樹会苫小牧病院,,
医療法人十勝勤労者医療協会十勝勤医協帯広病院,北海道,平成28年度出来高算定病院,0.0,50.0,未結合,,,,
医療法人喬成会花川病院,北海道,平成28年度出来高算定病院,0.0,180.0,完全一致,1.0,医療法人喬成会花川病院,,
医療法人けやき会東病院,福岡県,平成27年度出来高算定病院,37.0,72.0,完全一致,1.0,医療法人けやき会 東病院,,
医療法人至誠会なゆたの森病院,佐賀県,平成27年度出来高算定病院,25.0,165.0,サフィックス一致,0.9,なゆたの森病院,,
三春町立三春病院,福島県,平成27年度出来高算定病院,31.0,46.0,完全一致,1.0,三春町立三春病院,,
医療法人社団青洲会神立病院,茨城県,平成27年度出来高算定病院,60.0,160.0,サフィックス一致,0.9,神立病院,,
公益社団法人取手市医師会取手北相馬保健医療センター医師会病院,茨城県,平成27年度出来高算定病院,107.0,177.0,サフィックス一致,0.9,取手北相馬保健医療センター医師会病院,,
社団医療法人明倫会今市病院,栃木県,平成27年度出来高算定病院,119.0,129.0,サフィックス一致,0.9,今市病院,,
医療法人博仁会第一病院,群馬県,平成27年度出来高算定病院,64.0,193.0,サフィックス一致,0.9,第一病院,,
医療法人育生会篠塚病院,群馬県,平成27年度出来高算定病院,14.0,74.0,完全一致,1.0,医療法人 育生会 篠塚病院,,
医療法人協和病院,福岡県,平成27年度出来高算定病院,23.0,85.0,完全一致,1.0,医療法人協和病院,,
医療法人雄人会三川内病院,長崎県,平成27年度出来高算定病院,15.0,55.0,サフィックス一致,0.9,三川内病院,,
社会医療法人社団正志会花と森の東京病院,東京都,平成27年度出来高算定病院,102.0,199.0,未結合,,,,
医療法人財団梅田病院,東京都,平成27年度出来高算定病院,0.0,120.0,完全一致,1.0,医療法人財団梅田病院,,
医療法人社団永生会永生病院,東京都,平成27年度出来高算定病院,42.0,476.0,完全一致,1.0,医療法人社団永生会永生病院,,
医療法人永寿会陵北病院,東京都,平成27年度出来高算定病院,0.0,42.0,完全一致,1.0,医療法人永寿会陵北病院,,
社会福祉法人慈生会ベトレヘムの園病院,東京都,平成27年度出来高算定病院,0.0,96.0,サフィックス一致,0.9,ベトレヘムの園病院,,
東京蒲田病院,東京都,平成27年度出来高算定病院,98.0,180.0,完全一致,1.0,東京蒲田病院,,
医療法人芙蓉会村上病院,青森県,平成27年度出来高算定病院,62.0,122.0,完全一致,1.0,医療法人芙蓉会村上病院,,
医療法人正観会御野場病院,秋田県,平成27年度出来高算定病院,0.0,151.0,完全一致,1.0,医療法人正観会 御野場病院,,
医療法人社団健齢会ふれあい東戸塚ホスピタル,神奈川県,平成27年度出来高算定病院,0.0,150.0,サフィックス一致,0.9,ふれあい東戸塚ホスピタル,,
医療法人社団藤和会厚木佐藤病院,神奈川県,平成27年度出来高算定病院,48.0,184.0,未結合,,,,
医療法人新成医会総合リハビリテーションセンター・みどり病院,新潟県,平成27年度出来高算定病院,0.0,261.0,未結合,,,,
医療法人仁和会竜王リハビリテーション病院,山梨県,平成27年度出来高算定病院,0.0,115.0,サフィックス一致,0.9,竜王リハビリテーション病院,,
社会医療法人財団慈泉会相澤東病院,長野県,平成27年度出来高算定病院,0.0,54.0,完全一致,1.0,社会医療法人財団慈泉会相澤東病院,,
長野寿光会上山田病院,長野県,平成27年度出来高算定病院,0.0,240.0,完全一致,1.0,長野寿光会上山田病院,,
医療法人橘会みずほ台病院,埼玉県,平成27年度出来高算定病院,43.0,60.0,サフィックス一致,0.9,みずほ台病院,,
医療法人社団清幸会行田中央総合病院,埼玉県,平成27年度出来高算定病院,80.0,160.0,サフィックス一致,0.9,行田中央総合病院,,
浜名病院,静岡県,平成27年度出来高算定病院,19.0,133.0,完全一致,1.0,浜名病院,,
みよし市民病院,愛知県,平成27年度出来高算定病院,26.0,114.0,完全一致,1.0,みよし市民病院,,
みえ医療福祉生活協同組合津生協病院,三重県,平成27年度出来高算定病院,40.0,120.0,サフィックス一致,0.9,津生協病院,,
国民健康保険志摩市民病院,三重県,平成27年度出来高算定病院,0.0,60.0,完全一致,1.0,国民健康保険志摩市民病院,,
医療法人社団恵仁会なぎ辻病院,京都府,平成27年度出来高算定病院,0.0,169.0,完全一致,1.0,医療法人社団恵仁会なぎ辻病院,,
地方独立行政法人京都市立病院機構京都市立京北病院,京都府,平成27年度出来高算定病院,28.0,38.0,サフィックス一致,0.9,京都市立京北病院,,
自衛隊中央病院,東京都,平成27年度出来高算定病院,348.0,348.0,完全一致,1.0,自衛隊中央病院,,
医療法人社団育成社佐々木病院,神奈川県,平成27年度出来高算定病院,26.0,88.0,サフィックス一致,0.9,佐々木病院,,
医療法人社団　秀英会　神戸朝日病院,兵庫県,平成27年度出来高算定病院,76.0,134.0,完全一致,1.0,医療法人社団　秀英会　神戸朝日病院,,
医療法人豊繁会近藤病院,兵庫県,平成27年度出来高算定病院,50.0,99.0,サフィックス一致,0.9,医療法人（社団）豊繁会 近藤病院,,
医療法人社団健裕会中谷病院,兵庫県,平成27年度出来高算定病院,0.0,60.0,サフィックス一致,0.9,中谷病院,,
一般財団法人神戸マリナーズ厚生会ポートアイランド病院,兵庫県,平成27年度出来高算定病院,0.0,212.0,完全一致,1.0,一般財団法人 神戸マリナーズ厚生会 ポートアイランド病院,,
医療法人社団南淡千遙会神戸平成病院,兵庫県,平成27年度出来高算定病院,0.0,100.0,未結合,,,,
医療法人社団倫生会みどり病院,兵庫県,平成27年度出来高算定病院,0.0,108.0,サフィックス一致,0.9,みどり病院,,
医療法人社団恵生会竹山病院,神奈川県,平成27年度出来高算定病院,0.0,64.0,完全一致,1.0,医療法人社団恵生会 竹山病院,,
見附市立病院,新潟県,平成27年度出来高算定病院,47.0,94.0,完全一致,1.0,見附市立病院,,
南部町国民健康保険西伯病院,鳥取県,平成27年度出来高算定病院,29.0,178.0,完全一致,1.0,南部町国民健康保険西伯病院,,
医療法人仁徳会森下病院,岡山県,平成27年度出来高算定病院,10.0,64.0,完全一致,1.0,医療法人仁徳会森下病院,,
美作市立大原病院,岡山県,平成27年度出来高算定病院,20.0,80.0,完全一致,1.0,美作市立大原病院,,
独立行政法人国立病院機構南岡山医療センター,岡山県,平成27年度出来高算定病院,90.0,352.0,完全一致,1.0,独立行政法人国立病院機構南岡山医療センター,,
医療法人社団生和会　たかの橋中央病院,広島県,平成27年度出来高算定病院,0.0,104.0,完全一致,1.0,医療法人社団 生和会 たかの橋中央病院,,
医療法人三宅会三宅会グッドライフ病院,広島県,平成27年度出来高算定病院,72.0,110.0,サフィックス一致,0.9,三宅会グッドライフ病院,,
社会福祉法人恩賜財団済生会支部大阪府済生会新泉南病院,大阪府,平成27年度出来高算定病院,0.0,26.0,未結合,,,,
医療法人仁和会和田病院,大阪府,平成27年度出来高算定病院,31.0,66.0,完全一致,1.0,医療法人仁和会和田病院,,
香川県立白鳥病院,香川県,平成27年度出来高算定病院,103.0,148.0,完全一致,1.0,香川県立白鳥病院,,
医療法人財団仁清会野本記念病院,愛媛県,平成27年度出来高算定病院,60.0,96.0,サフィックス一致,0.9,野本記念病院,,
国民健康保険久万高原町立病院,愛媛県,平成27年度出来高算定病院,40.0,60.0,完全一致,1.0,国民健康保険 久万高原町立病院,,
医療法人相生会金隈病院,福岡県,平成27年度出来高算定病院,0.0,395.0,完全一致,1.0,医療法人相生会 金隈病院,,
福岡信和病院,福岡県,平成27年度出来高算定病院,0.0,45.0,完全一致,1.0,福岡信和病院,,
医療法人恵山会丸山病院,福岡県,平成27年度出来高算定病院,0.0,52.0,完全一致,1.0,医療法人恵山会 丸山病院,,
医療法人拓生会奈良西部病院,奈良県,平成27年度出来高算定病院,38.0,117.0,サフィックス一致,0.9,奈良西部病院,,
医療法人育生会髙島病院,鳥取県,平成27年度出来高算定病院,45.0,119.0,未結合,,,,
山都町包括医療センターそよう病院,熊本県,平成27年度出来高算定病院,47.0,57.0,完全一致,1.0,山都町包括医療センターそよう病院,,
医療法人幸仁会飯田病院,宮崎県,平成27年度出来高算定病院,30.0,30.0,完全一致,1.0,医療法人幸仁会 飯田病院,,
一般財団法人潤和リハビリテーション振興財団延岡リハビリテーション病院,宮崎県,平成27年度出来高算定病院,0.0,80.0,サフィックス一致,0.9,延岡リハビリテーション病院,,
医療法人愛誠会昭南病院,鹿児島県,平成27年度出来高算定病院,33.0,144.0,サフィックス一致,0.9,昭南病院,,
公益社団法人北海道勤労者医療協会勤医協札幌病院,北海道,平成27年度出来高算定病院,14.0,74.0,サフィックス一致,0.9,勤医協札幌病院,,
北海道立羽幌病院,北海道,平成27年度出来高算定病院,30.0,45.0,完全一致,1.0,北海道立羽幌病院,,
地方独立行政法人府中市病院機構府中北市民病院,広島県,平成27年度出来高算定病院,0.0,60.0,サフィックス一致,0.9,府中北市民病院,,
医療法人長府病院,山口県,平成27年度出来高算定病院,0.0,60.0,完全一致,1.0,医療法人　長府病院,,
医療法人別府玄々堂　別府湾腎泌尿器病院,大分県,平成27年度出来高算定病院,26.0,60.0,サフィックス一致,0.9,別府湾腎泌尿器病院,,
医療法人菊野会菊野病院,鹿児島県,平成27年度出来高算定病院,33.0,150.0,サフィックス一致,0.9,菊野病院,,
医療法人クオラクオラリハビリテーション病院あいら,鹿児島県,平成27年度出来高算定病院,22.0,96.0,サフィックス一致,0.9,クオラリハビリテーション病院あいら,,
医療法人緑水会宜野湾記念病院,沖縄県,平成27年度出来高算定病院,28.0,156.0,サフィックス一致,0.9,宜野湾記念病院,,
医療法人徳洲会　札幌南徳洲会病院,北海道,平成27年度出来高算定病院,0.0,88.0,完全一致,1.0,医療法人徳洲会　札幌南徳洲会病院,,
医療法人社団我汝会さっぽろ病院,北海道,平成27年度出来高算定病院,88.0,88.0,完全一致,1.0,医療法人社団 我汝会 さっぽろ病院,,
医療法人蒼生会楠本病院,広島県,平成27年度出来高算定病院,97.0,97.0,サフィックス一致,0.9,楠本病院,,
医療法人星の里会岡病院,山口県,平成27年度出来高算定病院,0.0,46.0,未結合,,,,
一般財団法人岩手済生医会中津川病院,岩手県,平成27年度出来高算定病院,19.0,51.0,完全一致,1.0,一般財団法人岩手済生医会 中津川病院,,
岩手県立東和病院,岩手県,平成27年度出来高算定病院,54.0,68.0,完全一致,1.0,岩手県立東和病院,,
涌谷町国民健康保険病院,宮城県,平成27年度出来高算定病院,34.0,99.0,完全一致,1.0,涌谷町国民健康保険病院,,
医療法人辰星会枡病院,福島県,平成27年度出来高算定病院,18.0,109.0,完全一致,1.0,医療法人辰星会 枡病院,,
公益財団法人会田病院,福島県,平成27年度出来高算定病院,52.0,193.0,完全一致,1.0,公益財団法人会田病院,,
社会医療法人　中山会　鷲谷記念病院,栃木県,平成27年度出来高算定病院,51.0,110.0,サフィックス一致,0.9,鷲谷記念病院,,
地方独立行政法人くらて病院,福岡県,平成27年度出来高算定病院,50.0,222.0,完全一致,1.0,地方独立行政法人くらて病院,,
医療法人社団尚整会菅整形外科病院,長崎県,平成27年度出来高算定病院,37.0,73.0,完全一致,1.0,医療法人社団尚整会　菅整形外科病院,,
社会医療法人東明会原田病院,埼玉県,平成27年度出来高算定病院,100.0,189.0,サフィックス一致,0.9,原田病院,,
医療法人啓仁会平成の森・川島病院,埼玉県,平成27年度出来高算定病院,0.0,238.0,完全一致,1.0,医療法人啓仁会平成の森・川島病院,,
医療法人社団福生会斎藤労災病院,千葉県,平成27年度出来高算定病院,26.0,92.0,完全一致,1.0,医療法人社団福生会 斎藤労災病院,,
医療法人社団慈優会九十九里病院,千葉県,平成27年度出来高算定病院,35.0,175.0,完全一致,1.0,医療法人社団慈優会九十九里病院,,
医療法人明和会亀田病院,神奈川県,平成27年度出来高算定病院,0.0,60.0,完全一致,1.0,医療法人明和会亀田病院,,
医療法人佐藤病院,神奈川県,平成27年度出来高算定病院,35.0,116.0,完全一致,1.0,医療法人佐藤病院,,
医療法人社団翔仁会輪厚三愛病院,北海道,平成27年度出来高算定病院,0.0,145.0,完全一致,1.0,医療法人社団翔仁会輪厚三愛病院,,
公立芽室病院,北海道,平成27年度出来高算定病院,45.0,107.0,完全一致,1.0,公立芽室病院,,
医療法人穂仁会大滝病院,福井県,平成27年度出来高算定病院,27.0,132.0,サフィックス一致,0.9,大滝病院,,
医療法人全心会伊豆慶友病院,静岡県,平成27年度出来高算定病院,0.0,47.0,完全一致,1.0,医療法人全心会 伊豆慶友病院,,
医療法人啓仁会豊川さくら病院,愛知県,平成27年度出来高算定病院,0.0,92.0,完全一致,1.0,医療法人啓仁会 豊川さくら病院,,
社会福祉法人恩徳福祉会青山第二病院,大阪府,平成27年度出来高算定病院,0.0,57.0,完全一致,1.0,社会福祉法人恩徳福祉会青山第二病院,,
医療法人誠人会与田病院,大阪府,平成27年度出来高算定病院,0.0,301.0,完全一致,1.0,医療法人誠人会与田病院,,
医療法人互恵会池田回生病院,大阪府,平成27年度出来高算定病院,50.0,60.0,完全一致,1.0,医療法人互恵会池田回生病院,,
医療法人社団醫光会おうら病院,群馬県,平成27年度出来高算定病院,39.0,80.0,完全一致,1.0,医療法人社団醫光会おうら病院,,
医療法人靖和会飯能靖和病院,埼玉県,平成27年度出来高算定病院,34.0,314.0,完全一致,1.0,医療法人靖和会飯能靖和病院,,
医療法人鉄蕉会　亀田森の里病院,神奈川県,平成27年度出来高算定病院,26.0,60.0,完全一致,1.0,医療法人鉄蕉会 亀田森の里病院,,
医療法人仁成会とやの中央病院,新潟県,平成27年度出来高算定病院,0.0,160.0,サフィックス一致,0.9,とやの中央病院,,
新潟県立加茂病院,新潟県,平成27年度出来高算定病院,40.0,80.0,完全一致,1.0,新潟県立加茂病院,,
国民健康保険魚沼市立小出病院,新潟県,平成27年度出来高算定病院,44.0,134.0,完全一致,1.0,国民健康保険魚沼市立小出病院,,
医療法人財団恵仁会藤木病院,富山県,平成27年度出来高算定病院,16.0,60.0,サフィックス一致,0.9,藤木病院,,
医療法人桃花会一宮温泉病院,山梨県,平成27年度出来高算定病院,0.0,104.0,サフィックス一致,0.9,一宮温泉病院,,
医療法人寶樹会仙塩総合病院,宮城県,平成27年度出来高算定病院,45.0,148.0,完全一致,1.0,医療法人寶樹会 仙塩総合病院,,
医療法人小泉病院,秋田県,平成27年度出来高算定病院,17.0,70.0,完全一致,1.0,小泉病院,,
医療法人社団秀慈会白萩病院,静岡県,平成27年度出来高算定病院,0.0,120.0,サフィックス一致,0.9,白萩病院,,
医療法人医誠会神崎中央病院,滋賀県,平成27年度出来高算定病院,80.0,400.0,完全一致,1.0,医療法人医誠会神崎中央病院,,
医療法人亀岡病院,京都府,平成27年度出来高算定病院,0.0,108.0,完全一致,1.0,医療法人亀岡病院,,
独立行政法人国立病院機構南京都病院,京都府,平成27年度出来高算定病院,60.0,335.0,完全一致,1.0,独立行政法人国立病院機構南京都病院,,
医療法人琴仁会光生病院,大阪府,平成27年度出来高算定病院,43.0,145.0,完全一致,1.0,医療法人琴仁会光生病院,,
医療法人讃高会　枚方東整形外科病院,大阪府,平成27年度出来高算定病院,22.0,66.0,完全一致,1.0,医療法人讃高会　枚方東整形外科病院,,
医療法人財団俊陽会古川病院,神奈川県,平成27年度出来高算定病院,0.0,98.0,サフィックス一致,0.9,古川病院,,
一般財団法人育生会横浜病院,神奈川県,平成27年度出来高算定病院,10.0,106.0,完全一致,1.0,一般財団法人育生会横浜病院,,
医療法人社団淡路平成会東浦平成病院,兵庫県,平成27年度出来高算定病院,0.0,199.0,未結合,,,,
医療法人社団栄宏会栄宏会小野病院,兵庫県,平成27年度出来高算定病院,26.0,113.0,サフィックス一致,0.9,栄宏会小野病院,,
医療法人社団綱島会厚生病院,兵庫県,平成27年度出来高算定病院,88.0,88.0,完全一致,1.0,医療法人社団綱島会 厚生病院,,
医療法人神甲会隈病院,兵庫県,平成27年度出来高算定病院,58.0,58.0,完全一致,1.0,医療法人神甲会 隈病院,,
医療法人里仁会北岡病院,鳥取県,平成27年度出来高算定病院,57.0,102.0,完全一致,1.0,医療法人里仁会北岡病院,,
医療法人天声会おおもと病院,岡山県,平成27年度出来高算定病院,51.0,51.0,サフィックス一致,0.9,おおもと病院,,
日本赤十字社静岡県支部伊豆赤十字病院,静岡県,平成27年度出来高算定病院,43.0,84.0,サフィックス一致,0.9,伊豆赤十字病院,,
公益財団法人伊豆保健医療センター,静岡県,平成27年度出来高算定病院,44.0,60.0,完全一致,1.0,伊豆保健医療センター,,
医療法人緑山会下松中央病院,山口県,平成27年度出来高算定病院,0.0,137.0,サフィックス一致,0.9,下松中央病院,,
下関市立豊田中央病院,山口県,平成27年度出来高算定病院,38.0,60.0,完全一致,1.0,下関市立豊田中央病院,,
医療法人財団博仁会キナシ大林病院,香川県,平成27年度出来高算定病院,150.0,254.0,完全一致,1.0,医療法人財団博仁会キナシ大林病院,,
医療法人友朋会栗林病院,愛媛県,平成27年度出来高算定病院,0.0,124.0,サフィックス一致,0.9,栗林病院,,
宇和島市立津島病院,愛媛県,平成27年度出来高算定病院,21.0,84.0,完全一致,1.0,宇和島市立津島病院,,
社会医療法人社団更生会村上記念病院,愛媛県,平成27年度出来高算定病院,48.0,186.0,完全一致,1.0,社会医療法人社団更生会 村上記念病院,,
医療法人功徳会　大阪晴愛病院,大阪府,平成27年度出来高算定病院,16.0,69.0,完全一致,1.0,医療法人功徳会大阪晴愛病院,,
医療法人一高会野村海浜病院,兵庫県,平成27年度出来高算定病院,92.0,176.0,完全一致,1.0,医療法人一高会 野村海浜病院,,
医療法人社団一葉会佐用共立病院,兵庫県,平成27年度出来高算定病院,70.0,90.0,完全一致,1.0,医療法人社団一葉会佐用共立病院,,
医療法人社団みどりの会酒井病院,兵庫県,平成27年度出来高算定病院,14.0,112.0,完全一致,1.0,医療法人社団みどりの会 酒井病院,,
医療法人久仁会宇都宮病院,和歌山県,平成27年度出来高算定病院,0.0,80.0,サフィックス一致,0.9,宇都宮病院,,
和歌山県立医科大学附属病院紀北分院,和歌山県,平成27年度出来高算定病院,84.0,84.0,完全一致,1.0,和歌山県立医科大学附属病院紀北分院,,
医療法人思誠会渡辺病院,岡山県,平成27年度出来高算定病院,43.0,88.0,完全一致,1.0,医療法人思誠会渡辺病院,,
医療法人医誠会都志見病院,山口県,平成27年度出来高算定病院,60.0,176.0,サフィックス一致,0.9,都志見病院,,
横浜東邦病院,神奈川県,平成27年度出来高算定病院,32.0,96.0,完全一致,1.0,横浜東邦病院,,
北医療生活協同組合北病院,愛知県,平成27年度出来高算定病院,12.0,52.0,完全一致,1.0,北医療生活協同組合北病院,,
医療法人新生会新生会病院,福岡県,平成27年度出来高算定病院,20.0,79.0,サフィックス一致,0.9,新生会病院,,
くまもと在宅支援病院,熊本県,平成27年度出来高算定病院,0.0,57.0,完全一致,1.0,くまもと在宅支援病院,,
医療法人岡部病院,熊本県,平成27年度出来高算定病院,0.0,119.0,完全一致,1.0,岡部病院,,
医療法人社団坂梨会阿蘇温泉病院,熊本県,平成27年度出来高算定病院,0.0,230.0,サフィックス一致,0.9,阿蘇温泉病院,,
医療法人秋芳会秋吉病院,大分県,平成27年度出来高算定病院,0.0,36.0,サフィックス一致,0.9,秋吉病院,,
社会福祉法人恩賜財団済生会支部宮崎県済生会日向病院,宮崎県,平成27年度出来高算定病院,81.0,149.0,サフィックス一致,0.9,宮崎県済生会日向病院,,
みのやま病院,京都府,平成27年度出来高算定病院,0.0,70.0,サフィックス一致,0.9,社会医療法人美杉会みのやま病院,,
社会福祉法人聖隷福祉事業団聖隷淡路病院,兵庫県,平成27年度出来高算定病院,51.0,152.0,サフィックス一致,0.9,聖隷淡路病院,,
森町国民健康保険病院,北海道,平成27年度出来高算定病院,60.0,60.0,完全一致,1.0,森町国民健康保険病院,,
広域紋別病院,北海道,平成27年度出来高算定病院,130.0,150.0,完全一致,1.0,広域紋別病院,,
小清水赤十字病院,北海道,平成27年度出来高算定病院,12.0,87.0,完全一致,1.0,小清水赤十字病院,,
青森市立浪岡病院,青森県,平成27年度出来高算定病院,35.0,35.0,完全一致,1.0,青森市立浪岡病院,,
三沢市立三沢病院,青森県,平成27年度出来高算定病院,147.0,198.0,完全一致,1.0,三沢市立三沢病院,,
医療法人本多友愛会仙南病院,宮城県,平成27年度出来高算定病院,15.0,95.0,完全一致,1.0,医療法人本多友愛会 仙南病院,,
周防大島町立東和病院,山口県,平成27年度出来高算定病院,0.0,60.0,完全一致,1.0,周防大島町立東和病院,,
徳島平成病院,徳島県,平成27年度出来高算定病院,0.0,51.0,完全一致,1.0,徳島平成病院,,
天童市民病院,山形県,平成27年度出来高算定病院,0.0,84.0,完全一致,1.0,天童市民病院,,
富岡地域医療企業団公立七日市病院,群馬県,平成27年度出来高算定病院,0.0,162.0,サフィックス一致,0.9,公立七日市病院,,
医療法人入間川病院,埼玉県,平成27年度出来高算定病院,140.0,199.0,完全一致,1.0,社会医療法人入間川病院,,
医療法人社団弘人会中田病院,埼玉県,平成27年度出来高算定病院,57.0,117.0,完全一致,1.0,医療法人社団弘人会中田病院,,
医療法人花仁会秩父病院,埼玉県,平成27年度出来高算定病院,52.0,52.0,完全一致,1.0,医療法人花仁会秩父病院,,
医療法人社団福寿会赤羽岩渕病院,東京都,平成27年度出来高算定病院,4.0,50.0,完全一致,1.0,医療法人社団福寿会 赤羽岩渕病院,,
医療法人昭泉会馬場病院,鹿児島県,平成27年度出来高算定病院,32.0,112.0,サフィックス一致,0.9,馬場病院,,
公益社団法人北海道勤労者医療協会勤医協札幌西区病院,北海道,平成27年度出来高算定病院,0.0,96.0,サフィックス一致,0.9,勤医協札幌西区病院,,
医療法人杏章会矢部広域病院,熊本県,平成26年度出来高算定病院,14.0,60.0,サフィックス一致,0.9,矢部広域病院,,
国民健康保険和水町立病院,熊本県,平成26年度出来高算定病院,39.0,91.0,完全一致,1.0,国民健康保険 和水町立病院,,
永冨記念病院,大分県,平成26年度出来高算定病院,48.0,48.0,完全一致,1.0,永冨記念病院,,
独立行政法人国立病院機構宮崎病院,宮崎県,平成26年度出来高算定病院,46.0,180.0,完全一致,1.0,独立行政法人国立病院機構宮崎病院,,
医療法人友愛会前田病院,鹿児島県,平成26年度出来高算定病院,33.0,85.0,サフィックス一致,0.9,前田病院,,
医療法人参篤会高原病院,鹿児島県,平成26年度出来高算定病院,0.0,62.0,サフィックス一致,0.9,高原病院,,
宇和島市立吉田病院,愛媛県,平成26年度出来高算定病院,20.0,74.0,完全一致,1.0,宇和島市立吉田病院,,
医療法人健生会循環器科林病院,愛媛県,平成26年度出来高算定病院,12.0,76.0,サフィックス一致,0.9,循環器科林病院,,
愛知医科大学メディカルセンター,愛知県,平成27年度出来高算定病院,90.0,230.0,完全一致,1.0,愛知医科大学メディカルセンター,,
医療法人徹仁会厚別耳鼻咽喉科病院,北海道,平成27年度出来高算定病院,44.0,44.0,完全一致,1.0,医療法人徹仁会 厚別耳鼻咽喉科病院,,
十勝いけだ地域医療センター,北海道,平成27年度出来高算定病院,16.0,60.0,完全一致,1.0,十勝いけだ地域医療センター,,
三戸町国民健康保険三戸中央病院,青森県,平成27年度出来高算定病院,45.0,84.0,完全一致,1.0,三戸町国民健康保険三戸中央病院,,
医療法人啓仁会石巻ロイヤル病院,宮城県,平成27年度出来高算定病院,60.0,230.0,完全一致,1.0,医療法人啓仁会 石巻ロイヤル病院,,
社会医療法人社団千葉県勤労者医療協会千葉健生病院,千葉県,平成27年度出来高算定病院,6.0,90.0,完全一致,1.0,社会医療法人社団千葉県勤労者医療協会千葉健生病院,,
医療法人常葉会長与病院,長崎県,平成26年度出来高算定病院,0.0,120.0,完全一致,1.0,医療法人常葉会　長与病院,,
医療法人杉村会杉村病院,熊本県,平成26年度出来高算定病院,93.0,177.0,サフィックス一致,0.9,杉村病院,,
医療法人みつや会　新八街総合病院,千葉県,平成27年度出来高算定病院,31.0,191.0,完全一致,1.0,医療法人みつや会新八街総合病院,,
医療法人社団慈誠会上板橋病院,東京都,平成27年度出来高算定病院,12.0,150.0,完全一致,1.0,医療法人社団慈誠会 上板橋病院,,
医療法人社団慈誠会浮間舟渡病院,東京都,平成27年度出来高算定病院,2.0,149.0,完全一致,1.0,医療法人社団慈誠会 浮間舟渡病院,,
社会医療法人社団健生会あきしま相互病院,東京都,平成27年度出来高算定病院,0.0,199.0,サフィックス一致,0.9,あきしま相互病院,,
医療法人平和会（社団）平和病院,神奈川県,平成27年度出来高算定病院,43.0,146.0,サフィックス一致,0.9,平和病院,,
医療法人社団厚済会横浜じんせい病院,神奈川県,平成27年度出来高算定病院,0.0,50.0,完全一致,1.0,医療法人社団厚済会 横浜じんせい病院,,
洛和会音羽リハビリテーション病院,京都府,平成26年度出来高算定病院,0.0,199.0,サフィックス一致,0.9,医療法人社団洛和会洛和会音羽リハビリテーション病院,,
隠岐広域連合立隠岐島前病院,島根県,平成26年度出来高算定病院,0.0,44.0,完全一致,1.0,隠岐広域連合立隠岐島前病院,,
中日新聞社健康保険組合中日病院,愛知県,平成27年度出来高算定病院,42.0,93.0,サフィックス一致,0.9,中日病院,,
医療法人香徳会メイトウホスピタル,愛知県,平成27年度出来高算定病院,0.0,101.0,完全一致,1.0,医療法人香徳会メイトウホスピタル,,
公益財団法人豊田地域医療センター,愛知県,平成27年度出来高算定病院,50.0,190.0,完全一致,1.0,豊田地域医療センター,,
社会福祉法人　恩賜財団　済生会守山市民病院,滋賀県,平成27年度出来高算定病院,51.0,199.0,完全一致,1.0,社会福祉法人恩賜財団済生会守山市民病院,,
医療法人愛寿会同仁病院,京都府,平成27年度出来高算定病院,30.0,39.0,完全一致,1.0,医療法人愛寿会同仁病院,,
亀岡市立病院,京都府,平成27年度出来高算定病院,80.0,100.0,完全一致,1.0,亀岡市立病院,,
医療法人社団邦清会　木更津東邦病院,千葉県,平成27年度出来高算定病院,76.0,83.0,完全一致,1.0,医療法人社団邦清会木更津東邦病院,,
五香病院,千葉県,平成27年度出来高算定病院,44.0,120.0,完全一致,1.0,五香病院,,
四日市消化器病センター,三重県,平成26年度出来高算定病院,20.0,40.0,完全一致,1.0,四日市消化器病センター,,
三重県立一志病院,三重県,平成26年度出来高算定病院,16.0,46.0,完全一致,1.0,三重県立一志病院,,
医療法人（社団）寺田病院,三重県,平成26年度出来高算定病院,55.0,95.0,サフィックス一致,0.9,医療法人寺田病院,,
町立南伊勢病院,三重県,平成26年度出来高算定病院,28.0,50.0,完全一致,1.0,町立南伊勢病院,,
一般財団法人近江愛隣園今津病院,滋賀県,平成26年度出来高算定病院,0.0,80.0,完全一致,1.0,一般財団法人近江愛隣園今津病院,,
医療法人知音会京都新町病院,京都府,平成26年度出来高算定病院,0.0,90.0,完全一致,1.0,医療法人知音会　京都新町病院,,
医療法人社団守成会広瀬病院,神奈川県,平成26年度出来高算定病院,37.0,71.0,サフィックス一致,0.9,広瀬病院,,
医療法人美郷会西蒲中央病院,新潟県,平成26年度出来高算定病院,20.0,166.0,サフィックス一致,0.9,西蒲中央病院,,
医療法人錦秀会阪和第二泉北病院,大阪府,平成26年度出来高算定病院,39.0,969.0,完全一致,1.0,医療法人錦秀会阪和第二泉北病院,,
医療法人風早会外科野﨑病院,大阪府,平成26年度出来高算定病院,34.0,47.0,完全一致,1.0,医療法人 風早会 外科野﨑病院,,
医療法人歓喜会辻外科リハビリテーション病院,大阪府,平成26年度出来高算定病院,0.0,71.0,完全一致,1.0,医療法人歓喜会辻外科リハビリテーション病院,,
医療法人三上会総合病院東香里病院,大阪府,平成26年度出来高算定病院,52.0,195.0,サフィックス一致,0.9,東香里病院,,
兵庫医科大学ささやま医療センター,兵庫県,平成26年度出来高算定病院,50.0,94.0,完全一致,1.0,兵庫医科大学ささやま医療センター,,
医療法人社団中正会中林病院,兵庫県,平成26年度出来高算定病院,34.0,93.0,サフィックス一致,0.9,中林病院,,
医療法人社団慈朋会澤田病院,岐阜県,平成26年度出来高算定病院,50.0,190.0,完全一致,1.0,医療法人社団 慈朋会 澤田病院,,
医療法人社団明徳会十全記念病院,静岡県,平成26年度出来高算定病院,95.0,299.0,サフィックス一致,0.9,十全記念病院,,
医療法人社団普門会姫路田中病院,兵庫県,平成26年度出来高算定病院,30.0,60.0,完全一致,1.0,医療法人社団普門会 姫路田中病院,,
医療法人社団顕修会顕修会すずらん病院,兵庫県,平成26年度出来高算定病院,88.0,88.0,完全一致,1.0,医療法人社団顕修会 顕修会すずらん病院,,
医療法人康雄会西記念ポートアイランドリハビリテーション病院,兵庫県,平成26年度出来高算定病院,0.0,150.0,サフィックス一致,0.9,西記念ポートアイランドリハビリテーション病院,,
一般財団法人沢井病院,奈良県,平成26年度出来高算定病院,55.0,111.0,完全一致,1.0,一般財団法人沢井病院,,
医療法人郁慈会服部記念病院,奈良県,平成26年度出来高算定病院,76.0,162.0,サフィックス一致,0.9,服部記念病院,,
武田病院,岡山県,平成26年度出来高算定病院,0.0,34.0,完全一致,1.0,武田病院,,
社会医療法人弘仁会大島病院,京都府,平成26年度出来高算定病院,60.0,119.0,完全一致,1.0,社会医療法人弘仁会大島病院,,
医療法人せいふう会　宇治脳卒中リハビリテーション病院,京都府,平成26年度出来高算定病院,0.0,88.0,完全一致,1.0,医療法人せいふう会宇治脳卒中リハビリテーション病院,,
医療法人瑞洋会田中整形外科病院,高知県,平成26年度出来高算定病院,50.0,90.0,サフィックス一致,0.9,田中整形外科病院,,
医療法人芙蓉会筑紫南ヶ丘病院,福岡県,平成26年度出来高算定病院,0.0,250.0,完全一致,1.0,医療法人芙蓉会筑紫南ヶ丘病院,,
佐賀市立富士大和温泉病院,佐賀県,平成26年度出来高算定病院,50.0,98.0,完全一致,1.0,佐賀市立富士大和温泉病院,,
医療法人保善会田上病院,長崎県,平成26年度出来高算定病院,33.0,161.0,完全一致,1.0,医療法人保善会　田上病院,,
医療法人和仁会和仁会病院,長崎県,平成26年度出来高算定病院,0.0,199.0,完全一致,1.0,医療法人和仁会　和仁会病院,,
医療法人アリス会　京町病院,長崎県,平成26年度出来高算定病院,48.0,48.0,完全一致,1.0,医療法人アリス会　京町病院,,
医療法人財団　ヒューマンメディカル　尼崎新都心病院,兵庫県,平成26年度出来高算定病院,52.0,150.0,サフィックス一致,0.9,尼崎新都心病院,,
医療法人社団星晶会あおい病院,兵庫県,平成26年度出来高算定病院,0.0,39.0,完全一致,1.0,医療法人社団星晶会 あおい病院,,
一般財団法人双仁会青森厚生病院,青森県,平成26年度出来高算定病院,86.0,199.0,完全一致,1.0,一般財団法人 双仁会 青森厚生病院,,
医療法人日新堂八角病院,岩手県,平成26年度出来高算定病院,30.0,50.0,サフィックス一致,0.9,八角病院,,
一関市国民健康保険藤沢病院,岩手県,平成26年度出来高算定病院,44.0,44.0,完全一致,1.0,一関市国民健康保険藤沢病院,,
医療法人松尾会松尾病院,福島県,平成26年度出来高算定病院,0.0,145.0,完全一致,1.0,医療法人松尾会松尾病院,,
医療法人社団恵周会白河病院,福島県,平成26年度出来高算定病院,40.0,150.0,完全一致,1.0,医療法人社団恵周会 白河病院,,
医療法人健寿会小山整形外科内科,栃木県,平成26年度出来高算定病院,40.0,60.0,サフィックス一致,0.9,小山整形外科内科,,
奄美医療生活協同組合奄美中央病院,鹿児島県,平成26年度出来高算定病院,15.0,99.0,未結合,,,,
医療法人七徳会大井病院,鹿児島県,平成26年度出来高算定病院,31.0,118.0,サフィックス一致,0.9,大井病院,,
医療法人岩下会岩下病院,群馬県,平成26年度出来高算定病院,16.0,48.0,サフィックス一致,0.9,岩下病院,,
医療法人博仁会共済病院,埼玉県,平成26年度出来高算定病院,80.0,117.0,完全一致,1.0,医療法人博仁会共済病院,,
医療法人寿康会寿康会病院,埼玉県,平成26年度出来高算定病院,14.0,71.0,サフィックス一致,0.9,寿康会病院,,
医療法人財団啓明会中島病院,埼玉県,平成26年度出来高算定病院,0.0,111.0,完全一致,1.0,医療法人財団啓明会中島病院,,
医療法人蒼龍会武蔵嵐山病院,埼玉県,平成26年度出来高算定病院,21.0,157.0,サフィックス一致,0.9,武蔵嵐山病院,,
独立行政法人国立病院機構下志津病院,千葉県,平成26年度出来高算定病院,98.0,360.0,完全一致,1.0,独立行政法人国立病院機構下志津病院,,
社会医療法人北斗十勝リハビリテーションセンター,北海道,平成26年度出来高算定病院,0.0,206.0,完全一致,1.0,社会医療法人北斗十勝リハビリテーションセンター,,
医療法人アンリー・デュナン会深川第一病院,北海道,平成26年度出来高算定病院,0.0,215.0,サフィックス一致,0.9,深川第一病院,,
医療法人社団久福会　関野病院,東京都,平成26年度出来高算定病院,31.0,112.0,完全一致,1.0,医療法人社団久福会 関野病院,,
医療法人社団田島厚生会神谷病院,東京都,平成26年度出来高算定病院,38.0,140.0,完全一致,1.0,医療法人社団田島厚生会神谷病院,,
医療法人社団津端会京葉病院,東京都,平成26年度出来高算定病院,60.0,60.0,完全一致,1.0,医療法人社団津端会 京葉病院,,
医療法人財団中山会八王子消化器病院,東京都,平成26年度出来高算定病院,98.0,98.0,完全一致,1.0,医療法人財団中山会 八王子消化器病院,,
医療法人社団三友会あけぼの病院,東京都,平成26年度出来高算定病院,35.0,98.0,サフィックス一致,0.9,あけぼの病院,,
医療法人財団緑秀会田無病院,東京都,平成26年度出来高算定病院,16.0,86.0,完全一致,1.0,医療法人財団緑秀会 田無病院,,
医療法人社団福田会福田記念病院,栃木県,平成26年度出来高算定病院,74.0,142.0,サフィックス一致,0.9,福田記念病院,,
医療法人社団醫光会駒井病院,群馬県,平成26年度出来高算定病院,0.0,100.0,完全一致,1.0,医療法人社団醫光会 駒井病院,,
新潟県立坂町病院,新潟県,平成26年度出来高算定病院,52.0,100.0,完全一致,1.0,新潟県立坂町病院,,
新潟県立妙高病院,新潟県,平成26年度出来高算定病院,26.0,47.0,完全一致,1.0,新潟県立妙高病院,,
医療法人光ヶ丘病院,富山県,平成26年度出来高算定病院,31.0,177.0,完全一致,1.0,医療法人 光ヶ丘病院,,
公立南砺中央病院,富山県,平成26年度出来高算定病院,52.0,104.0,完全一致,1.0,公立南砺中央病院,,
身延町・早川町組合立飯富病院,山梨県,平成26年度出来高算定病院,28.0,40.0,サフィックス一致,0.9,飯富病院,,
長野県厚生農業協同組合連合会鹿教湯三才山リハビリテーションセンター鹿教湯病院,長野県,平成26年度出来高算定病院,40.0,475.0,完全一致,1.0,長野県厚生農業協同組合連合会鹿教湯三才山リハビリテーションセンター鹿教湯病院,,
医療法人社団修世会木場病院,東京都,平成26年度出来高算定病院,31.0,75.0,完全一致,1.0,医療法人社団修世会 木場病院,,
一般社団法人衛生文化協会城西病院,東京都,平成26年度出来高算定病院,0.0,99.0,完全一致,1.0,一般社団法人衛生文化協会 城西病院,,
天草郡市医師会立苓北医師会病院,熊本県,平成26年度出来高算定病院,15.0,40.0,完全一致,1.0,天草郡市医師会立 苓北医師会病院,,
社会医療法人稲穂会天草慈恵病院,熊本県,平成26年度出来高算定病院,20.0,120.0,サフィックス一致,0.9,天草慈恵病院,,
医療法人岡仁会大分共立病院,大分県,平成26年度出来高算定病院,0.0,73.0,サフィックス一致,0.9,大分共立病院,,
医療法人秀明会だいかく病院,大分県,平成26年度出来高算定病院,0.0,45.0,サフィックス一致,0.9,だいかく病院,,
医療法人社団春日会黒木記念病院,大分県,平成26年度出来高算定病院,44.0,174.0,サフィックス一致,0.9,黒木記念病院,,
玄々堂高田病院,大分県,平成26年度出来高算定病院,26.0,46.0,完全一致,1.0,玄々堂高田病院,,
くまもと成城病院,熊本県,平成26年度出来高算定病院,12.0,133.0,完全一致,1.0,くまもと成城病院,,
医療法人朝日野会朝日野総合病院,熊本県,平成26年度出来高算定病院,100.0,378.0,サフィックス一致,0.9,朝日野総合病院,,
医療法人久寿会鈴木病院,大分県,平成26年度出来高算定病院,30.0,40.0,サフィックス一致,0.9,鈴木病院,,
藤元上町病院,宮崎県,平成26年度出来高算定病院,0.0,84.0,完全一致,1.0,藤元上町病院,,
高千穂町国民健康保険病院,宮崎県,平成26年度出来高算定病院,106.0,120.0,完全一致,1.0,高千穂町国民健康保険病院,,
医療法人恵山会共立病院,鹿児島県,平成26年度出来高算定病院,17.0,89.0,サフィックス一致,0.9,共立病院,,
医療法人敬親会豊島病院,鹿児島県,平成26年度出来高算定病院,28.0,60.0,サフィックス一致,0.9,豊島病院,,
医療法人恵徳会小田代病院,鹿児島県,平成26年度出来高算定病院,23.0,53.0,サフィックス一致,0.9,小田代病院,,
医療法人外山胃腸病院,熊本県,平成26年度出来高算定病院,20.0,84.0,完全一致,1.0,外山胃腸病院,,
一般社団法人　八代郡市医師会　八代北部地域医療センター,熊本県,平成26年度出来高算定病院,37.0,89.0,サフィックス一致,0.9,八代北部地域医療センター,,
キラメキテラスヘルスケアホスピタル,鹿児島県,平成26年度出来高算定病院,9.0,198.0,完全一致,1.0,キラメキテラスヘルスケアホスピタル,,
医療法人浩然会指宿浩然会病院,鹿児島県,平成26年度出来高算定病院,27.0,138.0,サフィックス一致,0.9,指宿浩然会病院,,
医療法人松翠会森園病院,鹿児島県,平成26年度出来高算定病院,19.0,75.0,サフィックス一致,0.9,森園病院,,
曽於医師会立病院,鹿児島県,平成26年度出来高算定病院,121.0,137.0,完全一致,1.0,曽於医師会立病院,,
協愛病院,鹿児島県,平成26年度出来高算定病院,0.0,80.0,完全一致,1.0,協愛病院,,
大島郡医師会病院,鹿児島県,平成26年度出来高算定病院,17.0,141.0,完全一致,1.0,大島郡医師会病院,,
医療法人新生会福島病院,大分県,平成26年度出来高算定病院,50.0,60.0,サフィックス一致,0.9,福島病院,,
独立行政法人地域医療機能推進機構湯布院病院,大分県,平成26年度出来高算定病院,51.0,199.0,完全一致,1.0,独立行政法人地域医療機能推進機構 湯布院病院,,
医療法人玉昌会加治木温泉病院,鹿児島県,平成26年度出来高算定病院,37.0,230.0,サフィックス一致,0.9,加治木温泉病院,,
医療法人陽心会大道中央病院,沖縄県,平成26年度出来高算定病院,49.0,224.0,完全一致,1.0,医療法人陽心会 大道中央病院,,
沖縄医療生活協同組合中部協同病院,沖縄県,平成26年度出来高算定病院,0.0,142.0,サフィックス一致,0.9,中部協同病院,,
医療法人球陽会海邦病院,沖縄県,平成26年度出来高算定病院,0.0,140.0,完全一致,1.0,医療法人 球陽会 海邦病院,,
医療法人以和貴会西崎病院,沖縄県,平成26年度出来高算定病院,26.0,150.0,サフィックス一致,0.9,西崎病院,,
とよみ生協病院,沖縄県,平成26年度出来高算定病院,37.0,137.0,完全一致,1.0,とよみ生協病院,,
医療法人健幸会天辰病院,鹿児島県,平成26年度出来高算定病院,0.0,37.0,サフィックス一致,0.9,天辰病院,,
医療法人起生会林内科胃腸科病院,鹿児島県,平成26年度出来高算定病院,41.0,77.0,サフィックス一致,0.9,林内科胃腸科病院,,
医療法人繁桜会馬場病院,福岡県,平成26年度出来高算定病院,30.0,60.0,完全一致,1.0,医療法人繁桜会　馬場病院,,
医療法人けんこう兼行病院,福岡県,平成26年度出来高算定病院,0.0,70.0,完全一致,1.0,医療法人けんこう兼行病院,,
松本病院,福岡県,平成26年度出来高算定病院,36.0,80.0,完全一致,1.0,松本病院,,
独立行政法人労働者健康安全機構　総合せき損センター,福岡県,平成26年度出来高算定病院,50.0,150.0,完全一致,1.0,独立行政法人労働者健康安全機構総合せき損センター,,
福岡県済生会飯塚嘉穂病院,福岡県,平成26年度出来高算定病院,68.0,197.0,未結合,,,,
医療法人和光会一本松すずかけ病院,福岡県,平成26年度出来高算定病院,0.0,286.0,サフィックス一致,0.9,一本松すずかけ病院,,
本山町立国保嶺北中央病院,高知県,平成26年度出来高算定病院,46.0,99.0,未結合,,,,
医療法人冠博多心臓血管病院,福岡県,平成26年度出来高算定病院,25.0,25.0,サフィックス一致,0.9,博多心臓血管病院,,
新田原聖母病院,福岡県,平成26年度出来高算定病院,53.0,106.0,サフィックス一致,0.9,医療法人敬愛会 新田原聖母病院,,
北九州市立門司病院,福岡県,平成26年度出来高算定病院,10.0,155.0,完全一致,1.0,北九州市立門司病院,,
医療法人天翠会小倉きふね病院,福岡県,平成26年度出来高算定病院,0.0,99.0,サフィックス一致,0.9,小倉きふね病院,,
医療法人松籟会河畔病院,佐賀県,平成26年度出来高算定病院,54.0,169.0,完全一致,1.0,医療法人松籟会河畔病院,,
医療法人犬塚病院,佐賀県,平成26年度出来高算定病院,60.0,60.0,完全一致,1.0,医療法人犬塚病院,,
ふじおか病院,佐賀県,平成26年度出来高算定病院,0.0,88.0,サフィックス一致,0.9,医療法人大和正信会ふじおか病院,,
医療法人白壽会安本病院,福岡県,平成26年度出来高算定病院,0.0,93.0,サフィックス一致,0.9,安本病院,,
弥永協立病院,福岡県,平成26年度出来高算定病院,47.0,57.0,完全一致,1.0,弥永協立病院,,
ニュー琴海病院,長崎県,平成26年度出来高算定病院,0.0,48.0,完全一致,1.0,ニュー琴海病院,,
医療法人　重工記念長崎病院,長崎県,平成26年度出来高算定病院,83.0,165.0,完全一致,1.0,重工記念長崎病院,,
医療法人わかば会俵町浜野病院,長崎県,平成26年度出来高算定病院,0.0,64.0,完全一致,1.0,医療法人わかば会　俵町浜野病院,,
医療法人外海弘仁会日浦病院,長崎県,平成26年度出来高算定病院,40.0,198.0,完全一致,1.0,医療法人外海弘仁会　日浦病院,,
医療法人二輝会佐藤病院,長崎県,平成26年度出来高算定病院,20.0,40.0,完全一致,1.0,医療法人二輝会 佐藤病院,,
医療法人社団岡山会九州記念病院,熊本県,平成26年度出来高算定病院,60.0,179.0,サフィックス一致,0.9,九州記念病院,,
社会保険稲築病院,福岡県,平成26年度出来高算定病院,0.0,144.0,完全一致,1.0,社会保険稲築病院,,
特定医療法人起生会大原病院,福岡県,平成26年度出来高算定病院,0.0,101.0,完全一致,1.0,医療法人起生会大原病院,,
医療法人社団仁風会比企病院,熊本県,平成26年度出来高算定病院,0.0,44.0,サフィックス一致,0.9,比企病院,,
医療法人財団聖十字会西日本病院,熊本県,平成26年度出来高算定病院,159.0,525.0,サフィックス一致,0.9,西日本病院,,
医療法人寺尾病院,熊本県,平成26年度出来高算定病院,0.0,88.0,完全一致,1.0,医療法人寺尾病院,,
医療法人祐基会帯山中央病院,熊本県,平成26年度出来高算定病院,0.0,76.0,サフィックス一致,0.9,帯山中央病院,,
医療法人起生会表参道吉田病院,熊本県,平成26年度出来高算定病院,37.0,79.0,サフィックス一致,0.9,表参道吉田病院,,
医療法人朝日野会球磨病院,熊本県,平成26年度出来高算定病院,34.0,192.0,完全一致,1.0,医療法人朝日野会球磨病院,,
医療法人ひらまつ病院,佐賀県,平成26年度出来高算定病院,42.0,190.0,完全一致,1.0,医療法人ひらまつ病院,,
医療法人慈恵会小江原中央病院,長崎県,平成26年度出来高算定病院,20.0,105.0,サフィックス一致,0.9,小江原中央病院,,
医療法人社団水生会柴田病院,山口県,平成26年度出来高算定病院,0.0,60.0,サフィックス一致,0.9,柴田病院,,
日本赤十字社山口県支部小野田赤十字病院,山口県,平成26年度出来高算定病院,0.0,40.0,サフィックス一致,0.9,小野田赤十字病院,,
美祢市立病院,山口県,平成26年度出来高算定病院,30.0,115.0,完全一致,1.0,美祢市立病院,,
医療法人周友会徳山病院,山口県,平成26年度出来高算定病院,0.0,78.0,サフィックス一致,0.9,徳山病院,,
美祢市立美東病院,山口県,平成26年度出来高算定病院,40.0,100.0,完全一致,1.0,美祢市立美東病院,,
医療法人ひまわり会中洲八木病院,徳島県,平成26年度出来高算定病院,0.0,105.0,サフィックス一致,0.9,中洲八木病院,,
医療法人達磨会井上病院,広島県,平成26年度出来高算定病院,38.0,38.0,サフィックス一致,0.9,井上病院,,
医療法人　紫苑会　福山南病院,広島県,平成26年度出来高算定病院,40.0,114.0,サフィックス一致,0.9,福山南病院,,
医療法人雙立会碩心館病院,徳島県,平成26年度出来高算定病院,15.0,60.0,サフィックス一致,0.9,碩心館病院,,
徳島ロイヤル病院,徳島県,平成26年度出来高算定病院,36.0,46.0,完全一致,1.0,徳島ロイヤル病院,,
三好市国民健康保険市立三野病院,徳島県,平成26年度出来高算定病院,30.0,60.0,完全一致,1.0,三好市国民健康保険市立三野病院,,
医療法人青鳳会美摩病院,徳島県,平成26年度出来高算定病院,23.0,97.0,サフィックス一致,0.9,美摩病院,,
医療法人社団研宣会広瀬病院,香川県,平成26年度出来高算定病院,23.0,43.0,完全一致,1.0,医療法人社団研宣会 広瀬病院,,
おおぞら病院,愛媛県,平成26年度出来高算定病院,23.0,108.0,完全一致,1.0,おおぞら病院,,
脳神経筋センターよしみず病院,山口県,平成26年度出来高算定病院,38.0,391.0,完全一致,1.0,脳神経筋センターよしみず病院,,
医療法人聖比留会セントヒル病院,山口県,平成26年度出来高算定病院,74.0,184.0,サフィックス一致,0.9,セントヒル病院,,
医療法人千寿会道後温泉病院,愛媛県,平成26年度出来高算定病院,0.0,224.0,完全一致,1.0,医療法人千寿会道後温泉病院,,
医療法人広仁会広瀬病院,愛媛県,平成26年度出来高算定病院,31.0,76.0,完全一致,1.0,医療法人広仁会 広瀬病院,,
一般社団法人喜多医師会喜多医師会病院,愛媛県,平成26年度出来高算定病院,62.0,199.0,サフィックス一致,0.9,喜多医師会病院,,
医療法人恕風会大洲記念病院,愛媛県,平成26年度出来高算定病院,50.0,95.0,サフィックス一致,0.9,大洲記念病院,,
医療法人川村会川村病院,高知県,平成26年度出来高算定病院,0.0,77.0,サフィックス一致,0.9,川村病院,,
医療法人地塩会南国中央病院,高知県,平成26年度出来高算定病院,26.0,99.0,サフィックス一致,0.9,南国中央病院,,
医療法人栄寿会天満病院,徳島県,平成26年度出来高算定病院,17.0,72.0,サフィックス一致,0.9,天満病院,,
医療法人愛生会兼松病院,徳島県,平成26年度出来高算定病院,30.0,86.0,サフィックス一致,0.9,兼松病院,,
福岡聖恵病院,福岡県,平成26年度出来高算定病院,0.0,288.0,完全一致,1.0,福岡聖恵病院,,
医療法人南川整形外科病院,福岡県,平成26年度出来高算定病院,60.0,117.0,完全一致,1.0,医療法人南川整形外科病院,,
医療法人順和長尾病院,福岡県,平成26年度出来高算定病院,18.0,123.0,サフィックス一致,0.9,長尾病院,,
医療法人社団誠仁会夫婦石病院,福岡県,平成26年度出来高算定病院,35.0,175.0,サフィックス一致,0.9,夫婦石病院,,
医療法人正弘会南折立病院,福岡県,平成26年度出来高算定病院,0.0,60.0,完全一致,1.0,医療法人正弘会 南折立病院,,
医療法人かぶとやま会久留米リハビリテーション病院,福岡県,平成26年度出来高算定病院,14.0,120.0,サフィックス一致,0.9,久留米リハビリテーション病院,,
社会医療法人真泉会　松山まどんな病院,愛媛県,平成26年度出来高算定病院,78.0,78.0,サフィックス一致,0.9,松山まどんな病院,,
医療法人聖愛会松山ベテル病院,愛媛県,平成26年度出来高算定病院,0.0,155.0,サフィックス一致,0.9,松山ベテル病院,,
医療法人平野同仁会津山第一病院,岡山県,平成26年度出来高算定病院,98.0,199.0,未結合,,,,
医療法人社団恵誠会大西病院,岡山県,平成26年度出来高算定病院,0.0,44.0,サフィックス一致,0.9,大西病院,,
公益社団法人赤磐医師会病院,岡山県,平成26年度出来高算定病院,51.0,245.0,完全一致,1.0,赤磐医師会病院,,
医療法人平病院,岡山県,平成26年度出来高算定病院,9.0,89.0,完全一致,1.0,医療法人平病院,,
医療法人みわ記念病院,岡山県,平成26年度出来高算定病院,0.0,60.0,完全一致,1.0,医療法人みわ記念病院,,
医療法人さとう記念病院,岡山県,平成26年度出来高算定病院,30.0,179.0,完全一致,1.0,さとう記念病院,,
藤井政雄記念病院,鳥取県,平成26年度出来高算定病院,7.0,120.0,完全一致,1.0,藤井政雄記念病院,,
岩美町国民健康保険岩美病院,鳥取県,平成26年度出来高算定病院,33.0,99.0,完全一致,1.0,岩美町国民健康保険岩美病院,,
高梁市国民健康保険成羽病院,岡山県,平成26年度出来高算定病院,22.0,96.0,完全一致,1.0,高梁市国民健康保険成羽病院,,
備前市国民健康保険市立吉永病院,岡山県,平成26年度出来高算定病院,50.0,50.0,完全一致,1.0,備前市国民健康保険市立吉永病院,,
たまの病院,岡山県,平成26年度出来高算定病院,23.0,190.0,サフィックス一致,0.9,地方独立行政法人玉野医療センターたまの病院,,
医療法人慈徳会真田病院,広島県,平成26年度出来高算定病院,14.0,50.0,サフィックス一致,0.9,真田病院,,
広島市医師会運営・安芸市民病院,広島県,平成26年度出来高算定病院,40.0,140.0,完全一致,1.0,広島市医師会運営・安芸市民病院,,
医療法人社団生和会　広島はくしま病院,広島県,平成26年度出来高算定病院,0.0,110.0,完全一致,1.0,医療法人社団　生和会　広島はくしま病院,,
医療法人社団藤田病院,岡山県,平成26年度出来高算定病院,37.0,99.0,完全一致,1.0,医療法人社団藤田病院,,
医療法人医誠会　児島中央病院,岡山県,平成26年度出来高算定病院,134.0,231.0,完全一致,1.0,医療法人医誠会 児島中央病院,,
社会福祉法人恩賜財団広島県済生会済生会呉病院,広島県,平成26年度出来高算定病院,23.0,150.0,完全一致,1.0,社会福祉法人恩賜財団広島県済生会 済生会呉病院,,
一般社団法人呉市医師会呉市医師会病院,広島県,平成26年度出来高算定病院,67.0,150.0,サフィックス一致,0.9,呉市医師会病院,,
医療法人清幸会　三原城町病院,広島県,平成26年度出来高算定病院,47.0,155.0,完全一致,1.0,医療法人清幸会三原城町病院,,
医療法人杏仁会松尾内科病院,広島県,平成26年度出来高算定病院,35.0,110.0,完全一致,1.0,医療法人杏仁会 松尾内科病院,,
一般社団法人三原市医師会三原市医師会病院,広島県,平成26年度出来高算定病院,102.0,200.0,サフィックス一致,0.9,三原市医師会病院,,
医療法人紅萌会福山記念病院,広島県,平成26年度出来高算定病院,0.0,99.0,完全一致,1.0,医療法人紅萌会 福山記念病院,,
医療法人三水会田尻病院,岡山県,平成26年度出来高算定病院,0.0,43.0,完全一致,1.0,医療法人三水会 田尻病院,,
笠岡市立市民病院,岡山県,平成26年度出来高算定病院,26.0,99.0,完全一致,1.0,笠岡市立市民病院,,
庄原市立西城市民病院,広島県,平成26年度出来高算定病院,44.0,54.0,完全一致,1.0,庄原市立西城市民病院,,
医療法人社団葵会本永病院,広島県,平成26年度出来高算定病院,44.0,182.0,サフィックス一致,0.9,本永病院,,
医療法人社団大谷会　島の病院おおたに,広島県,平成26年度出来高算定病院,0.0,96.0,サフィックス一致,0.9,島の病院おおたに,,
医療法人仁康会本郷中央病院,広島県,平成26年度出来高算定病院,0.0,81.0,完全一致,1.0,医療法人仁康会 本郷中央病院,,
県立安芸津病院,広島県,平成26年度出来高算定病院,69.0,98.0,完全一致,1.0,県立安芸津病院,,
医療法人慈彗会亀川病院,広島県,平成26年度出来高算定病院,0.0,74.0,完全一致,1.0,医療法人慈彗会 亀川病院,,
医療法人社団朋和会西広島リハビリテーション病院,広島県,平成26年度出来高算定病院,0.0,139.0,完全一致,1.0,医療法人社団朋和会西広島リハビリテーション病院,,
医療法人社団公仁会槇殿順記念病院,広島県,平成26年度出来高算定病院,28.0,28.0,完全一致,1.0,医療法人社団公仁会 槇殿順記念病院,,
石橋内科広畑センチュリー病院,兵庫県,平成26年度出来高算定病院,0.0,60.0,完全一致,1.0,石橋内科広畑センチュリー病院,,
公立村岡病院,兵庫県,平成26年度出来高算定病院,16.0,37.0,完全一致,1.0,公立村岡病院,,
医療法人財団春日野会春日野会病院,兵庫県,平成26年度出来高算定病院,21.0,60.0,サフィックス一致,0.9,春日野会病院,,
神戸マリナーズ厚生会病院,兵庫県,平成26年度出来高算定病院,83.0,199.0,完全一致,1.0,神戸マリナーズ厚生会病院,,
医療法人社団神戸低侵襲がん医療センター,兵庫県,平成26年度出来高算定病院,60.0,80.0,完全一致,1.0,神戸低侵襲がん医療センター,,
医療法人社団偕生会偕生病院,兵庫県,平成26年度出来高算定病院,0.0,75.0,サフィックス一致,0.9,偕生病院,,
医療法人社団紀洋会岡本病院,兵庫県,平成26年度出来高算定病院,0.0,93.0,サフィックス一致,0.9,岡本病院,,
医療法人社団薫楓会緑駿病院,兵庫県,平成26年度出来高算定病院,0.0,180.0,完全一致,1.0,医療法人社団薫楓会 緑駿病院,,
医療法人宝山会奈良小南病院,奈良県,平成26年度出来高算定病院,36.0,177.0,完全一致,1.0,医療法人宝山会 奈良小南病院,,
医療法人せいわ会　ならまちリハビリテーション病院,奈良県,平成26年度出来高算定病院,0.0,108.0,サフィックス一致,0.9,ならまちリハビリテーション病院,,
医療法人社団岡田会山の辺病院,奈良県,平成26年度出来高算定病院,49.0,101.0,サフィックス一致,0.9,医療法人社團岡田会山の辺病院,,
社会医療法人健生会土庫病院,奈良県,平成26年度出来高算定病院,103.0,199.0,完全一致,1.0,社会医療法人健生会土庫病院,,
医療法人橿原友紘会大和橿原病院,奈良県,平成26年度出来高算定病院,139.0,149.0,完全一致,1.0,医療法人橿原友紘会 大和橿原病院,,
医療法人果恵会恵王病院,奈良県,平成26年度出来高算定病院,37.0,105.0,サフィックス一致,0.9,恵王病院,,
医療法人社団慎正会みやそう病院,兵庫県,平成26年度出来高算定病院,0.0,97.0,サフィックス一致,0.9,みやそう病院,,
医療法人社団　仁德会　とくなが病院,兵庫県,平成26年度出来高算定病院,56.0,109.0,完全一致,1.0,医療法人社団仁德会　とくなが病院,,
医療法人千徳会桜ヶ丘病院,和歌山県,平成26年度出来高算定病院,0.0,99.0,サフィックス一致,0.9,桜ヶ丘病院,,
有田南病院,和歌山県,平成26年度出来高算定病院,26.0,71.0,完全一致,1.0,有田南病院,,
医療法人共栄会名手病院,和歌山県,平成26年度出来高算定病院,0.0,104.0,完全一致,1.0,医療法人 共栄会 名手病院,,
医療法人富田会富田病院,和歌山県,平成26年度出来高算定病院,33.0,103.0,サフィックス一致,0.9,富田病院,,
医療法人清生会谷口病院,鳥取県,平成26年度出来高算定病院,0.0,42.0,完全一致,1.0,医療法人清生会谷口病院,,
医療法人清和会垣田病院,鳥取県,平成26年度出来高算定病院,80.0,86.0,完全一致,1.0,医療法人清和会垣田病院,,
足立病院,兵庫県,平成26年度出来高算定病院,34.0,60.0,完全一致,1.0,足立病院,,
社会医療法人健生会吉田病院,奈良県,平成26年度出来高算定病院,43.0,312.0,未結合,,,,
日南町国民健康保険日南病院,鳥取県,平成26年度出来高算定病院,31.0,99.0,完全一致,1.0,日南町国民健康保険日南病院,,
日野病院組合日野病院,鳥取県,平成26年度出来高算定病院,74.0,99.0,サフィックス一致,0.9,日野病院,,
社会医療法人昌林会安来第一病院,島根県,平成26年度出来高算定病院,0.0,344.0,サフィックス一致,0.9,安来第一病院,,
飯南町立飯南病院,島根県,平成26年度出来高算定病院,38.0,48.0,完全一致,1.0,飯南町立飯南病院,,
加藤病院,島根県,平成26年度出来高算定病院,0.0,81.0,完全一致,1.0,加藤病院,,
医療法人自由会岡山光南病院,岡山県,平成26年度出来高算定病院,0.0,44.0,サフィックス一致,0.9,岡山光南病院,,
医療法人了生会古梅記念病院,和歌山県,平成26年度出来高算定病院,80.0,110.0,サフィックス一致,0.9,古梅記念病院,,
医療法人恵友会恵友病院,和歌山県,平成26年度出来高算定病院,0.0,50.0,完全一致,1.0,医療法人 恵友会 恵友病院,,
社会医療法人愛仁会愛仁会リハビリテーション病院,大阪府,平成26年度出来高算定病院,0.0,269.0,完全一致,1.0,社会医療法人愛仁会愛仁会リハビリテーション病院,,
一般財団法人淀川勤労者厚生協会附属西淀病院,大阪府,平成26年度出来高算定病院,50.0,218.0,完全一致,1.0,公益財団法人淀川勤労者厚生協会附属西淀病院,,
医療法人中本会中本病院,大阪府,平成26年度出来高算定病院,0.0,115.0,完全一致,1.0,医療法人中本会中本病院,,
医療法人朋愛会朋愛病院,大阪府,平成26年度出来高算定病院,53.0,199.0,完全一致,1.0,医療法人朋愛会朋愛病院,,
公益財団法人聖バルナバ病院,大阪府,平成26年度出来高算定病院,73.0,73.0,完全一致,1.0,公益財団法人聖バルナバ病院,,
特定医療法人仁生会内藤病院,大阪府,平成26年度出来高算定病院,11.0,72.0,完全一致,1.0,医療法人仁生会内藤病院,,
公益社団法人京都保健会吉祥院病院,京都府,平成26年度出来高算定病院,0.0,44.0,完全一致,1.0,公益社団法人京都保健会吉祥院病院,,
公益社団法人信和会　京都民医連あすかい病院,京都府,平成26年度出来高算定病院,43.0,165.0,完全一致,1.0,公益社団法人信和会京都民医連あすかい病院,,
医療法人みどり会中村病院,大阪府,平成26年度出来高算定病院,48.0,206.0,完全一致,1.0,医療法人みどり会中村病院,,
医療法人ラポール会青山病院,大阪府,平成26年度出来高算定病院,40.0,128.0,完全一致,1.0,医療法人ラポール会青山病院,,
医療法人清仁会水無瀬病院,大阪府,平成26年度出来高算定病院,57.0,117.0,完全一致,1.0,医療法人清仁会水無瀬病院,,
医療法人若葉会豊中若葉会病院,大阪府,平成26年度出来高算定病院,50.0,115.0,完全一致,1.0,医療法人若葉会豊中若葉会病院,,
医療法人成和会北大阪ほうせんか病院,大阪府,平成26年度出来高算定病院,32.0,212.0,完全一致,1.0,医療法人成和会北大阪ほうせんか病院,,
社会福祉法人大阪福祉事業財団すみれ病院,大阪府,平成26年度出来高算定病院,22.0,32.0,完全一致,1.0,社会福祉法人大阪福祉事業財団すみれ病院,,
医療法人全心会寝屋川ひかり病院,大阪府,平成26年度出来高算定病院,30.0,84.0,完全一致,1.0,医療法人全心会寝屋川ひかり病院,,
東和病院,大阪府,平成26年度出来高算定病院,0.0,155.0,完全一致,1.0,東和病院,,
医療法人正和会協和病院,大阪府,平成26年度出来高算定病院,0.0,178.0,完全一致,1.0,医療法人正和会協和病院,,
社会医療法人　緑風会　緑風会病院,大阪府,平成26年度出来高算定病院,88.0,142.0,完全一致,1.0,社会医療法人緑風会 緑風会病院,,
医療法人浩仁会南堺病院,大阪府,平成26年度出来高算定病院,50.0,153.0,サフィックス一致,0.9,南堺病院,,
東神戸病院,兵庫県,平成26年度出来高算定病院,41.0,154.0,完全一致,1.0,東神戸病院,,
社会医療法人社団正峰会　神戸大山病院,兵庫県,平成26年度出来高算定病院,36.0,120.0,完全一致,1.0,社会医療法人社団 正峰会 神戸大山病院,,
医療法人昭圭会南芦屋浜病院,兵庫県,平成26年度出来高算定病院,40.0,83.0,完全一致,1.0,医療法人昭圭会 南芦屋浜病院,,
医療法人藤井会大東中央病院,大阪府,平成26年度出来高算定病院,68.0,68.0,完全一致,1.0,医療法人藤井会大東中央病院,,
医療法人仁泉会仁泉会病院,大阪府,平成26年度出来高算定病院,62.0,140.0,完全一致,1.0,医療法人仁泉会仁泉会病院,,
医療法人社団せいゆう会神明病院,兵庫県,平成26年度出来高算定病院,0.0,71.0,完全一致,1.0,医療法人社団せいゆう会 神明病院,,
医療法人社団仁恵会　石井病院,兵庫県,平成26年度出来高算定病院,12.0,103.0,完全一致,1.0,医療法人社団仁恵会 石井病院,,
医療法人社団関田会ときわ病院,兵庫県,平成26年度出来高算定病院,0.0,188.0,サフィックス一致,0.9,ときわ病院,,
医療法人社団一陽会服部病院,兵庫県,平成26年度出来高算定病院,45.0,179.0,サフィックス一致,0.9,服部病院,,
医療法人尼崎厚生会立花病院,兵庫県,平成26年度出来高算定病院,28.0,272.0,完全一致,1.0,医療法人尼崎厚生会 立花病院,,
医療法人朗源会　おおくま病院,兵庫県,平成26年度出来高算定病院,0.0,147.0,完全一致,1.0,医療法人朗源会おおくま病院,,
社会医療法人大道会ボバース記念病院,大阪府,平成26年度出来高算定病院,0.0,98.0,完全一致,1.0,社会医療法人大道会ボバース記念病院,,
谷口病院,大阪府,平成26年度出来高算定病院,37.0,37.0,サフィックス一致,0.9,医療法人定生会谷口病院,,
上伊那医療生活協同組合上伊那生協病院,長野県,平成26年度出来高算定病院,0.0,148.0,サフィックス一致,0.9,上伊那生協病院,,
日本赤十字社長野県支部下伊那赤十字病院,長野県,平成26年度出来高算定病院,22.0,62.0,サフィックス一致,0.9,下伊那赤十字病院,,
医療法人社団登豊会近石病院,岐阜県,平成26年度出来高算定病院,39.0,125.0,サフィックス一致,0.9,近石病院,,
医療法人仁寿会タジミ第一病院,岐阜県,平成26年度出来高算定病院,0.0,50.0,サフィックス一致,0.9,タジミ第一病院,,
国民健康保険上矢作病院,岐阜県,平成26年度出来高算定病院,15.0,52.0,完全一致,1.0,国民健康保険上矢作病院,,
一般社団法人海津市医師会海津市医師会病院,岐阜県,平成26年度出来高算定病院,13.0,60.0,サフィックス一致,0.9,海津市医師会病院,,
長野県厚生農業協同組合連合会南長野医療センター新町病院,長野県,平成26年度出来高算定病院,28.0,135.0,完全一致,1.0,長野県厚生農業協同組合連合会南長野医療センター新町病院,,
山田記念朝日病院,長野県,平成26年度出来高算定病院,6.0,48.0,完全一致,1.0,山田記念 朝日病院,,
医療法人杏園会熱田リハビリテーション病院,愛知県,平成26年度出来高算定病院,0.0,160.0,完全一致,1.0,医療法人杏園会　熱田リハビリテーション病院,,
医療法人整友会豊橋整形外科江崎病院,愛知県,平成26年度出来高算定病院,26.0,26.0,サフィックス一致,0.9,豊橋整形外科江崎病院,,
医療法人宏和会あさい病院,愛知県,平成26年度出来高算定病院,50.0,120.0,完全一致,1.0,医療法人宏和会 あさい病院,,
医療法人豊寿会斉藤病院,愛知県,平成26年度出来高算定病院,45.0,69.0,完全一致,1.0,医療法人豊寿会 斉藤病院,,
小嶋病院,愛知県,平成26年度出来高算定病院,0.0,120.0,完全一致,1.0,小嶋病院,,
医療法人大医会日進おりど病院,愛知県,平成26年度出来高算定病院,91.0,129.0,完全一致,1.0,医療法人大医会 日進おりど病院,,
社会医療法人南信勤労者医療協会諏訪共立病院,長野県,平成26年度出来高算定病院,10.0,110.0,完全一致,1.0,社会医療法人南信勤労者医療協会諏訪共立病院,,
町立辰野病院,長野県,平成26年度出来高算定病院,63.0,100.0,完全一致,1.0,町立辰野病院,,
社会医療法人　尚徳会　ヨナハ丘の上病院,三重県,平成26年度出来高算定病院,66.0,185.0,サフィックス一致,0.9,ヨナハ丘の上病院,,
三重県厚生農業協同組合連合会大台厚生病院,三重県,平成26年度出来高算定病院,41.0,110.0,完全一致,1.0,三重県厚生農業協同組合連合会 大台厚生病院,,
長浜市立湖北病院,滋賀県,平成26年度出来高算定病院,40.0,117.0,完全一致,1.0,長浜市立湖北病院,,
社会福祉法人京都社会事業財団　京都からすま病院,京都府,平成26年度出来高算定病院,0.0,89.0,完全一致,1.0,社会福祉法人京都社会事業財団京都からすま病院,,
社会医療法人西陣健康会堀川病院,京都府,平成26年度出来高算定病院,50.0,154.0,完全一致,1.0,社会医療法人西陣健康会堀川病院,,
医療法人愛友会明石病院,京都府,平成26年度出来高算定病院,18.0,120.0,完全一致,1.0,医療法人愛友会明石病院,,
地方独立行政法人岐阜県立下呂温泉病院,岐阜県,平成26年度出来高算定病院,38.0,152.0,完全一致,1.0,岐阜県立下呂温泉病院,,
ＪＡ静岡厚生連中伊豆温泉病院,静岡県,平成26年度出来高算定病院,55.0,228.0,完全一致,1.0,ＪＡ静岡厚生連中伊豆温泉病院,,
医療法人徳洲会　六地蔵総合病院,京都府,平成26年度出来高算定病院,101.0,199.0,完全一致,1.0,医療法人徳洲会六地蔵総合病院,,
（公社）京都保健会京都協立病院,京都府,平成26年度出来高算定病院,0.0,99.0,サフィックス一致,0.9,公益社団法人京都保健会京都協立病院,,
明治国際医療大学附属病院,京都府,平成26年度出来高算定病院,23.0,114.0,完全一致,1.0,明治国際医療大学附属病院,,
医療法人社団　菫会　園部病院,京都府,平成26年度出来高算定病院,40.0,60.0,完全一致,1.0,医療法人社団菫会園部病院,,
独立行政法人国立病院機構宇多野病院,京都府,平成26年度出来高算定病院,50.0,340.0,完全一致,1.0,独立行政法人国立病院機構宇多野病院,,
医療法人淳康会堺近森病院,大阪府,平成26年度出来高算定病院,47.0,47.0,完全一致,1.0,医療法人淳康会堺近森病院,,
医療法人財団愛泉会愛知国際病院,愛知県,平成26年度出来高算定病院,0.0,72.0,完全一致,1.0,医療法人財団 愛泉会 愛知国際病院,,
尾張温泉かにえ病院,愛知県,平成26年度出来高算定病院,0.0,118.0,サフィックス一致,0.9,医療法人瑞頌会 尾張温泉かにえ病院,,
医療法人社団公仁会大和成和病院,神奈川県,平成26年度出来高算定病院,99.0,99.0,サフィックス一致,0.9,大和成和病院,,
医療法人社団健進会新津医療センター病院,新潟県,平成26年度出来高算定病院,40.0,146.0,サフィックス一致,0.9,新津医療センター病院,,
新潟県立柿崎病院,新潟県,平成26年度出来高算定病院,25.0,55.0,完全一致,1.0,新潟県立柿崎病院,,
新潟県厚生農業協同組合連合会けいなん総合病院,新潟県,平成26年度出来高算定病院,20.0,120.0,未結合,,,,
あがの市民病院,新潟県,平成26年度出来高算定病院,52.0,156.0,完全一致,1.0,あがの市民病院,,
新潟県立津川病院,新潟県,平成26年度出来高算定病院,14.0,42.0,完全一致,1.0,新潟県立津川病院,,
医療法人財団慈啓会大口東総合病院,神奈川県,平成26年度出来高算定病院,118.0,162.0,完全一致,1.0,医療法人財団慈啓会 大口東総合病院,,
医療法人回生会ふれあい横浜ホスピタル,神奈川県,平成26年度出来高算定病院,25.0,103.0,完全一致,1.0,医療法人回生会 ふれあい横浜ホスピタル,,
医療法人社団博友会金沢西病院,石川県,平成26年度出来高算定病院,44.0,166.0,完全一致,1.0,医療法人社団博友会 金沢西病院,,
医療法人社団映寿会　みらい病院,石川県,平成26年度出来高算定病院,24.0,150.0,サフィックス一致,0.9,みらい病院,,
公立河北中央病院,石川県,平成26年度出来高算定病院,46.0,60.0,完全一致,1.0,公立河北中央病院,,
医療法人社団新村病院,石川県,平成26年度出来高算定病院,0.0,47.0,完全一致,1.0,新村病院,,
国民健康保険能美市立病院,石川県,平成26年度出来高算定病院,25.0,88.0,完全一致,1.0,国民健康保険 能美市立病院,,
つくし野病院,福井県,平成26年度出来高算定病院,27.0,69.0,完全一致,1.0,つくし野病院,,
医療法人邦友会小田原循環器病院,神奈川県,平成26年度出来高算定病院,97.0,97.0,完全一致,1.0,医療法人邦友会 小田原循環器病院,,
医療法人社団仁恵会黒河内病院,神奈川県,平成26年度出来高算定病院,51.0,51.0,完全一致,1.0,医療法人社団仁恵会 黒河内病院,,
藤田神経内科病院,福井県,平成26年度出来高算定病院,15.0,40.0,完全一致,1.0,藤田神経内科病院,,
独立行政法人国立病院機構敦賀医療センター,福井県,平成26年度出来高算定病院,0.0,165.0,完全一致,1.0,独立行政法人国立病院機構敦賀医療センター,,
独立行政法人国立病院機構あわら病院,福井県,平成26年度出来高算定病院,0.0,172.0,完全一致,1.0,独立行政法人国立病院機構あわら病院,,
医療法人小宮山会貢川整形外科病院,山梨県,平成26年度出来高算定病院,53.0,53.0,サフィックス一致,0.9,貢川整形外科病院,,
医療法人慈光会甲府城南病院,山梨県,平成26年度出来高算定病院,74.0,298.0,サフィックス一致,0.9,甲府城南病院,,
医療法人銀門会甲州リハビリテーション病院,山梨県,平成26年度出来高算定病院,0.0,180.0,サフィックス一致,0.9,甲州リハビリテーション病院,,
富山医療生活協同組合富山協立病院,富山県,平成26年度出来高算定病院,0.0,164.0,完全一致,1.0,富山医療生活協同組合 富山協立病院,,
医療法人財団五省会西能みなみ病院,富山県,平成26年度出来高算定病院,0.0,88.0,完全一致,1.0,医療法人財団五省会　西能みなみ病院,,
医療法人研成会諏訪湖畔病院,長野県,平成26年度出来高算定病院,58.0,245.0,完全一致,1.0,医療法人研成会諏訪湖畔病院,,
医療法人元山会中村病院,長野県,平成26年度出来高算定病院,31.0,56.0,完全一致,1.0,医療法人元山会 中村病院,,
医療法人三世会金澤病院,長野県,平成26年度出来高算定病院,21.0,82.0,完全一致,1.0,医療法人三世会金澤病院,,
日本赤十字社長野県支部川西赤十字病院,長野県,平成26年度出来高算定病院,5.0,79.0,サフィックス一致,0.9,川西赤十字病院,,
東御市民病院,長野県,平成26年度出来高算定病院,0.0,60.0,完全一致,1.0,東御市民病院,,
佐久穂町立千曲病院,長野県,平成26年度出来高算定病院,0.0,79.0,完全一致,1.0,佐久穂町立千曲病院,,
光陽生協病院,福井県,平成26年度出来高算定病院,0.0,57.0,完全一致,1.0,光陽生協病院,,
社会医療法人　財団　中村病院,福井県,平成26年度出来高算定病院,157.0,199.0,完全一致,1.0,社会医療法人 財団 中村病院,,
医療法人鎗田病院,千葉県,平成26年度出来高算定病院,159.0,199.0,完全一致,1.0,医療法人鎗田病院,,
医療法人芙蓉会五井病院,千葉県,平成26年度出来高算定病院,80.0,210.0,完全一致,1.0,医療法人芙蓉会五井病院,,
医療法人一条会（社団）一条会病院,千葉県,平成26年度出来高算定病院,60.0,119.0,完全一致,1.0,医療法人一条会（社団）一条会病院,,
医療法人社団良知会共立習志野台病院,千葉県,平成26年度出来高算定病院,60.0,60.0,完全一致,1.0,医療法人社団良知会共立習志野台病院,,
国民健康保険町立八丈病院,東京都,平成26年度出来高算定病院,52.0,52.0,完全一致,1.0,国民健康保険町立八丈病院,,
東京保健生活協同組合東京健生病院,東京都,平成26年度出来高算定病院,0.0,94.0,サフィックス一致,0.9,東京健生病院,,
医療法人あかつき会はとがや病院,埼玉県,平成26年度出来高算定病院,0.0,100.0,完全一致,1.0,医療法人あかつき会はとがや病院,,
医療法人尚寿会狭山尚寿会病院,埼玉県,平成26年度出来高算定病院,0.0,706.0,完全一致,1.0,医療法人尚寿会狭山尚寿会病院,,
医療法人財団東京勤労者医療会代々木病院,東京都,平成26年度出来高算定病院,0.0,150.0,完全一致,1.0,医療法人財団東京勤労者医療会 代々木病院,,
社会医療法人社団健友会中野共立病院,東京都,平成26年度出来高算定病院,0.0,110.0,完全一致,1.0,社会医療法人社団健友会 中野共立病院,,
社会福祉法人浴風会浴風会病院,東京都,平成26年度出来高算定病院,0.0,199.0,完全一致,1.0,社会福祉法人浴風会浴風会病院,,
医療法人社団日心会総合病院一心病院,東京都,平成26年度出来高算定病院,48.0,107.0,完全一致,1.0,医療法人社団日心会 総合病院一心病院,,
医療法人社団仁泉会としま昭和病院,東京都,平成26年度出来高算定病院,0.0,46.0,完全一致,1.0,医療法人社団仁泉会 としま昭和病院,,
社会医療法人社団光仁会第一病院,東京都,平成26年度出来高算定病院,78.0,125.0,完全一致,1.0,社会医療法人社団光仁会 第一病院,,
医療法人社団晴山会平山病院,千葉県,平成26年度出来高算定病院,30.0,190.0,完全一致,1.0,医療法人社団晴山会平山病院,,
医療法人社団永生会新八千代病院,千葉県,平成26年度出来高算定病院,0.0,295.0,完全一致,1.0,医療法人社団永生会新八千代病院,,
社会医療法人社団　愛有会　久米川病院,東京都,平成26年度出来高算定病院,0.0,40.0,完全一致,1.0,社会医療法人社団 愛有会 久米川病院,,
医療法人社団慶泉会町田慶泉病院,東京都,平成26年度出来高算定病院,50.0,144.0,完全一致,1.0,医療法人社団慶泉会 町田慶泉病院,,
医療法人社団慈敬会府中医王病院,東京都,平成26年度出来高算定病院,40.0,98.0,完全一致,1.0,医療法人社団慈敬会府中医王病院,,
地方独立行政法人東京都立病院機構　東京都立神経病院,東京都,平成26年度出来高算定病院,70.0,274.0,完全一致,1.0,地方独立行政法人東京都立病院機構　東京都立神経病院,,
天本病院,東京都,平成26年度出来高算定病院,36.0,179.0,完全一致,1.0,天本病院,,
国立大学法人東京大学医科学研究所附属病院,東京都,平成26年度出来高算定病院,122.0,122.0,完全一致,1.0,東京大学医科学研究所附属病院,,
医療法人青峰会くじらホスピタル,東京都,平成26年度出来高算定病院,0.0,101.0,完全一致,1.0,医療法人青峰会 くじらホスピタル,,
医療法人社団静恒会本多病院,東京都,平成26年度出来高算定病院,29.0,47.0,完全一致,1.0,医療法人社団静恒会 本多病院,,
関東病院,神奈川県,平成26年度出来高算定病院,0.0,199.0,完全一致,1.0,医療法人 関東病院,,
医療法人すこやか高田中央病院,神奈川県,平成26年度出来高算定病院,11.0,60.0,完全一致,1.0,医療法人すこやか 高田中央病院,,
医療生協かながわ生活協同組合戸塚病院,神奈川県,平成26年度出来高算定病院,41.0,93.0,完全一致,1.0,医療生協かながわ生活協同組合 戸塚病院,,
医療法人社団福寿会愛川北部病院,神奈川県,平成26年度出来高算定病院,50.0,150.0,サフィックス一致,0.9,愛川北部病院,,
一般財団法人鎌倉病院,神奈川県,平成26年度出来高算定病院,34.0,67.0,完全一致,1.0,一般財団法人鎌倉病院,,
特定医療法人グループ・プラクティス研究会藤沢御所見病院,神奈川県,平成26年度出来高算定病院,0.0,154.0,サフィックス一致,0.9,藤沢御所見病院,,
医療法人社団嬉泉会嬉泉病院,東京都,平成26年度出来高算定病院,26.0,60.0,完全一致,1.0,医療法人嬉泉会嬉泉病院,,
社会福祉法人緑風会緑風荘病院,東京都,平成26年度出来高算定病院,51.0,199.0,サフィックス一致,0.9,緑風荘病院,,
医療法人社団輝峰会東取手病院,茨城県,平成26年度出来高算定病院,53.0,77.0,サフィックス一致,0.9,東取手病院,,
さくらがわ地域医療センター,茨城県,平成26年度出来高算定病院,70.0,128.0,完全一致,1.0,さくらがわ地域医療センター,,
医療法人英心会倉持病院,栃木県,平成26年度出来高算定病院,60.0,60.0,サフィックス一致,0.9,倉持病院,,
医療法人宏仁会本庄記念病院,栃木県,平成26年度出来高算定病院,2.0,92.0,サフィックス一致,0.9,本庄記念病院,,
一般財団法人とちぎメディカルセンター　とちぎメディカルセンターとちのき,栃木県,平成26年度出来高算定病院,42.0,250.0,サフィックス一致,0.9,とちぎメディカルセンターとちのき,,
医療法人社団友志会野木病院,栃木県,平成26年度出来高算定病院,0.0,52.0,サフィックス一致,0.9,野木病院,,
一般財団法人広南会広南病院,宮城県,平成26年度出来高算定病院,138.0,207.0,完全一致,1.0,一般財団法人広南会 広南病院,,
医療法人運忠会土崎病院,秋田県,平成26年度出来高算定病院,16.0,110.0,完全一致,1.0,医療法人運忠会 土崎病院,,
医療法人中央群馬脳神経外科病院,群馬県,平成26年度出来高算定病院,49.0,88.0,完全一致,1.0,医療法人中央群馬脳神経外科病院,,
医療法人菊栄会渋川中央病院,群馬県,平成26年度出来高算定病院,48.0,153.0,サフィックス一致,0.9,渋川中央病院,,
医療法人社団三思会くすの木病院,群馬県,平成26年度出来高算定病院,80.0,214.0,完全一致,1.0,医療法人社団三思会 くすの木病院,,
公立碓氷病院,群馬県,平成26年度出来高算定病院,50.0,149.0,完全一致,1.0,公立碓氷病院,,
公益財団法人群馬慈恵会松井田病院,群馬県,平成26年度出来高算定病院,0.0,119.0,サフィックス一致,0.9,松井田病院,,
医療法人三省会堀江病院,群馬県,平成26年度出来高算定病院,133.0,178.0,サフィックス一致,0.9,堀江病院,,
福島県厚生農業協同組合連合会鹿島厚生病院,福島県,平成26年度出来高算定病院,0.0,60.0,完全一致,1.0,福島県厚生農業協同組合連合会鹿島厚生病院,,
済生会川俣病院,福島県,平成26年度出来高算定病院,0.0,90.0,完全一致,1.0,済生会川俣病院,,
医療法人財団新生会大宮共立病院,埼玉県,平成26年度出来高算定病院,0.0,240.0,サフィックス一致,0.9,大宮共立病院,,
医療法人社団嬉泉会春日部嬉泉病院,埼玉県,平成26年度出来高算定病院,52.0,60.0,完全一致,1.0,医療法人社団嬉泉会春日部嬉泉病院,,
医療法人社団庄和会庄和中央病院,埼玉県,平成26年度出来高算定病院,31.0,47.0,完全一致,1.0,医療法人社団庄和会庄和中央病院,,
医療法人蓮江病院,埼玉県,平成26年度出来高算定病院,29.0,53.0,完全一致,1.0,蓮江病院,,
医療法人　社団協友会　埼玉回生病院,埼玉県,平成26年度出来高算定病院,0.0,311.0,サフィックス一致,0.9,医療法人社団協友会埼玉回生病院,,
医療法人社団愛友会　上尾中央第二病院,埼玉県,平成26年度出来高算定病院,0.0,186.0,完全一致,1.0,医療法人社団愛友会上尾中央第二病院,,
医療法人大誠会内田病院,群馬県,平成26年度出来高算定病院,0.0,99.0,サフィックス一致,0.9,内田病院,,
医療法人樹心会角田病院,群馬県,平成26年度出来高算定病院,30.0,125.0,サフィックス一致,0.9,角田病院,,
医療法人一晃会小林病院,埼玉県,平成26年度出来高算定病院,12.0,95.0,サフィックス一致,0.9,小林病院,,
医療法人柏成会青木病院,埼玉県,平成26年度出来高算定病院,10.0,47.0,完全一致,1.0,医療法人柏成会青木病院,,
国保町立小鹿野中央病院,埼玉県,平成26年度出来高算定病院,45.0,95.0,未結合,,,,
社会医療法人社団　堀ノ内病院,埼玉県,平成26年度出来高算定病院,161.0,199.0,サフィックス一致,0.9,堀ノ内病院,,
医療法人社団幸正会岩槻南病院,埼玉県,平成26年度出来高算定病院,30.0,30.0,完全一致,1.0,医療法人社団幸正会岩槻南病院,,
医療法人柏葉会柏戸病院,千葉県,平成26年度出来高算定病院,86.0,170.0,完全一致,1.0,医療法人柏葉会 柏戸病院,,
医療法人川久保病院,埼玉県,平成26年度出来高算定病院,39.0,39.0,完全一致,1.0,医療法人川久保病院,,
医療法人ヘブロン会大宮中央総合病院,埼玉県,平成26年度出来高算定病院,165.0,255.0,完全一致,1.0,医療法人ヘブロン会大宮中央総合病院,,
医療法人回生会大西病院,北海道,平成26年度出来高算定病院,86.0,251.0,サフィックス一致,0.9,大西病院,,
医療法人唐沢病院,北海道,平成26年度出来高算定病院,60.0,60.0,完全一致,1.0,医療法人唐沢病院,,
豊岡中央病院,北海道,平成26年度出来高算定病院,42.0,122.0,完全一致,1.0,豊岡中央病院,,
医療法人社団博彰会　旭川記念病院,北海道,平成26年度出来高算定病院,0.0,118.0,完全一致,1.0,医療法人社団博彰会旭川記念病院,,
道北勤医協一条通病院,北海道,平成26年度出来高算定病院,14.0,151.0,完全一致,1.0,道北勤医協一条通病院,,
医療法人社団慈成会東旭川病院,北海道,平成26年度出来高算定病院,46.0,107.0,完全一致,1.0,医療法人社団慈成会東旭川病院,,
医療法人社団康仁会中田泌尿器科病院,北海道,平成26年度出来高算定病院,28.0,28.0,完全一致,1.0,医療法人社団康仁会 中田泌尿器科病院,,
医療法人エム・ティー・エヌ北海道泌尿器科記念病院,北海道,平成26年度出来高算定病院,40.0,40.0,サフィックス一致,0.9,北海道泌尿器科記念病院,,
置戸赤十字病院,北海道,平成26年度出来高算定病院,0.0,95.0,完全一致,1.0,置戸赤十字病院,,
津別病院,北海道,平成26年度出来高算定病院,60.0,60.0,完全一致,1.0,津別病院,,
医療法人北翔会岩見沢北翔会病院,北海道,平成26年度出来高算定病院,0.0,99.0,完全一致,1.0,医療法人北翔会岩見沢北翔会病院,,
医療法人千隆会岸原病院,青森県,平成26年度出来高算定病院,0.0,90.0,サフィックス一致,0.9,岸原病院,,
つがる西北五広域連合かなぎ病院,青森県,平成26年度出来高算定病院,13.0,50.0,完全一致,1.0,つがる西北五広域連合かなぎ病院,,
国民健康保険おいらせ病院,青森県,平成26年度出来高算定病院,34.0,73.0,完全一致,1.0,国民健康保険おいらせ病院,,
医療法人北光会朝里中央病院,北海道,平成26年度出来高算定病院,20.0,155.0,完全一致,1.0,医療法人 北光会 朝里中央病院,,
社会福祉法人北海道社会事業協会岩内病院,北海道,平成26年度出来高算定病院,14.0,91.0,完全一致,1.0,社会福祉法人北海道社会事業協会岩内病院,,
独立行政法人国立病院機構　盛岡医療センター,岩手県,平成26年度出来高算定病院,0.0,243.0,完全一致,1.0,独立行政法人国立病院機構盛岡医療センター,,
医療法人金上仁友会金上病院,宮城県,平成26年度出来高算定病院,0.0,86.0,完全一致,1.0,医療法人金上仁友会金上病院,,
スズキ記念病院,宮城県,平成26年度出来高算定病院,59.0,59.0,完全一致,1.0,スズキ記念病院,,
栗原市立栗駒病院,宮城県,平成26年度出来高算定病院,0.0,45.0,完全一致,1.0,栗原市立栗駒病院,,
医療法人友仁会松島病院,宮城県,平成26年度出来高算定病院,0.0,54.0,サフィックス一致,0.9,松島病院,,
宮城利府掖済会病院,宮城県,平成26年度出来高算定病院,50.0,100.0,完全一致,1.0,宮城利府掖済会病院,,
医療法人臨生会吉田病院,北海道,平成26年度出来高算定病院,0.0,60.0,完全一致,1.0,医療法人臨生会吉田病院,,
医療法人社団刀圭会協立病院,北海道,平成26年度出来高算定病院,45.0,120.0,完全一致,1.0,医療法人社団刀圭会協立病院,,
医療法人舟山病院,山形県,平成26年度出来高算定病院,60.0,164.0,完全一致,1.0,医療法人 舟山病院,,
医療生活協同組合やまがた　鶴岡協立病院,山形県,平成26年度出来高算定病院,17.0,188.0,サフィックス一致,0.9,鶴岡協立病院,,
医療法人　健友会　本間病院,山形県,平成26年度出来高算定病院,33.0,158.0,サフィックス一致,0.9,医療法人本間病院,,
小国町立病院,山形県,平成26年度出来高算定病院,0.0,26.0,完全一致,1.0,小国町立病院,,
郡山医療生活協同組合桑野協立病院,福島県,平成26年度出来高算定病院,0.0,100.0,サフィックス一致,0.9,桑野協立病院,,
医療法人佐原病院,福島県,平成26年度出来高算定病院,0.0,128.0,完全一致,1.0,医療法人 佐原病院,,
医療法人青樹会　内丸病院,岩手県,平成26年度出来高算定病院,31.0,90.0,完全一致,1.0,医療法人青樹会内丸病院,,
盛岡医療生活協同組合川久保病院,岩手県,平成26年度出来高算定病院,10.0,120.0,完全一致,1.0,盛岡医療生活協同組合川久保病院,,
医療法人養気会池井病院,宮崎県,平成26年度出来高算定病院,0.0,76.0,完全一致,1.0,医療法人養気会池井病院,,
医療法人隆徳会鶴田病院,宮崎県,平成26年度出来高算定病院,50.0,153.0,完全一致,1.0,隆徳会 鶴田病院,,
地方独立行政法人　西都児湯医療センター,宮崎県,平成26年度出来高算定病院,69.0,69.0,完全一致,1.0,地方独立行政法人西都児湯医療センター,,
医療法人宏仁会海老原総合病院,宮崎県,平成26年度出来高算定病院,32.0,173.0,サフィックス一致,0.9,海老原総合病院,,
医療法人一誠会三宅病院,鹿児島県,平成26年度出来高算定病院,25.0,130.0,サフィックス一致,0.9,三宅病院,,
医療法人聖心会かごしま高岡病院,鹿児島県,平成26年度出来高算定病院,0.0,64.0,サフィックス一致,0.9,かごしま高岡病院,,
社会医療法人社団大久保病院,大分県,平成26年度出来高算定病院,27.0,90.0,サフィックス一致,0.9,大久保病院,,
医療法人メディケアアライアンスあおぞら病院,大分県,平成26年度出来高算定病院,14.0,54.0,サフィックス一致,0.9,あおぞら病院,,
社会医療法人　卓翔会　卓翔会記念病院,鹿児島県,平成26年度出来高算定病院,0.0,199.0,サフィックス一致,0.9,卓翔会記念病院,,
社会医療法人　人天会　鹿児島こども病院,鹿児島県,平成26年度出来高算定病院,30.0,30.0,サフィックス一致,0.9,鹿児島こども病院,,
医療法人杏林会丸田病院,鹿児島県,平成26年度出来高算定病院,13.0,53.0,サフィックス一致,0.9,丸田病院,,
医療法人美﨑会国分中央病院,鹿児島県,平成26年度出来高算定病院,0.0,140.0,未結合,,,,
医療法人松城会隼人温泉病院,鹿児島県,平成26年度出来高算定病院,0.0,125.0,サフィックス一致,0.9,隼人温泉病院,,
クオラリハビリテーション病院,鹿児島県,平成26年度出来高算定病院,33.0,172.0,完全一致,1.0,クオラリハビリテーション病院,,
医療法人社団嘉祥会岡村病院,宮崎県,平成26年度出来高算定病院,0.0,57.0,サフィックス一致,0.9,岡村病院,,
延岡市医師会病院,宮崎県,平成26年度出来高算定病院,39.0,55.0,完全一致,1.0,延岡市医師会病院,,
医療法人栄和会寺田病院,鹿児島県,平成26年度出来高算定病院,70.0,87.0,サフィックス一致,0.9,寺田病院,,
医療法人社団土田病院,北海道,平成26年度出来高算定病院,42.0,134.0,完全一致,1.0,医療法人社団 土田病院,,
医療法人藻友会札幌いしやま病院,北海道,平成26年度出来高算定病院,60.0,60.0,完全一致,1.0,医療法人藻友会 札幌いしやま病院,,
医療法人尚仁会真栄病院,北海道,平成26年度出来高算定病院,37.0,166.0,完全一致,1.0,医療法人尚仁会 真栄病院,,
社会医療法人札幌清田整形外科病院,北海道,平成26年度出来高算定病院,32.0,109.0,完全一致,1.0,社会医療法人 札幌清田整形外科病院,,
医療法人社団豊志会肛門科なかやま病院,北海道,平成26年度出来高算定病院,47.0,47.0,完全一致,1.0,医療法人社団豊志会 肛門科なかやま病院,,
医療法人恵愛会上村病院,鹿児島県,平成26年度出来高算定病院,16.0,46.0,完全一致,1.0,医療法人恵愛会上村病院,,
医療法人大誠会若松記念病院,鹿児島県,平成26年度出来高算定病院,0.0,56.0,サフィックス一致,0.9,若松記念病院,,
医療法人社団藤花会江別谷藤病院,北海道,平成26年度出来高算定病院,0.0,122.0,完全一致,1.0,医療法人社団藤花会江別谷藤病院,,
社会医療法人函館博栄会函館渡辺病院,北海道,平成26年度出来高算定病院,120.0,515.0,サフィックス一致,0.9,函館渡辺病院,,
社会医療法人仁生会西堀病院,北海道,平成26年度出来高算定病院,16.0,168.0,完全一致,1.0,社会医療法人仁生会西堀病院,,
医療法人社団健和会函館おおむら整形外科病院,北海道,平成26年度出来高算定病院,56.0,56.0,完全一致,1.0,医療法人社団健和会函館おおむら整形外科病院,,
八雲総合病院,北海道,平成26年度出来高算定病院,95.0,310.0,完全一致,1.0,八雲総合病院,,
社会福祉法人函館厚生院ななえ新病院,北海道,平成26年度出来高算定病院,0.0,199.0,サフィックス一致,0.9,ななえ新病院,,
公益社団法人薩摩郡医師会薩摩郡医師会病院,鹿児島県,平成26年度出来高算定病院,60.0,116.0,サフィックス一致,0.9,薩摩郡医師会病院,,
医療法人徳洲会瀬戸内徳洲会病院,鹿児島県,平成26年度出来高算定病院,44.0,60.0,サフィックス一致,0.9,瀬戸内徳洲会病院,,
特定医療法人萬生会熊本第一病院,熊本県,平成26年度出来高算定病院,41.0,125.0,サフィックス一致,0.9,熊本第一病院,,
医療法人桜十字桜十字病院,熊本県,平成26年度出来高算定病院,0.0,630.0,サフィックス一致,0.9,桜十字病院,,
医療法人田中会武蔵ヶ丘病院,熊本県,平成26年度出来高算定病院,45.0,145.0,サフィックス一致,0.9,武蔵ヶ丘病院,,
医療法人室原会菊南病院,熊本県,平成26年度出来高算定病院,0.0,150.0,サフィックス一致,0.9,菊南病院,,
医療法人社団如水会嶋田病院,熊本県,平成26年度出来高算定病院,18.0,48.0,サフィックス一致,0.9,嶋田病院,,
西村内科・脳神経外科病院,熊本県,平成26年度出来高算定病院,44.0,44.0,完全一致,1.0,西村内科・脳神経外科病院,,
医療法人仁徳会今村病院,佐賀県,平成26年度出来高算定病院,0.0,50.0,完全一致,1.0,医療法人仁徳会 今村病院,,
医療法人天心堂志田病院,佐賀県,平成26年度出来高算定病院,0.0,80.0,完全一致,1.0,医療法人天心堂志田病院,,
愛生記念病院,熊本県,平成26年度出来高算定病院,44.0,71.0,完全一致,1.0,愛生記念病院,,
医療法人杏林会　新生翠病院,熊本県,平成26年度出来高算定病院,0.0,99.0,サフィックス一致,0.9,新生翠病院,,
医療法人春水会山鹿中央病院,熊本県,平成26年度出来高算定病院,45.0,120.0,サフィックス一致,0.9,山鹿中央病院,,
特定医療法人萬生会合志第一病院,熊本県,平成26年度出来高算定病院,36.0,128.0,サフィックス一致,0.9,合志第一病院,,
医療法人社団熊本清仁会菊陽台病院,熊本県,平成26年度出来高算定病院,25.0,74.0,サフィックス一致,0.9,菊陽台病院,,
医療法人堀尾会熊本託麻台リハビリテーション病院,熊本県,平成26年度出来高算定病院,0.0,142.0,サフィックス一致,0.9,熊本託麻台リハビリテーション病院,,
日本赤十字社長崎県支部日本赤十字社長崎原爆諫早病院,長崎県,平成26年度出来高算定病院,39.0,122.0,サフィックス一致,0.9,日本赤十字社長崎原爆諫早病院,,
医療法人東陽会東病院,熊本県,平成26年度出来高算定病院,29.0,63.0,完全一致,1.0,医療法人東陽会 東病院,,
医療法人大川産婦人科病院,大分県,平成26年度出来高算定病院,40.0,40.0,完全一致,1.0,大川産婦人科病院,,
医療法人畏敬会井野辺病院,大分県,平成26年度出来高算定病院,0.0,119.0,サフィックス一致,0.9,井野辺病院,,
大分循環器病院,大分県,平成26年度出来高算定病院,79.0,99.0,サフィックス一致,0.9,医療法人輝心会 大分循環器病院,,
医療法人社団仁泉会畑病院,大分県,平成26年度出来高算定病院,5.0,58.0,未結合,,,,
医療法人慈仁会酒井病院,大分県,平成26年度出来高算定病院,22.0,76.0,サフィックス一致,0.9,酒井病院,,
社会医療法人小寺会佐伯中央病院,大分県,平成26年度出来高算定病院,42.0,149.0,サフィックス一致,0.9,佐伯中央病院,,
熊本泌尿器科病院,熊本県,平成26年度出来高算定病院,28.0,52.0,完全一致,1.0,熊本泌尿器科病院,,
くまもと南部広域病院,熊本県,平成26年度出来高算定病院,0.0,198.0,完全一致,1.0,くまもと南部広域病院,,
日出児玉病院,大分県,平成26年度出来高算定病院,0.0,56.0,完全一致,1.0,日出児玉病院,,
医療法人玖寿会協心橋病院,大分県,平成26年度出来高算定病院,0.0,56.0,未結合,,,,
医療法人社団晴緑会宮崎医療センター病院,宮崎県,平成26年度出来高算定病院,30.0,292.0,サフィックス一致,0.9,宮崎医療センター病院,,
医療法人社団仁和会竹内病院,宮崎県,平成26年度出来高算定病院,5.0,83.0,完全一致,1.0,医療法人社団仁和会 竹内病院,,
医療法人陽明会増田病院,宮崎県,平成26年度出来高算定病院,0.0,51.0,完全一致,1.0,医療法人陽明会 増田病院,,
医療法人社団牧会小牧病院,宮崎県,平成26年度出来高算定病院,27.0,52.0,完全一致,1.0,医療法人社団牧会 小牧病院,,
社会福祉法人恩賜財団済生会みすみ病院,熊本県,平成26年度出来高算定病院,27.0,112.0,サフィックス一致,0.9,済生会みすみ病院,,
大分県医療生活協同組合大分健生病院,大分県,平成26年度出来高算定病院,45.0,130.0,サフィックス一致,0.9,大分健生病院,,
医療法人財団博愛会博愛会病院,福岡県,平成26年度出来高算定病院,0.0,145.0,サフィックス一致,0.9,博愛会病院,,
医療法人寺沢病院,福岡県,平成26年度出来高算定病院,42.0,86.0,完全一致,1.0,医療法人寺沢病院,,
医療法人春成会樋口病院,福岡県,平成26年度出来高算定病院,50.0,60.0,完全一致,1.0,医療法人春成会 樋口病院,,
医療法人小西第一病院,福岡県,平成26年度出来高算定病院,28.0,120.0,完全一致,1.0,医療法人 小西第一病院,,
医療法人社団俊聖会甘木中央病院,福岡県,平成26年度出来高算定病院,60.0,180.0,サフィックス一致,0.9,甘木中央病院,,
医療法人親仁会みさき病院,福岡県,平成26年度出来高算定病院,0.0,144.0,サフィックス一致,0.9,みさき病院,,
医療法人社団正信会水戸病院,福岡県,平成26年度出来高算定病院,0.0,82.0,完全一致,1.0,医療法人社団正信会水戸病院,,
医療法人泯江堂三野原病院,福岡県,平成26年度出来高算定病院,0.0,150.0,完全一致,1.0,泯江堂三野原病院,,
医療法人博愛会頴田病院,福岡県,平成26年度出来高算定病院,32.0,96.0,完全一致,1.0,医療法人博愛会 頴田病院,,
医療法人仁正会鎌田病院,福岡県,平成26年度出来高算定病院,0.0,60.0,完全一致,1.0,医療法人仁正会 鎌田病院,,
医療法人相生会宮田病院,福岡県,平成26年度出来高算定病院,52.0,218.0,完全一致,1.0,医療法人相生会 宮田病院,,
医療法人健愛会健愛記念病院,福岡県,平成26年度出来高算定病院,40.0,80.0,完全一致,1.0,医療法人健愛会 健愛記念病院,,
医療法人秋桜会新中間病院,福岡県,平成26年度出来高算定病院,30.0,137.0,サフィックス一致,0.9,新中間病院,,
医療法人健美会佐々木病院,福岡県,平成26年度出来高算定病院,6.0,74.0,完全一致,1.0,医療法人健美会佐々木病院,,
医療法人弘医会福岡鳥飼病院,福岡県,平成26年度出来高算定病院,57.0,177.0,完全一致,1.0,医療法人弘医会 福岡鳥飼病院,,
日本赤十字社福岡県支部今津赤十字病院,福岡県,平成26年度出来高算定病院,0.0,180.0,サフィックス一致,0.9,今津赤十字病院,,
医療法人敬天会東和病院,福岡県,平成26年度出来高算定病院,33.0,199.0,サフィックス一致,0.9,東和病院,,
医療法人慈恵会慈恵曽根病院,福岡県,平成26年度出来高算定病院,14.0,55.0,サフィックス一致,0.9,慈恵曽根病院,,
医療法人社団恵友会霧ヶ丘つだ病院,福岡県,平成26年度出来高算定病院,38.0,69.0,サフィックス一致,0.9,霧ヶ丘 つだ病院,,
医療法人同愛会　サンテ溝上病院,佐賀県,平成26年度出来高算定病院,15.0,75.0,完全一致,1.0,医療法人同愛会サンテ溝上病院,,
一般社団法人唐津東松浦医師会唐津東松浦医師会医療センター,佐賀県,平成26年度出来高算定病院,36.0,50.0,サフィックス一致,0.9,唐津東松浦医師会医療センター,,
医療法人整和会副島整形外科病院,佐賀県,平成26年度出来高算定病院,16.0,54.0,完全一致,1.0,医療法人整和会副島整形外科病院,,
医療法人社団親和会共立病院,福岡県,平成26年度出来高算定病院,0.0,139.0,完全一致,1.0,医療法人社団親和会 共立病院,,
医療法人洗心会児嶋病院,福岡県,平成26年度出来高算定病院,22.0,44.0,完全一致,1.0,医療法人洗心会 児嶋病院,,
医療法人ロコメディカル江口病院,佐賀県,平成26年度出来高算定病院,0.0,98.0,サフィックス一致,0.9,江口病院,,
多久市立病院,佐賀県,平成26年度出来高算定病院,60.0,105.0,完全一致,1.0,多久市立病院,,
医療法人社団東洋会池田病院,長崎県,平成26年度出来高算定病院,0.0,82.0,サフィックス一致,0.9,池田病院,,
医療法人博愛会哲翁病院,長崎県,平成26年度出来高算定病院,0.0,88.0,サフィックス一致,0.9,哲翁病院,,
独立行政法人国立病院機構長崎病院,長崎県,平成26年度出来高算定病院,0.0,278.0,完全一致,1.0,独立行政法人国立病院機構　長崎病院,,
地方独立行政法人北松中央病院,長崎県,平成26年度出来高算定病院,129.0,144.0,完全一致,1.0,北松中央病院,,
医療法人社団明愛会大平メディカルケア病院,福岡県,平成26年度出来高算定病院,20.0,164.0,サフィックス一致,0.9,大平メディカルケア病院,,
医療法人香林会香月中央病院,福岡県,平成26年度出来高算定病院,25.0,60.0,完全一致,1.0,医療法人香林会 香月中央病院,,
医療法人聖光会鷹の子病院,愛媛県,平成26年度出来高算定病院,20.0,60.0,完全一致,1.0,医療法人聖光会 鷹の子病院,,
医療法人社団慈生会松山城東病院,愛媛県,平成26年度出来高算定病院,30.0,90.0,サフィックス一致,0.9,松山城東病院,,
消化器科久保病院,愛媛県,平成26年度出来高算定病院,0.0,39.0,完全一致,1.0,消化器科久保病院,,
医療法人陽成会広瀬病院,愛媛県,平成26年度出来高算定病院,10.0,57.0,サフィックス一致,0.9,広瀬病院,,
社会医療法人真泉会今治第一病院,愛媛県,平成26年度出来高算定病院,90.0,90.0,完全一致,1.0,社会医療法人真泉会　今治第一病院,,
医療法人聖ルカ会木原病院,愛媛県,平成26年度出来高算定病院,49.0,73.0,サフィックス一致,0.9,木原病院,,
医療法人錦病院,山口県,平成26年度出来高算定病院,40.0,40.0,完全一致,1.0,錦病院,,
医療法人山口平成会山口平成病院,山口県,平成26年度出来高算定病院,0.0,140.0,サフィックス一致,0.9,山口平成病院,,
医療法人明生会長谷川病院,愛媛県,平成26年度出来高算定病院,0.0,100.0,サフィックス一致,0.9,長谷川病院,,
医療法人社団樹人会北条病院,愛媛県,平成26年度出来高算定病院,15.0,60.0,サフィックス一致,0.9,北条病院,,
愛媛県立南宇和病院,愛媛県,平成26年度出来高算定病院,49.0,87.0,完全一致,1.0,愛媛県立南宇和病院,,
医療法人山口会高知厚生病院,高知県,平成26年度出来高算定病院,16.0,42.0,サフィックス一致,0.9,高知厚生病院,,
高知医療生活協同組合高知生協病院,高知県,平成26年度出来高算定病院,52.0,114.0,サフィックス一致,0.9,高知生協病院,,
医療法人永島会永井病院,高知県,平成26年度出来高算定病院,0.0,40.0,サフィックス一致,0.9,永井病院,,
医療法人中川病院,愛媛県,平成26年度出来高算定病院,17.0,40.0,完全一致,1.0,中川病院,,
社会医療法人笠置記念胸部外科 松山笠置記念心臓血管病院,愛媛県,平成26年度出来高算定病院,48.0,48.0,サフィックス一致,0.9,松山笠置記念心臓血管病院,,
医療法人創治竹本病院,高知県,平成26年度出来高算定病院,30.0,131.0,サフィックス一致,0.9,竹本病院,,
医療法人互生会筒井病院,高知県,平成26年度出来高算定病院,0.0,56.0,サフィックス一致,0.9,筒井病院,,
佐川町立高北国民健康保険病院,高知県,平成26年度出来高算定病院,40.0,98.0,完全一致,1.0,佐川町立高北国民健康保険病院,,
前田病院,高知県,平成26年度出来高算定病院,0.0,60.0,完全一致,1.0,前田病院,,
医療法人愛風会さく病院,福岡県,平成26年度出来高算定病院,44.0,172.0,サフィックス一致,0.9,さく病院,,
医療法人相生会福岡みらい病院,福岡県,平成26年度出来高算定病院,40.0,418.0,完全一致,1.0,医療法人相生会 福岡みらい病院,,
医療法人順天会放射線第一病院,愛媛県,平成26年度出来高算定病院,88.0,110.0,サフィックス一致,0.9,放射線第一病院,,
新居浜協立病院,愛媛県,平成26年度出来高算定病院,0.0,99.0,完全一致,1.0,新居浜協立病院,,
医療法人社団原道会摩利支病院,福岡県,平成26年度出来高算定病院,33.0,70.0,サフィックス一致,0.9,摩利支病院,,
医療法人光洋会赤間病院,福岡県,平成26年度出来高算定病院,16.0,86.0,完全一致,1.0,医療法人光洋会 赤間病院,,
医療法人社団朝菊会昭和病院,福岡県,平成26年度出来高算定病院,65.0,141.0,完全一致,1.0,医療法人社団朝菊会 昭和病院,,
医療法人財団華林会村上華林堂病院,福岡県,平成26年度出来高算定病院,40.0,160.0,サフィックス一致,0.9,村上華林堂病院,,
医療法人原信会原口病院循環器科内科,福岡県,平成26年度出来高算定病院,24.0,48.0,完全一致,1.0,医療法人原信会 原口病院循環器科内科,,
医療法人聖峰会聖峰会マリン病院,福岡県,平成26年度出来高算定病院,57.0,85.0,サフィックス一致,0.9,聖峰会マリン病院,,
医療法人須崎会高陵病院,高知県,平成26年度出来高算定病院,40.0,129.0,サフィックス一致,0.9,高陵病院,,
四万十市立市民病院,高知県,平成26年度出来高算定病院,15.0,55.0,サフィックス一致,0.9,四万十市国民健康保険四万十市立市民病院,,
医療法人社団輔仁会太田川病院,広島県,平成26年度出来高算定病院,37.0,214.0,サフィックス一致,0.9,太田川病院,,
広島中央保健生活協同組合生協さえき病院,広島県,平成26年度出来高算定病院,0.0,114.0,サフィックス一致,0.9,生協さえき病院,,
医療法人社団聖愛会ぎおん牛田病院,広島県,平成26年度出来高算定病院,0.0,90.0,完全一致,1.0,医療法人社団聖愛会ぎおん牛田病院,,
地方独立行政法人広島市立病院機構広島市立舟入市民病院,広島県,平成26年度出来高算定病院,152.0,152.0,完全一致,1.0,地方独立行政法人 広島市立病院機構 広島市立舟入市民病院,,
福島生協病院,広島県,平成26年度出来高算定病院,61.0,165.0,完全一致,1.0,福島生協病院,,
医療法人社団啓卯会村上記念病院,広島県,平成26年度出来高算定病院,0.0,52.0,完全一致,1.0,医療法人社団啓卯会 村上記念病院,,
医療法人東浩会石川病院,岡山県,平成26年度出来高算定病院,0.0,68.0,サフィックス一致,0.9,石川病院,,
医療法人吉備会中谷外科病院,岡山県,平成26年度出来高算定病院,9.0,40.0,サフィックス一致,0.9,中谷外科病院,,
医療法人社団宏仁会寺岡整形外科病院,広島県,平成26年度出来高算定病院,50.0,122.0,完全一致,1.0,医療法人社団宏仁会 寺岡整形外科病院,,
三次地区医療センター,広島県,平成26年度出来高算定病院,0.0,99.0,完全一致,1.0,三次地区医療センター,,
医療法人社団貴和会佐伯中央病院,広島県,平成26年度出来高算定病院,0.0,38.0,サフィックス一致,0.9,佐伯中央病院,,
安芸太田病院,広島県,平成26年度出来高算定病院,0.0,95.0,完全一致,1.0,安芸太田病院,,
光風園病院,山口県,平成26年度出来高算定病院,0.0,285.0,完全一致,1.0,光風園病院,,
山口県済生会豊浦病院,山口県,平成26年度出来高算定病院,95.0,226.0,サフィックス一致,0.9,済生会豊浦病院,,
国立病院機構岡山市立金川病院,岡山県,平成26年度出来高算定病院,0.0,30.0,完全一致,1.0,国立病院機構岡山市立金川病院,,
医療法人たかまさ会山﨑病院,広島県,平成26年度出来高算定病院,32.0,148.0,サフィックス一致,0.9,山﨑病院,,
社会医療法人　いち樹会　尾中病院,山口県,平成26年度出来高算定病院,14.0,110.0,サフィックス一致,0.9,尾中病院,,
医療法人協愛会阿知須共立病院,山口県,平成26年度出来高算定病院,45.0,135.0,サフィックス一致,0.9,阿知須共立病院,,
地域医療支援病院オープンシステム徳山医師会病院,山口県,平成26年度出来高算定病院,87.0,282.0,完全一致,1.0,地域医療支援病院オープンシステム徳山医師会病院,,
医療法人神徳会三田尻病院,山口県,平成26年度出来高算定病院,49.0,128.0,完全一致,1.0,医療法人神徳会三田尻病院,,
医療法人社団松友会松本外科病院,山口県,平成26年度出来高算定病院,36.0,80.0,サフィックス一致,0.9,松本外科病院,,
医療法人康淳会緑町三祐病院,山口県,平成26年度出来高算定病院,0.0,86.0,サフィックス一致,0.9,緑町三祐病院,,
因島医師会病院,広島県,平成26年度出来高算定病院,42.0,197.0,完全一致,1.0,因島医師会病院,,
社会医療法人定和会神原病院,広島県,平成26年度出来高算定病院,60.0,105.0,サフィックス一致,0.9,神原病院,,
医療法人社団向陽会阿知須同仁病院,山口県,平成26年度出来高算定病院,30.0,78.0,サフィックス一致,0.9,阿知須同仁病院,,
医療法人平成博愛会博愛記念病院,徳島県,平成26年度出来高算定病院,0.0,210.0,サフィックス一致,0.9,博愛記念病院,,
医療法人松風会江藤病院,徳島県,平成26年度出来高算定病院,0.0,92.0,サフィックス一致,0.9,江藤病院,,
阿波病院,徳島県,平成26年度出来高算定病院,0.0,40.0,完全一致,1.0,阿波病院,,
香川医療生活協同組合高松平和病院,香川県,平成26年度出来高算定病院,57.0,123.0,サフィックス一致,0.9,高松平和病院,,
医療法人社団　重仁　まるがめ医療センター,香川県,平成26年度出来高算定病院,0.0,245.0,サフィックス一致,0.9,まるがめ医療センター,,
医療生活協同組合健文会宇部協立病院,山口県,平成26年度出来高算定病院,53.0,159.0,サフィックス一致,0.9,宇部協立病院,,
医療法人和同会宇部西リハビリテーション病院,山口県,平成26年度出来高算定病院,0.0,250.0,完全一致,1.0,医療法人和同会　宇部西リハビリテーション病院,,
春日病院,兵庫県,平成26年度出来高算定病院,0.0,80.0,完全一致,1.0,春日病院,,
医療法人社団菫会伊川谷病院,兵庫県,平成26年度出来高算定病院,58.0,115.0,完全一致,1.0,医療法人社団 菫会 伊川谷病院,,
医療法人三友会なでしこレディースホスピタル,兵庫県,平成26年度出来高算定病院,36.0,36.0,完全一致,1.0,医療法人三友会なでしこレディースホスピタル,,
さかえ病院,兵庫県,平成26年度出来高算定病院,34.0,99.0,完全一致,1.0,さかえ病院,,
社会医療法人健生会おかたに病院,奈良県,平成26年度出来高算定病院,11.0,150.0,完全一致,1.0,社会医療法人健生会おかたに病院,,
医療法人鴻池会秋津鴻池病院,奈良県,平成26年度出来高算定病院,0.0,544.0,完全一致,1.0,医療法人鴻池会秋津鴻池病院,,
医療法人社団淡路平成会平成病院,兵庫県,平成26年度出来高算定病院,0.0,137.0,サフィックス一致,0.9,平成病院,,
明石回生病院,兵庫県,平成26年度出来高算定病院,58.0,155.0,完全一致,1.0,明石回生病院,,
医療法人三車会貴志川リハビリテーション病院,和歌山県,平成26年度出来高算定病院,26.0,168.0,サフィックス一致,0.9,貴志川リハビリテーション病院,,
医療法人研医会田辺中央病院,和歌山県,平成26年度出来高算定病院,50.0,106.0,完全一致,1.0,医療法人研医会田辺中央病院,,
国民健康保険智頭病院,鳥取県,平成26年度出来高算定病院,37.0,99.0,完全一致,1.0,国民健康保険智頭病院,,
医療法人社団創健会松江記念病院,島根県,平成26年度出来高算定病院,17.0,115.0,サフィックス一致,0.9,松江記念病院,,
出雲市民病院,島根県,平成26年度出来高算定病院,0.0,180.0,完全一致,1.0,出雲市民病院,,
町立奥出雲病院,島根県,平成26年度出来高算定病院,0.0,98.0,完全一致,1.0,町立奥出雲病院,,
社会医療法人三栄会　三栄会広畑病院,兵庫県,平成26年度出来高算定病院,0.0,130.0,完全一致,1.0,社会医療法人三栄会三栄会広畑病院,,
医療法人社団甲北会甲北病院,兵庫県,平成26年度出来高算定病院,12.0,68.0,サフィックス一致,0.9,甲北病院,,
隠岐広域連合立隠岐病院,島根県,平成26年度出来高算定病院,42.0,115.0,完全一致,1.0,隠岐広域連合立隠岐病院,,
医療法人岡山水清会　岡山水清会病院,岡山県,平成26年度出来高算定病院,15.0,60.0,完全一致,1.0,医療法人岡山水清会 岡山水清会病院,,
地方独立行政法人岡山県精神科医療センター,岡山県,平成26年度出来高算定病院,0.0,219.0,未結合,,,,
医療法人和香会倉敷スイートホスピタル,岡山県,平成26年度出来高算定病院,0.0,196.0,完全一致,1.0,医療法人和香会 倉敷スイートホスピタル,,
玉島協同病院,岡山県,平成26年度出来高算定病院,38.0,108.0,完全一致,1.0,玉島協同病院,,
プライムホスピタル玉島,岡山県,平成26年度出来高算定病院,40.0,77.0,サフィックス一致,0.9,医療法人賀新会 プライムホスピタル玉島,,
医療法人曙会和歌浦中央病院,和歌山県,平成26年度出来高算定病院,50.0,162.0,完全一致,1.0,医療法人 曙会 和歌浦中央病院,,
伏虎リハビリテーション病院,和歌山県,平成26年度出来高算定病院,0.0,67.0,サフィックス一致,0.9,医療法人匡慈会伏虎リハビリテーション病院,,
医療法人緑十字会笠岡中央病院,岡山県,平成26年度出来高算定病院,15.0,60.0,完全一致,1.0,医療法人緑十字会 笠岡中央病院,,
医療法人おだうじ会小田病院,岡山県,平成26年度出来高算定病院,0.0,33.0,完全一致,1.0,医療法人おだうじ会 小田病院,,
社会医療法人清風会日本原病院,岡山県,平成26年度出来高算定病院,0.0,60.0,完全一致,1.0,社会医療法人清風会日本原病院,,
岡山赤十字玉野病院,岡山県,平成26年度出来高算定病院,7.0,83.0,完全一致,1.0,岡山赤十字玉野病院,,
済生会吉備病院,岡山県,平成26年度出来高算定病院,0.0,75.0,完全一致,1.0,済生会吉備病院,,
備前市国民健康保険市立備前病院,岡山県,平成26年度出来高算定病院,34.0,90.0,完全一致,1.0,備前市国民健康保険市立備前病院,,
邑智郡公立病院組合公立邑智病院,島根県,平成26年度出来高算定病院,57.0,98.0,サフィックス一致,0.9,公立邑智病院,,
津和野共存病院,島根県,平成26年度出来高算定病院,13.0,49.0,完全一致,1.0,津和野共存病院,,
医療法人ガラシア会ガラシア病院,大阪府,平成26年度出来高算定病院,0.0,104.0,完全一致,1.0,医療法人ガラシア会ガラシア病院,,
医療法人同友会共和病院,大阪府,平成26年度出来高算定病院,32.0,160.0,完全一致,1.0,医療法人同友会共和病院,,
医療法人りんどう会向山病院,大阪府,平成26年度出来高算定病院,11.0,85.0,完全一致,1.0,医療法人りんどう会向山病院,,
関西医科大学くずは病院,大阪府,平成26年度出来高算定病院,0.0,94.0,完全一致,1.0,関西医科大学くずは病院,,
医療法人彰療会大正病院,大阪府,平成26年度出来高算定病院,0.0,145.0,完全一致,1.0,医療法人彰療会大正病院,,
医療法人永寿会福島病院,大阪府,平成26年度出来高算定病院,74.0,97.0,完全一致,1.0,医療法人永寿会福島病院,,
医療法人芙蓉会南草津病院,滋賀県,平成26年度出来高算定病院,0.0,137.0,完全一致,1.0,医療法人芙蓉会南草津病院,,
冨田病院,京都府,平成26年度出来高算定病院,26.0,99.0,サフィックス一致,0.9,社会福祉法人京都博愛会冨田病院,,
医療法人善正会上田病院,大阪府,平成26年度出来高算定病院,74.0,94.0,完全一致,1.0,医療法人善正会上田病院,,
医療法人　渡辺医学会　桜橋渡辺未来医療病院,大阪府,平成26年度出来高算定病院,113.0,113.0,完全一致,1.0,医療法人渡辺医学会桜橋渡辺未来医療病院,,
医療法人正清会金剛病院,大阪府,平成26年度出来高算定病院,0.0,60.0,完全一致,1.0,医療法人正清会金剛病院,,
医療法人仁風会牧野病院,大阪府,平成26年度出来高算定病院,0.0,180.0,完全一致,1.0,医療法人仁風会牧野病院,,
医療法人宝持会池田病院,大阪府,平成26年度出来高算定病院,89.0,199.0,完全一致,1.0,医療法人宝持会池田病院,,
医療法人恵泉会　堺平成病院,大阪府,平成26年度出来高算定病院,0.0,296.0,完全一致,1.0,医療法人恵泉会堺平成病院,,
医療法人健和会うえだ下田部病院,大阪府,平成26年度出来高算定病院,28.0,116.0,完全一致,1.0,特定医療法人健和会うえだ下田部病院,,
一般財団法人岸和田農友協会岸和田平成病院,大阪府,平成26年度出来高算定病院,0.0,149.0,完全一致,1.0,一般財団法人岸和田農友協会岸和田平成病院,,
医療法人樫本会樫本病院,大阪府,平成26年度出来高算定病院,0.0,199.0,完全一致,1.0,医療法人樫本会樫本病院,,
医療法人泉南玉井会玉井病院,大阪府,平成26年度出来高算定病院,24.0,75.0,サフィックス一致,0.9,玉井病院,,
六甲病院,兵庫県,平成26年度出来高算定病院,55.0,163.0,完全一致,1.0,六甲病院,,
医療法人社団菫会北須磨病院,兵庫県,平成26年度出来高算定病院,70.0,144.0,完全一致,1.0,医療法人社団菫会 北須磨病院,,
医療法人喜望会谷向病院,兵庫県,平成26年度出来高算定病院,32.0,180.0,サフィックス一致,0.9,谷向病院,,
洲本伊月病院,兵庫県,平成26年度出来高算定病院,66.0,178.0,完全一致,1.0,洲本伊月病院,,
摂津ひかり病院,大阪府,平成26年度出来高算定病院,3.0,50.0,完全一致,1.0,摂津ひかり病院,,
摂津医誠会病院,大阪府,平成26年度出来高算定病院,111.0,170.0,未結合,,,,
医療法人社団佳生会野木病院,兵庫県,平成26年度出来高算定病院,40.0,99.0,サフィックス一致,0.9,野木病院,,
江井島病院,兵庫県,平成26年度出来高算定病院,31.0,120.0,完全一致,1.0,江井島病院,,
多可赤十字病院,兵庫県,平成26年度出来高算定病院,40.0,96.0,完全一致,1.0,多可赤十字病院,,
医療法人仁寿会石川病院,兵庫県,平成26年度出来高算定病院,0.0,206.0,完全一致,1.0,医療法人仁寿会石川病院,,
特定医療法人光寿会城陽江尻病院,兵庫県,平成26年度出来高算定病院,77.0,157.0,サフィックス一致,0.9,城陽江尻病院,,
姫路医療生活協同組合共立病院,兵庫県,平成26年度出来高算定病院,0.0,48.0,完全一致,1.0,姫路医療生活協同組合共立病院,,
社会医療法人生長会ベルピアノ病院,大阪府,平成26年度出来高算定病院,0.0,192.0,サフィックス一致,0.9,ベルピアノ病院,,
医療法人仁悠会吉川病院,大阪府,平成26年度出来高算定病院,37.0,90.0,未結合,,,,
医療法人社団慶桜会東可児病院,岐阜県,平成26年度出来高算定病院,99.0,99.0,完全一致,1.0,医療法人社団慶桜会 東可児病院,,
医療法人社団静岡健生会三島共立病院,静岡県,平成26年度出来高算定病院,0.0,84.0,完全一致,1.0,医療法人社団 静岡健生会 三島共立病院,,
日本赤十字社静岡県支部裾野赤十字病院,静岡県,平成26年度出来高算定病院,27.0,98.0,サフィックス一致,0.9,裾野赤十字病院,,
一般財団法人恵愛会聖隷富士病院,静岡県,平成26年度出来高算定病院,42.0,117.0,サフィックス一致,0.9,聖隷富士病院,,
医療法人米田病院,愛知県,平成26年度出来高算定病院,42.0,54.0,完全一致,1.0,医療法人米田病院,,
医療法人珪山会鵜飼病院,愛知県,平成26年度出来高算定病院,0.0,120.0,完全一致,1.0,医療法人珪山会 鵜飼病院,,
公益社団法人山梨勤労者医療協会巨摩共立病院,山梨県,平成26年度出来高算定病院,7.0,151.0,サフィックス一致,0.9,巨摩共立病院,,
医療法人公生会竹重病院,長野県,平成26年度出来高算定病院,22.0,72.0,完全一致,1.0,医療法人公生会　竹重病院,,
医療法人笠寺病院,愛知県,平成26年度出来高算定病院,0.0,128.0,完全一致,1.0,医療法人笠寺病院,,
医療法人名南会名南病院,愛知県,平成26年度出来高算定病院,49.0,157.0,サフィックス一致,0.9,名南病院,,
第一なるみ病院,愛知県,平成26年度出来高算定病院,42.0,130.0,完全一致,1.0,第一なるみ病院,,
医療法人清水会相生山病院,愛知県,平成26年度出来高算定病院,56.0,162.0,完全一致,1.0,医療法人清水会 相生山病院,,
社会医療法人名古屋記念財団　新生会第一病院,愛知県,平成26年度出来高算定病院,27.0,144.0,サフィックス一致,0.9,新生会第一病院,,
医療法人尾張健友会千秋病院,愛知県,平成26年度出来高算定病院,50.0,294.0,完全一致,1.0,医療法人尾張健友会 千秋病院,,
医療法人社団友愛会岩砂病院・岩砂マタニティ,岐阜県,平成26年度出来高算定病院,48.0,132.0,サフィックス一致,0.9,岩砂病院・岩砂マタニティ,,
医療法人録三会太田病院,岐阜県,平成26年度出来高算定病院,30.0,89.0,サフィックス一致,0.9,太田病院,,
医療法人秋田病院,愛知県,平成26年度出来高算定病院,92.0,150.0,完全一致,1.0,秋田病院,,
医療法人生寿会五条川リハビリテーション病院,愛知県,平成26年度出来高算定病院,40.0,160.0,完全一致,1.0,医療法人生寿会 五条川リハビリテーション病院,,
国立研究開発法人国立長寿医療研究センター,愛知県,平成26年度出来高算定病院,250.0,345.0,完全一致,1.0,国立研究開発法人国立長寿医療研究センター,,
医療法人社団山中胃腸科病院,三重県,平成26年度出来高算定病院,38.0,93.0,完全一致,1.0,医療法人社団山中胃腸科病院,,
医療法人尚豊会みたき総合病院,三重県,平成26年度出来高算定病院,71.0,199.0,完全一致,1.0,医療法人尚豊会 みたき総合病院,,
医療法人三重ハートセンター,三重県,平成26年度出来高算定病院,45.0,45.0,完全一致,1.0,三重ハートセンター,,
医療法人偕行会偕行会城西病院,愛知県,平成26年度出来高算定病院,0.0,120.0,サフィックス一致,0.9,偕行会城西病院,,
医療法人生寿会かわな病院,愛知県,平成26年度出来高算定病院,26.0,53.0,完全一致,1.0,医療法人 生寿会 かわな病院,,
医療法人相馬病院,京都府,平成26年度出来高算定病院,34.0,99.0,完全一致,1.0,医療法人相馬病院,,
医療法人社団淀さんせん会金井病院,京都府,平成26年度出来高算定病院,43.0,128.0,完全一致,1.0,医療法人社団淀さんせん会金井病院,,
医療法人大泉会大仙病院,大阪府,平成26年度出来高算定病院,6.0,30.0,完全一致,1.0,医療法人大泉会大仙病院,,
医療法人敬任会南河内おか病院,大阪府,平成26年度出来高算定病院,41.0,99.0,完全一致,1.0,医療法人敬任会南河内おか病院,,
医療法人庸愛会富田町病院,大阪府,平成26年度出来高算定病院,0.0,60.0,完全一致,1.0,医療法人庸愛会富田町病院,,
医療法人祥佑会藤田胃腸科病院,大阪府,平成26年度出来高算定病院,33.0,33.0,完全一致,1.0,医療法人祥佑会藤田胃腸科病院,,
医療法人青山病院,愛知県,平成26年度出来高算定病院,21.0,89.0,完全一致,1.0,医療法人青山病院,,
医療法人慈和会吉田整形外科病院,愛知県,平成26年度出来高算定病院,78.0,78.0,完全一致,1.0,医療法人慈和会 吉田整形外科病院,,
医療法人横浜平成会平成横浜病院,神奈川県,平成26年度出来高算定病院,50.0,183.0,サフィックス一致,0.9,平成横浜病院,,
宗教法人寒川神社寒川病院,神奈川県,平成26年度出来高算定病院,80.0,99.0,完全一致,1.0,宗教法人寒川神社 寒川病院,,
医療法人湘和会湘南記念病院,神奈川県,平成26年度出来高算定病院,50.0,143.0,完全一致,1.0,医療法人湘和会 湘南記念病院,,
鎌倉ヒロ病院,神奈川県,平成26年度出来高算定病院,0.0,79.0,完全一致,1.0,鎌倉ヒロ病院,,
医療法人篠原湘南クリニック クローバーホスピタル,神奈川県,平成26年度出来高算定病院,0.0,170.0,未結合,,,,
医療法人　湘南みらい　湘南第一病院,神奈川県,平成26年度出来高算定病院,94.0,94.0,サフィックス一致,0.9,湘南第一病院,,
医療法人社団玉栄会東京天使病院,東京都,平成26年度出来高算定病院,39.0,122.0,完全一致,1.0,医療法人社団玉栄会東京天使病院,,
一般財団法人仁和会総合病院,東京都,平成26年度出来高算定病院,42.0,157.0,完全一致,1.0,一般財団法人仁和会総合病院,,
医療法人社団哺育会横浜相原病院,神奈川県,平成26年度出来高算定病院,0.0,330.0,完全一致,1.0,医療法人社団哺育会　横浜相原病院,,
医療法人光陽会横浜いずみ台病院,神奈川県,平成26年度出来高算定病院,0.0,176.0,完全一致,1.0,医療法人光陽会 横浜いずみ台病院,,
医療法人社団山本記念会山本記念病院,神奈川県,平成26年度出来高算定病院,10.0,131.0,サフィックス一致,0.9,山本記念病院,,
医療法人社団共生会中条中央病院,新潟県,平成26年度出来高算定病院,43.0,90.0,サフィックス一致,0.9,中条中央病院,,
医療法人社団健心会坂東病院,富山県,平成26年度出来高算定病院,17.0,48.0,サフィックス一致,0.9,坂東病院,,
医療法人社団秋桜丸川病院,富山県,平成26年度出来高算定病院,38.0,38.0,サフィックス一致,0.9,丸川病院,,
国立研究開発法人国立精神・神経医療研究センター病院,東京都,平成26年度出来高算定病院,50.0,418.0,完全一致,1.0,国立研究開発法人 国立精神・神経医療研究センター病院,,
医療法人三星会大倉山記念病院,神奈川県,平成26年度出来高算定病院,0.0,114.0,サフィックス一致,0.9,大倉山記念病院,,
医療法人社団愛康会小松ソフィア病院,石川県,平成26年度出来高算定病院,5.0,48.0,サフィックス一致,0.9,小松ソフィア病院,,
公立宇出津総合病院,石川県,平成26年度出来高算定病院,100.0,100.0,完全一致,1.0,公立宇出津総合病院,,
医療法人福井愛育病院,福井県,平成26年度出来高算定病院,102.0,102.0,完全一致,1.0,医療法人福井愛育病院,,
池端病院,福井県,平成26年度出来高算定病院,0.0,30.0,完全一致,1.0,池端病院,,
医療法人至要会広瀬病院,福井県,平成26年度出来高算定病院,12.0,126.0,サフィックス一致,0.9,広瀬病院,,
越前町国民健康保険織田病院,福井県,平成26年度出来高算定病院,27.0,55.0,完全一致,1.0,越前町国民健康保険織田病院,,
医療法人同愛会小澤病院,神奈川県,平成26年度出来高算定病院,202.0,202.0,完全一致,1.0,医療法人 同愛会 小澤病院,,
医療法人社団哺育会さがみリハビリテーション病院,神奈川県,平成26年度出来高算定病院,0.0,130.0,完全一致,1.0,医療法人社団哺育会 さがみリハビリテーション病院,,
医療法人健救会柳澤病院,長野県,平成26年度出来高算定病院,18.0,98.0,未結合,,,,
医療法人仁和会整形外科上田花園病院,長野県,平成26年度出来高算定病院,4.0,36.0,未結合,,,,
医療法人雨宮病院,長野県,平成26年度出来高算定病院,0.0,54.0,完全一致,1.0,医療法人雨宮病院,,
医療法人社団幸紀会安江病院,岐阜県,平成26年度出来高算定病院,40.0,60.0,完全一致,1.0,医療法人社団幸紀会安江病院,,
医療法人社団誠広会平野総合病院,岐阜県,平成26年度出来高算定病院,87.0,187.0,完全一致,1.0,医療法人社団 誠広会 平野総合病院,,
医療法人和光会山田病院,岐阜県,平成26年度出来高算定病院,28.0,113.0,完全一致,1.0,医療法人 和光会 山田病院,,
医療法人社団橘会整形外科米澤病院,石川県,平成26年度出来高算定病院,39.0,72.0,サフィックス一致,0.9,整形外科米澤病院,,
医療法人社団さくら会森田病院,石川県,平成26年度出来高算定病院,10.0,99.0,完全一致,1.0,医療法人社団さくら会 森田病院,,
医療法人明星会東条病院,千葉県,平成26年度出来高算定病院,0.0,52.0,完全一致,1.0,医療法人明星会東条病院,,
医療法人社団愛信会佐倉中央病院,千葉県,平成26年度出来高算定病院,78.0,96.0,完全一致,1.0,医療法人社団愛信会佐倉中央病院,,
医療法人財団厚生会古川橋病院,東京都,平成26年度出来高算定病院,12.0,49.0,完全一致,1.0,医療法人財団厚生会 古川橋病院,,
医療法人財団順和会山王病院,東京都,平成26年度出来高算定病院,78.0,78.0,完全一致,1.0,医療法人財団順和会 山王病院,,
公益財団法人心臓血管研究所付属病院,東京都,平成26年度出来高算定病院,74.0,74.0,完全一致,1.0,公益財団法人 心臓血管研究所付属病院,,
社会福祉法人恩賜財団済生会支部東京都済生会向島病院,東京都,平成26年度出来高算定病院,36.0,102.0,未結合,,,,
医療法人社団清心会至聖病院,埼玉県,平成26年度出来高算定病院,85.0,95.0,完全一致,1.0,医療法人社団清心会至聖病院,,
医療法人豊岡整形外科病院,埼玉県,平成26年度出来高算定病院,0.0,72.0,完全一致,1.0,医療法人豊岡整形外科病院,,
医療法人財団寿康会寿康会病院,東京都,平成26年度出来高算定病院,0.0,49.0,完全一致,1.0,医療法人財団寿康会 寿康会病院,,
医療法人社団　空と大地　大崎病院　東京ハートセンター,東京都,平成26年度出来高算定病院,88.0,88.0,サフィックス一致,0.9,大崎病院 東京ハートセンター,,
医療法人社団菫会目黒病院,東京都,平成26年度出来高算定病院,54.0,60.0,完全一致,1.0,医療法人社団菫会 目黒病院,,
医療法人財団中島記念会大森山王病院,東京都,平成26年度出来高算定病院,0.0,65.0,完全一致,1.0,医療法人財団中島記念会 大森山王病院,,
医療法人社団杏順会越川病院,東京都,平成26年度出来高算定病院,12.0,46.0,完全一致,1.0,医療法人社団杏順会 越川病院,,
医療法人社団哺育会　杉並リハビリテーション病院,東京都,平成26年度出来高算定病院,0.0,101.0,完全一致,1.0,医療法人社団 哺育会 杉並リハビリテーション病院,,
医療法人社団　東邦鎌谷病院,千葉県,平成26年度出来高算定病院,60.0,120.0,完全一致,1.0,医療法人社団東邦鎌谷病院,,
長生郡市広域市町村圏組合公立長生病院,千葉県,平成26年度出来高算定病院,98.0,128.0,サフィックス一致,0.9,公立長生病院,,
医療法人財団朔望会常盤台外科病院,東京都,平成26年度出来高算定病院,68.0,99.0,完全一致,1.0,医療法人財団朔望会 常盤台外科病院,,
医療法人社団叡宥会安田病院,東京都,平成26年度出来高算定病院,0.0,43.0,完全一致,1.0,医療法人社団叡宥会 安田病院,,
東京保健生活協同組合大泉生協病院,東京都,平成26年度出来高算定病院,47.0,94.0,サフィックス一致,0.9,大泉生協病院,,
医療法人財団健和会柳原病院,東京都,平成26年度出来高算定病院,0.0,90.0,完全一致,1.0,医療法人財団健和会 柳原病院,,
医療法人財団慈光会堀切中央病院,東京都,平成26年度出来高算定病院,52.0,127.0,完全一致,1.0,医療法人財団慈光会 堀切中央病院,,
医療法人社団五十鈴会坂本病院,東京都,平成26年度出来高算定病院,6.0,97.0,完全一致,1.0,医療法人社団五十鈴会坂本病院,,
医療法人社団仁寿会中村病院,東京都,平成26年度出来高算定病院,0.0,130.0,完全一致,1.0,医療法人社団仁寿会中村病院,,
社会医療法人財団正明会山田記念病院,東京都,平成26年度出来高算定病院,56.0,140.0,完全一致,1.0,医療法人財団正明会 山田記念病院,,
社会福祉法人浴光会国分寺病院,東京都,平成26年度出来高算定病院,0.0,158.0,完全一致,1.0,社会福祉法人浴光会国分寺病院,,
医療法人社団大日会小金井太陽病院,東京都,平成26年度出来高算定病院,26.0,115.0,完全一致,1.0,医療法人社団大日会 小金井太陽病院,,
医療法人社団東山会調布東山病院,東京都,平成26年度出来高算定病院,0.0,83.0,完全一致,1.0,医療法人社団東山会 調布東山病院,,
医療法人社団大和会多摩川病院,東京都,平成26年度出来高算定病院,0.0,167.0,完全一致,1.0,医療法人社団大和会 多摩川病院,,
一般財団法人多摩緑成会緑成会病院,東京都,平成26年度出来高算定病院,0.0,146.0,サフィックス一致,0.9,緑成会病院,,
医療法人平成博愛会世田谷記念病院,東京都,平成26年度出来高算定病院,0.0,146.0,サフィックス一致,0.9,世田谷記念病院,,
医療法人社団杏精会岡田病院,東京都,平成26年度出来高算定病院,49.0,57.0,完全一致,1.0,医療法人社団杏精会 岡田病院,,
社会医療法人社団一成会　木村病院,東京都,平成26年度出来高算定病院,47.0,99.0,完全一致,1.0,社会医療法人社団一成会 木村病院,,
石岡循環器科脳神経外科病院,茨城県,平成26年度出来高算定病院,63.0,63.0,完全一致,1.0,石岡循環器科脳神経外科病院,,
群馬中央医療生活協同組合前橋協立病院,群馬県,平成26年度出来高算定病院,45.0,189.0,サフィックス一致,0.9,前橋協立病院,,
医療法人社団ほたか会　群馬パース病院,群馬県,平成26年度出来高算定病院,23.0,199.0,完全一致,1.0,医療法人社団ほたか会群馬パース病院,,
医療法人高徳会上牧温泉病院,群馬県,平成26年度出来高算定病院,10.0,76.0,サフィックス一致,0.9,上牧温泉病院,,
鶴谷病院,群馬県,平成26年度出来高算定病院,48.0,316.0,完全一致,1.0,鶴谷病院,,
高崎中央病院,群馬県,平成26年度出来高算定病院,9.0,119.0,完全一致,1.0,高崎中央病院,,
公益財団法人湯浅報恩会寿泉堂香久山病院,福島県,平成26年度出来高算定病院,0.0,199.0,完全一致,1.0,公益財団法人湯浅報恩会寿泉堂香久山病院,,
医療法人明信会今泉西病院,福島県,平成26年度出来高算定病院,71.0,158.0,完全一致,1.0,医療法人明信会今泉西病院,,
北毛保健生活協同組合北毛病院,群馬県,平成26年度出来高算定病院,0.0,150.0,完全一致,1.0,北毛保健生活協同組合北毛病院,,
藤岡市国民健康保険鬼石病院,群馬県,平成26年度出来高算定病院,0.0,99.0,完全一致,1.0,藤岡市国民健康保険鬼石病院,,
医療法人済恵会須藤病院,群馬県,平成26年度出来高算定病院,48.0,120.0,完全一致,1.0,医療法人済恵会 須藤病院,,
医療法人社団全仁会高木病院,群馬県,平成26年度出来高算定病院,59.0,107.0,完全一致,1.0,医療法人社団全仁会 高木病院,,
医療法人六花会館林記念病院,群馬県,平成26年度出来高算定病院,16.0,104.0,完全一致,1.0,医療法人六花会 館林記念病院,,
医療法人明浩会西大宮病院,埼玉県,平成26年度出来高算定病院,107.0,198.0,完全一致,1.0,医療法人明浩会西大宮病院,,
医療法人社団双愛会つくば双愛病院,茨城県,平成26年度出来高算定病院,29.0,156.0,完全一致,1.0,医療法人社団双愛会 つくば双愛病院,,
医療法人盡誠会宮本病院,茨城県,平成26年度出来高算定病院,0.0,417.0,サフィックス一致,0.9,宮本病院,,
医療法人光仁会春日部厚生病院,埼玉県,平成26年度出来高算定病院,44.0,190.0,完全一致,1.0,医療法人光仁会春日部厚生病院,,
医療法人社団全仁会　東都春日部病院,埼玉県,平成26年度出来高算定病院,76.0,184.0,完全一致,1.0,医療法人社団全仁会東都春日部病院,,
医療法人藤仁会藤村病院,埼玉県,平成26年度出来高算定病院,52.0,94.0,完全一致,1.0,医療法人藤仁会藤村病院,,
医療法人社団東光会戸田中央産院,埼玉県,平成26年度出来高算定病院,62.0,62.0,完全一致,1.0,医療法人社団東光会戸田中央産院,,
医療法人山柳会塩味病院,埼玉県,平成26年度出来高算定病院,35.0,77.0,完全一致,1.0,医療法人山柳会塩味病院,,
医療法人社団和風会所沢中央病院,埼玉県,平成26年度出来高算定病院,160.0,160.0,完全一致,1.0,医療法人社団和風会所沢中央病院,,
医療法人松沢会希望館病院,群馬県,平成26年度出来高算定病院,19.0,130.0,サフィックス一致,0.9,希望館病院,,
医療法人真木会真木病院,群馬県,平成26年度出来高算定病院,90.0,130.0,完全一致,1.0,医療法人真木会真木病院,,
本庄総合病院,埼玉県,平成26年度出来高算定病院,137.0,287.0,完全一致,1.0,本庄総合病院,,
医療法人社団武蔵野会新座病院,埼玉県,平成26年度出来高算定病院,0.0,128.0,完全一致,1.0,医療法人社団武蔵野会新座病院,,
千葉県総合救急災害医療センター,千葉県,平成26年度出来高算定病院,100.0,150.0,完全一致,1.0,千葉県総合救急災害医療センター,,
大網白里市立国保大網病院,千葉県,平成26年度出来高算定病院,99.0,99.0,完全一致,1.0,大網白里市立国保大網病院,,
社会医療法人社団さつき会袖ケ浦さつき台病院,千葉県,平成26年度出来高算定病院,0.0,384.0,完全一致,1.0,社会医療法人社団さつき会袖ケ浦さつき台病院,,
柏市立柏病院,千葉県,平成26年度出来高算定病院,149.0,200.0,完全一致,1.0,柏市立柏病院,,
医療法人社団　哺育会　笠幡病院,埼玉県,平成26年度出来高算定病院,0.0,136.0,完全一致,1.0,医療法人社団哺育会笠幡病院,,
医療法人直心会帯津三敬病院,埼玉県,平成26年度出来高算定病院,60.0,95.0,サフィックス一致,0.9,帯津三敬病院,,
平内町国民健康保険平内中央病院,青森県,平成26年度出来高算定病院,15.0,96.0,完全一致,1.0,平内町国民健康保険 平内中央病院,,
医療法人ときわ会ときわ会病院,青森県,平成26年度出来高算定病院,39.0,149.0,サフィックス一致,0.9,ときわ会病院,,
公立七戸病院,青森県,平成26年度出来高算定病院,42.0,70.0,完全一致,1.0,公立七戸病院,,
国民健康保険五戸総合病院,青森県,平成26年度出来高算定病院,61.0,90.0,完全一致,1.0,国民健康保険五戸総合病院,,
社会医療法人博進会南部病院,青森県,平成26年度出来高算定病院,36.0,60.0,完全一致,1.0,社会医療法人博進会南部病院,,
医療法人社団帰厚堂南昌病院,岩手県,平成26年度出来高算定病院,18.0,180.0,サフィックス一致,0.9,南昌病院,,
社会医療法人道南勤労者医療協会道南勤医協函館稜北病院,北海道,平成26年度出来高算定病院,0.0,104.0,完全一致,1.0,社会医療法人道南勤労者医療協会道南勤医協函館稜北病院,,
社会福祉法人北海道社会事業協会函館病院,北海道,平成26年度出来高算定病院,48.0,286.0,完全一致,1.0,社会福祉法人北海道社会事業協会函館病院,,
登米市立登米市民病院,宮城県,平成26年度出来高算定病院,115.0,198.0,完全一致,1.0,登米市立登米市民病院,,
医療法人社団仙石病院,宮城県,平成26年度出来高算定病院,120.0,120.0,完全一致,1.0,医療法人社団仙石病院,,
（公財）宮城厚生協会古川民主病院,宮城県,平成26年度出来高算定病院,0.0,46.0,サフィックス一致,0.9,公益財団法人宮城厚生協会 古川民主病院,,
医療法人永仁会永仁会病院,宮城県,平成26年度出来高算定病院,46.0,46.0,完全一致,1.0,医療法人永仁会 永仁会病院,,
広瀬病院ひろせ会広瀬病院,宮城県,平成26年度出来高算定病院,21.0,93.0,サフィックス一致,0.9,医療法人ひろせ会 広瀬病院,,
一般財団法人やまとコミュニティホスピタル　光ヶ丘スペルマン病院,宮城県,平成26年度出来高算定病院,58.0,140.0,サフィックス一致,0.9,光ヶ丘スペルマン病院,,
医療法人翔陽会滝川脳神経外科病院,北海道,平成26年度出来高算定病院,38.0,132.0,完全一致,1.0,医療法人翔陽会滝川脳神経外科病院,,
公益財団法人シルバーリハビリテーション協会メディカルコート八戸西病院,青森県,平成26年度出来高算定病院,93.0,199.0,サフィックス一致,0.9,メディカルコート八戸西病院,,
独立行政法人労働者健康安全機構　秋田労災病院,秋田県,平成26年度出来高算定病院,104.0,150.0,完全一致,1.0,独立行政法人労働者健康安全機構 秋田労災病院,,
秋田県厚生農業協同組合連合会湖東厚生病院,秋田県,平成26年度出来高算定病院,56.0,100.0,サフィックス一致,0.9,湖東厚生病院,,
医療法人社団松柏会至誠堂総合病院,山形県,平成26年度出来高算定病院,40.0,199.0,完全一致,1.0,医療法人社団松柏会至誠堂総合病院,,
置賜広域病院組合公立置賜長井病院,山形県,平成26年度出来高算定病院,22.0,50.0,サフィックス一致,0.9,公立置賜長井病院,,
公立置賜南陽病院,山形県,平成26年度出来高算定病院,11.0,50.0,完全一致,1.0,公立置賜南陽病院,,
医療法人明精会会津西病院,福島県,平成26年度出来高算定病院,60.0,370.0,完全一致,1.0,医療法人明精会 会津西病院,,
医療法人社団仁明会齋藤病院,宮城県,平成26年度出来高算定病院,46.0,178.0,サフィックス一致,0.9,齋藤病院,,
塩竈市立病院,宮城県,平成26年度出来高算定病院,71.0,161.0,完全一致,1.0,塩竈市立病院,,
医療法人常磐会いわき湯本病院,福島県,平成26年度出来高算定病院,0.0,154.0,完全一致,1.0,医療法人常磐会 いわき湯本病院,,
社団医療法人養生会かしま病院,福島県,平成26年度出来高算定病院,0.0,193.0,完全一致,1.0,社団医療法人養生会かしま病院,,
医療法人社団協栄会大久保病院,茨城県,平成26年度出来高算定病院,29.0,194.0,完全一致,1.0,医療法人社団協栄会大久保病院,,
総和中央病院,茨城県,平成26年度出来高算定病院,22.0,113.0,完全一致,1.0,総和中央病院,,
医療法人竜仁会牛尾病院,茨城県,平成26年度出来高算定病院,19.0,111.0,サフィックス一致,0.9,牛尾病院,,
医療法人西秀会西間木病院,茨城県,平成26年度出来高算定病院,6.0,39.0,サフィックス一致,0.9,西間木病院,,
公益財団法人宮城厚生協会泉病院,宮城県,平成26年度出来高算定病院,44.0,94.0,完全一致,1.0,公益財団法人宮城厚生協会泉病院,,
市立大森病院,秋田県,平成26年度出来高算定病院,50.0,150.0,完全一致,1.0,市立大森病院,,
医療法人社団順幸会阿蘇立野病院,熊本県,平成26年度出来高算定病院,0.0,52.0,サフィックス一致,0.9,阿蘇立野病院,,
医療法人谷田会谷田病院,熊本県,平成26年度出来高算定病院,0.0,85.0,サフィックス一致,0.9,谷田病院,,
永冨脳神経外科病院,大分県,平成26年度出来高算定病院,83.0,153.0,完全一致,1.0,永冨脳神経外科病院,,
社会医療法人　長門莫記念会　長門記念病院,大分県,平成26年度出来高算定病院,120.0,264.0,完全一致,1.0,社会医療法人長門莫記念会 長門記念病院,,
医療法人恵友会杵築中央病院,大分県,平成26年度出来高算定病院,44.0,60.0,完全一致,1.0,医療法人恵友会　杵築中央病院,,
九州大学病院別府病院,大分県,平成26年度出来高算定病院,120.0,120.0,完全一致,1.0,九州大学病院別府病院,,
町立太良病院,佐賀県,平成26年度出来高算定病院,30.0,60.0,完全一致,1.0,町立太良病院,,
医療法人健正会大久保病院,長崎県,平成26年度出来高算定病院,12.0,174.0,完全一致,1.0,医療法人健正会　大久保病院,,
医療法人東陽会整形外科前原病院,宮崎県,平成26年度出来高算定病院,25.0,88.0,完全一致,1.0,医療法人東陽会整形外科前原病院,,
社会医療法人　慶明会　けいめい記念病院,宮崎県,平成26年度出来高算定病院,0.0,45.0,完全一致,1.0,社会医療法人慶明会けいめい記念病院,,
医療法人玉水会玉水会病院,鹿児島県,平成26年度出来高算定病院,16.0,71.0,サフィックス一致,0.9,玉水会病院,,
医療法人明正会今林整形外科病院,鹿児島県,平成26年度出来高算定病院,30.0,110.0,サフィックス一致,0.9,今林整形外科病院,,
医療法人敬安会伊達病院,鹿児島県,平成26年度出来高算定病院,7.0,48.0,未結合,,,,
医療法人徳洲会喜界徳洲会病院,鹿児島県,平成26年度出来高算定病院,40.0,89.0,サフィックス一致,0.9,喜界徳洲会病院,,
医療法人清和会平成とうや病院,熊本県,平成26年度出来高算定病院,0.0,160.0,サフィックス一致,0.9,平成とうや病院,,
一般社団法人菊池郡市医師会菊池郡市医師会立病院,熊本県,平成26年度出来高算定病院,40.0,120.0,サフィックス一致,0.9,菊池郡市医師会立病院,,
医療法人讃生会宮の森記念病院,北海道,平成26年度出来高算定病院,20.0,110.0,完全一致,1.0,医療法人讃生会 宮の森記念病院,,
社会医療法人社団三草会クラーク病院,北海道,平成26年度出来高算定病院,90.0,225.0,完全一致,1.0,社会医療法人社団三草会 クラーク病院,,
医療法人三和会札幌南整形外科病院,北海道,平成26年度出来高算定病院,74.0,120.0,完全一致,1.0,医療法人三和会 札幌南整形外科病院,,
医療法人東札幌病院,北海道,平成26年度出来高算定病院,159.0,243.0,完全一致,1.0,医療法人東札幌病院,,
社会医療法人孝仁会　札幌第一病院,北海道,平成26年度出来高算定病院,25.0,141.0,完全一致,1.0,社会医療法人孝仁会 札幌第一病院,,
社会医療法人高橋病院,北海道,平成26年度出来高算定病院,0.0,119.0,完全一致,1.0,社会医療法人高橋病院,,
さがら病院宮崎,宮崎県,平成26年度出来高算定病院,36.0,36.0,完全一致,1.0,さがら病院宮崎,,
医療法人久康会平田東九州病院,宮崎県,平成26年度出来高算定病院,32.0,125.0,完全一致,1.0,医療法人久康会 平田東九州病院,,
木古内町国民健康保険病院,北海道,平成26年度出来高算定病院,46.0,60.0,完全一致,1.0,木古内町国民健康保険病院,,
医療法人ひまわり会札樽病院,北海道,平成26年度出来高算定病院,30.0,170.0,完全一致,1.0,医療法人 ひまわり会 札樽病院,,
医療法人社団旭豊会旭川三愛病院,北海道,平成26年度出来高算定病院,36.0,141.0,完全一致,1.0,医療法人社団旭豊会旭川三愛病院,,
社会医療法人　元生会　森山病院,北海道,平成26年度出来高算定病院,116.0,232.0,完全一致,1.0,社会医療法人元生会森山病院,,
道東勤医協釧路協立病院,北海道,平成26年度出来高算定病院,0.0,108.0,完全一致,1.0,道東勤医協釧路協立病院,,
医療法人東北海道病院,北海道,平成26年度出来高算定病院,83.0,169.0,完全一致,1.0,医療法人東北海道病院,,
整形外科松元病院,鹿児島県,平成26年度出来高算定病院,16.0,72.0,完全一致,1.0,整形外科松元病院,,
社会医療法人　友愛会　豊見城中央病院,沖縄県,平成26年度出来高算定病院,35.0,268.0,完全一致,1.0,社会医療法人 友愛会 豊見城中央病院,,
一般財団法人共愛会芳野病院,岡山県,平成26年度出来高算定病院,41.0,110.0,完全一致,1.0,一般財団法人共愛会 芳野病院,,
地方独立行政法人岡山市立総合医療センター岡山市立せのお病院,岡山県,平成26年度出来高算定病院,0.0,60.0,サフィックス一致,0.9,岡山市立せのお病院,,
木下病院,徳島県,平成26年度出来高算定病院,44.0,94.0,完全一致,1.0,木下病院,,
三野田中病院,徳島県,平成26年度出来高算定病院,0.0,99.0,完全一致,1.0,三野田中病院,,
医療法人社団新進会おさか脳神経外科病院,香川県,平成26年度出来高算定病院,44.0,69.0,完全一致,1.0,医療法人社団新進会おさか脳神経外科病院,,
医療法人滴水会吉野病院,愛媛県,平成26年度出来高算定病院,20.0,90.0,完全一致,1.0,医療法人滴水会吉野病院,,
医療法人財団清良会書写病院,兵庫県,平成26年度出来高算定病院,0.0,92.0,完全一致,1.0,医療法人財団清良会書写病院,,
稲田病院,和歌山県,平成26年度出来高算定病院,8.0,72.0,完全一致,1.0,稲田病院,,
医療法人長生会大井田病院,高知県,平成26年度出来高算定病院,0.0,50.0,サフィックス一致,0.9,大井田病院,,
医療法人公世会野市中央病院,高知県,平成26年度出来高算定病院,46.0,165.0,サフィックス一致,0.9,野市中央病院,,
医療法人近藤会　清和病院,高知県,平成26年度出来高算定病院,30.0,354.0,サフィックス一致,0.9,清和病院,,
友田病院,福岡県,平成26年度出来高算定病院,30.0,72.0,完全一致,1.0,友田病院,,
医療法人社団正樹会佐田整形外科病院,福岡県,平成26年度出来高算定病院,0.0,45.0,サフィックス一致,0.9,佐田整形外科病院,,
医療法人エイジイアイエイチ秋本病院,福岡県,平成26年度出来高算定病院,34.0,50.0,サフィックス一致,0.9,秋本病院,,
医療法人社団　淳和会　長谷川紀念病院,岡山県,平成26年度出来高算定病院,33.0,60.0,完全一致,1.0,医療法人社団淳和会 長谷川紀念病院,,
医療法人紀典会北川病院,岡山県,平成26年度出来高算定病院,39.0,76.0,完全一致,1.0,医療法人紀典会北川病院,,
柳病院,福岡県,平成26年度出来高算定病院,44.0,135.0,完全一致,1.0,柳病院,,
嘉麻赤十字病院,福岡県,平成26年度出来高算定病院,30.0,133.0,完全一致,1.0,嘉麻赤十字病院,,
医療法人医和基会戸畑総合病院,福岡県,平成26年度出来高算定病院,85.0,193.0,サフィックス一致,0.9,戸畑総合病院,,
社会医療法人共愛会戸畑リハビリテーション病院,福岡県,平成26年度出来高算定病院,0.0,173.0,サフィックス一致,0.9,戸畑リハビリテーション病院,,
特定医療法人東筑会東筑病院,福岡県,平成26年度出来高算定病院,15.0,199.0,サフィックス一致,0.9,東筑病院,,
医療法人しょうわ会正和なみき病院,福岡県,平成26年度出来高算定病院,9.0,106.0,完全一致,1.0,医療法人しょうわ会 正和なみき病院,,
社会医療法人近森会近森リハビリテーション病院,高知県,平成26年度出来高算定病院,0.0,180.0,サフィックス一致,0.9,近森リハビリテーション病院,,
社会医療法人近森会　近森オルソリハビリテーション病院,高知県,平成26年度出来高算定病院,14.0,100.0,サフィックス一致,0.9,近森オルソリハビリテーション病院,,
千住病院,長崎県,平成26年度出来高算定病院,0.0,182.0,サフィックス一致,0.9,特定医療法人雄博会 千住病院,,
医療法人済家会柴田長庚堂病院,長崎県,平成26年度出来高算定病院,0.0,104.0,サフィックス一致,0.9,柴田長庚堂病院,,
社会医療法人春回会長崎北病院,長崎県,平成26年度出来高算定病院,80.0,199.0,サフィックス一致,0.9,長崎北病院,,
医療法人金澤会青磁野リハビリテーション病院,熊本県,平成26年度出来高算定病院,0.0,185.0,完全一致,1.0,医療法人金澤会 青磁野リハビリテーション病院,,
医療法人清和会水前寺とうや病院,熊本県,平成26年度出来高算定病院,0.0,142.0,サフィックス一致,0.9,水前寺とうや病院,,
医療法人社団藤浪会整形外科井上病院,熊本県,平成26年度出来高算定病院,48.0,82.0,未結合,,,,
医療法人西福岡桜十字　桜十字大手門病院,福岡県,平成26年度出来高算定病院,0.0,100.0,サフィックス一致,0.9,桜十字大手門病院,,
医療法人社団邦生会高山病院,福岡県,平成26年度出来高算定病院,14.0,50.0,サフィックス一致,0.9,高山病院,,
嶋田病院,福井県,平成26年度出来高算定病院,0.0,117.0,完全一致,1.0,嶋田病院,,
木村病院,福井県,平成26年度出来高算定病院,15.0,229.0,完全一致,1.0,木村病院,,
みどり病院,岐阜県,平成26年度出来高算定病院,37.0,99.0,完全一致,1.0,みどり病院,,
社会医療法人　白鳳会　鷲見病院,岐阜県,平成26年度出来高算定病院,60.0,108.0,完全一致,1.0,社会医療法人 白鳳会 鷲見病院,,
医療法人弘遠会すずかけセントラル病院,静岡県,平成26年度出来高算定病院,47.0,309.0,完全一致,1.0,医療法人弘遠会　すずかけセントラル病院,,
ちくさ病院,愛知県,平成26年度出来高算定病院,0.0,53.0,完全一致,1.0,ちくさ病院,,
医療法人財団日扇会第一病院,東京都,平成26年度出来高算定病院,20.0,46.0,完全一致,1.0,医療法人財団日扇会 第一病院,,
医療法人財団健康文化会小豆沢病院,東京都,平成26年度出来高算定病院,0.0,130.0,完全一致,1.0,医療法人財団健康文化会小豆沢病院,,
医療法人山和会山口病院,愛知県,平成26年度出来高算定病院,48.0,60.0,完全一致,1.0,医療法人山和会 山口病院,,
一宮市立木曽川市民病院,愛知県,平成26年度出来高算定病院,14.0,130.0,完全一致,1.0,一宮市立木曽川市民病院,,
医療法人愛生館小林記念病院,愛知県,平成26年度出来高算定病院,0.0,177.0,サフィックス一致,0.9,小林記念病院,,
医療法人思源会岩崎病院,三重県,平成26年度出来高算定病院,39.0,52.0,サフィックス一致,0.9,岩崎病院,,
公益財団法人近江兄弟社ヴォーリズ記念病院,滋賀県,平成26年度出来高算定病院,0.0,168.0,完全一致,1.0,公益財団法人近江兄弟社ヴォーリズ記念病院,,
医療法人マキノ病院,滋賀県,平成26年度出来高算定病院,30.0,120.0,完全一致,1.0,医療法人マキノ病院,,
吉田病院,新潟県,平成26年度出来高算定病院,48.0,125.0,完全一致,1.0,吉田病院,,
社会福祉法人聖霊病院金沢聖霊総合病院,石川県,平成26年度出来高算定病院,35.0,60.0,サフィックス一致,0.9,金沢聖霊総合病院,,
医療法人 清水会　もりぐち清水会病院,大阪府,平成26年度出来高算定病院,15.0,158.0,完全一致,1.0,医療法人清水会　もりぐち清水会病院,,
大阪府立中河内救命救急センター,大阪府,平成26年度出来高算定病院,30.0,30.0,完全一致,1.0,大阪府立中河内救命救急センター,,
神戸医療生活協同組合神戸協同病院,兵庫県,平成26年度出来高算定病院,50.0,165.0,完全一致,1.0,神戸医療生活協同組合神戸協同病院,,
芦屋セントマリア病院,兵庫県,平成26年度出来高算定病院,40.0,60.0,完全一致,1.0,芦屋セントマリア病院,,
医療法人社団みどり会にしき記念病院,兵庫県,平成26年度出来高算定病院,0.0,48.0,完全一致,1.0,医療法人社団みどり会 にしき記念病院,,
医療法人社団緑風会龍野中央病院,兵庫県,平成26年度出来高算定病院,27.0,99.0,サフィックス一致,0.9,龍野中央病院,,
ＡＯＩ名古屋病院,愛知県,平成26年度出来高算定病院,0.0,167.0,完全一致,1.0,ＡＯＩ名古屋病院,,
重工大須病院,愛知県,平成26年度出来高算定病院,30.0,250.0,完全一致,1.0,重工大須病院,,
医療法人共済会清水病院,鳥取県,平成26年度出来高算定病院,34.0,98.0,完全一致,1.0,医療法人共済会清水病院,,
佐藤病院,岡山県,平成26年度出来高算定病院,10.0,93.0,完全一致,1.0,佐藤病院,,
医療法人社団恵風会宮本整形外科病院,岡山県,平成26年度出来高算定病院,40.0,110.0,サフィックス一致,0.9,宮本整形外科病院,,
まび記念病院,岡山県,平成26年度出来高算定病院,40.0,80.0,完全一致,1.0,まび記念病院,,
医療法人薬師寺慈恵会薬師寺慈恵病院,岡山県,平成26年度出来高算定病院,25.0,64.0,完全一致,1.0,医療法人　薬師寺慈恵会　薬師寺慈恵病院,,
医療法人慶真会大杉病院,岡山県,平成26年度出来高算定病院,0.0,53.0,完全一致,1.0,医療法人慶真会 大杉病院,,
社会医療法人東和会　第二東和会病院,大阪府,平成26年度出来高算定病院,0.0,93.0,完全一致,1.0,医療法人東和会第二東和会病院,,
医療法人相愛会相原第二病院,大阪府,平成26年度出来高算定病院,72.0,198.0,完全一致,1.0,医療法人相愛会相原第二病院,,
独立行政法人国立病院機構三重病院,三重県,平成25年度出来高算定病院,60.0,260.0,完全一致,1.0,独立行政法人国立病院機構三重病院,,
医療法人恵生会恵生会病院,大阪府,平成25年度出来高算定病院,68.0,184.0,完全一致,1.0,医療法人恵生会恵生会病院,,
医療法人勝山病院,岡山県,平成25年度出来高算定病院,0.0,50.0,サフィックス一致,0.9,医療法人美甘会勝山病院,,
医療法人清和会　奥州病院,岩手県,平成26年度出来高算定病院,0.0,156.0,サフィックス一致,0.9,奥州病院,,
医療法人社団愛友会　蓮田一心会病院,埼玉県,平成26年度出来高算定病院,0.0,50.0,完全一致,1.0,医療法人社団愛友会蓮田一心会病院,,
近藤内科病院,徳島県,平成26年度出来高算定病院,8.0,55.0,完全一致,1.0,近藤内科病院,,
医療法人　誠心会　井上病院,福岡県,平成24年度出来高算定病院,26.0,73.0,サフィックス一致,0.9,井上病院,,
医療法人　寿芳会　芳野病院,福岡県,平成24年度出来高算定病院,0.0,143.0,サフィックス一致,0.9,芳野病院,,
北海道内科リウマチ科病院,北海道,平成26年度出来高算定病院,0.0,180.0,完全一致,1.0,北海道内科リウマチ科病院,,
医療法人社団悠仁会羊ケ丘病院,北海道,平成26年度出来高算定病院,68.0,68.0,未結合,,,,
士別市立病院,北海道,平成26年度出来高算定病院,50.0,129.0,完全一致,1.0,士別市立病院,,
医療法人社団三慈会釧路三慈会病院,北海道,平成26年度出来高算定病院,84.0,126.0,完全一致,1.0,医療法人社団三慈会釧路三慈会病院,,
公益財団法人宮城厚生協会長町病院,宮城県,平成26年度出来高算定病院,8.0,135.0,完全一致,1.0,公益財団法人宮城厚生協会長町病院,,
羽後町立羽後病院,秋田県,平成26年度出来高算定病院,58.0,113.0,完全一致,1.0,羽後町立羽後病院,,
医療法人社団若林会湘南中央病院,神奈川県,平成25年度出来高算定病院,0.0,199.0,サフィックス一致,0.9,湘南中央病院,,
独立行政法人国立病院機構静岡てんかん・神経医療センター,静岡県,平成25年度出来高算定病院,146.0,356.0,完全一致,1.0,独立行政法人国立病院機構静岡てんかん・神経医療センター,,
佐野市民病院,栃木県,平成26年度出来高算定病院,60.0,170.0,完全一致,1.0,佐野市民病院,,
医療法人小金井中央病院,栃木県,平成26年度出来高算定病院,42.0,135.0,完全一致,1.0,小金井中央病院,,
医療法人島門会本島総合病院,群馬県,平成26年度出来高算定病院,146.0,197.0,サフィックス一致,0.9,本島総合病院,,
医療生協さいたま生活協同組合埼玉西協同病院,埼玉県,平成26年度出来高算定病院,50.0,99.0,サフィックス一致,0.9,埼玉西協同病院,,
医療生協さいたま生活協同組合熊谷生協病院,埼玉県,平成26年度出来高算定病院,10.0,105.0,サフィックス一致,0.9,熊谷生協病院,,
公益社団法人東松山医師会東松山医師会病院,埼玉県,平成26年度出来高算定病院,118.0,202.0,サフィックス一致,0.9,東松山医師会病院,,
社会医療法人芳和会水俣協立病院,熊本県,平成26年度出来高算定病院,0.0,60.0,サフィックス一致,0.9,水俣協立病院,,
医療法人札幌円山整形外科病院,北海道,平成26年度出来高算定病院,110.0,110.0,完全一致,1.0,医療法人札幌円山整形外科病院,,
医療法人社団日岩会下井病院,東京都,平成26年度出来高算定病院,0.0,95.0,完全一致,1.0,医療法人社団日岩会 下井病院,,
医療法人財団川野病院,東京都,平成26年度出来高算定病院,50.0,75.0,完全一致,1.0,医療法人財団川野病院,,
医療法人社団竹口病院,東京都,平成26年度出来高算定病院,0.0,166.0,完全一致,1.0,医療法人社団竹口病院,,
医療法人社団協友会横浜なみきリハビリテーション病院,神奈川県,平成26年度出来高算定病院,0.0,224.0,完全一致,1.0,医療法人社団 協友会 横浜なみきリハビリテーション病院,,
医療法人社団悠心会森田病院,神奈川県,平成26年度出来高算定病院,0.0,99.0,完全一致,1.0,医療法人社団悠心会 森田病院,,
医療法人社団和光会総合川崎臨港病院,神奈川県,平成26年度出来高算定病院,78.0,199.0,サフィックス一致,0.9,総合川崎臨港病院,,
寒河江市立病院,山形県,平成26年度出来高算定病院,56.0,98.0,完全一致,1.0,寒河江市立病院,,
医療法人社団正風会石井脳神経外科・眼科病院,福島県,平成26年度出来高算定病院,40.0,40.0,完全一致,1.0,医療法人社団正風会石井脳神経外科・眼科病院,,
一般財団法人医療・介護・教育研究財団柳川病院,福岡県,令和6年度新規DPC準備病院,142.0,150.0,完全一致,1.0,一般財団法人医療・介護・教育研究財団柳川病院,,
独立行政法人国立病院機構東佐賀病院,佐賀県,令和6年度新規DPC準備病院,90.0,325.0,完全一致,1.0,独立行政法人国立病院機構東佐賀病院,,
独立行政法人国立病院機構　熊本再春医療センター,熊本県,令和6年度新規DPC準備病院,174.0,446.0,完全一致,1.0,独立行政法人国立病院機構熊本再春医療センター,,
医療法人三和会池田病院,宮崎県,令和6年度新規DPC準備病院,40.0,112.0,サフィックス一致,0.9,池田病院,,
独立行政法人地域医療機能推進機構宮崎江南病院,宮崎県,令和6年度新規DPC準備病院,144.0,269.0,完全一致,1.0,独立行政法人地域医療機能推進機構 宮崎江南病院,,
医療法人真栄会新村病院,鹿児島県,令和6年度新規DPC準備病院,40.0,59.0,サフィックス一致,0.9,新村病院,,
社会医療法人社団昭愛会水野記念病院,東京都,令和6年度新規DPC準備病院,110.0,160.0,完全一致,1.0,社会医療法人社団昭愛会 水野記念病院,,
医療法人社団　福寿会　福寿会足立東部病院,東京都,令和6年度新規DPC準備病院,137.0,137.0,完全一致,1.0,医療法人社団福寿会 福寿会足立東部病院,,
特定医療法人　盛岡繋温泉病院,岩手県,平成24年度出来高算定病院,48.0,170.0,未結合,,,,
医療法人　関越中央病院,群馬県,平成24年度出来高算定病院,55.0,90.0,完全一致,1.0,関越中央病院,,
社会医療法人刀仁会　坂戸中央病院,埼玉県,平成24年度出来高算定病院,48.0,184.0,サフィックス一致,0.9,坂戸中央病院,,
河北総合病院　分院,東京都,平成24年度出来高算定病院,38.0,38.0,完全一致,1.0,河北総合病院分院,,
医療法人社団　大日会　太陽こども病院,東京都,平成24年度出来高算定病院,33.0,33.0,完全一致,1.0,医療法人社団大日会 太陽こども病院,,
珠洲市総合病院,石川県,平成24年度出来高算定病院,56.0,115.0,完全一致,1.0,珠洲市総合病院,,
広島心臓血管病院,広島県,令和6年度新規DPC準備病院,38.0,38.0,完全一致,1.0,広島心臓血管病院,,
福岡ハートネット病院,福岡県,令和6年度新規DPC準備病院,50.0,150.0,完全一致,1.0,福岡ハートネット病院,,
医療法人　仁真会　白鷺病院,大阪府,平成24年度出来高算定病院,60.0,92.0,完全一致,1.0,医療法人仁真会白鷺病院,,
医療法人寺西報恩会　長吉総合病院,大阪府,平成24年度出来高算定病院,88.0,243.0,完全一致,1.0,医療法人寺西報恩会長吉総合病院,,
医療福祉生活協同組合おおさか　コープおおさか病院,大阪府,平成24年度出来高算定病院,58.0,166.0,完全一致,1.0,医療福祉生活協同組合おおさか　コープおおさか病院,,
医療法人裕紫会　中谷病院,和歌山県,平成24年度出来高算定病院,42.0,195.0,完全一致,1.0,医療法人裕紫会中谷病院,,
医療法人社団　井口会　総合病院　落合病院,岡山県,平成24年度出来高算定病院,50.0,135.0,完全一致,1.0,医療法人社団井口会総合病院落合病院,,
日比野病院,広島県,平成24年度出来高算定病院,29.0,146.0,完全一致,1.0,日比野病院,,
医療法人社団　札幌道都病院,北海道,平成24年度出来高算定病院,162.0,162.0,完全一致,1.0,医療法人社団札幌道都病院,,
社会医療法人　医仁会　中村記念南病院,北海道,平成24年度出来高算定病院,56.0,173.0,完全一致,1.0,社会医療法人　医仁会 中村記念南病院,,
医療法人社団唱和会　明野中央病院,大分県,平成24年度出来高算定病院,35.0,75.0,サフィックス一致,0.9,明野中央病院,,
社会医療法人敬和会　大分リハビリテーション病院,大分県,平成24年度出来高算定病院,0.0,120.0,サフィックス一致,0.9,大分リハビリテーション病院,,
社会医療法人　北海道恵愛会　札幌南一条病院,北海道,平成25年度出来高算定病院,0.0,147.0,サフィックス一致,0.9,札幌南一条病院,,
社会医療法人蘭友会札幌里塚病院,北海道,平成25年度出来高算定病院,69.0,99.0,完全一致,1.0,社会医療法人蘭友会 札幌里塚病院,,
秋田県立循環器・脳脊髄センター,秋田県,平成25年度出来高算定病院,88.0,146.0,完全一致,1.0,秋田県立循環器・脳脊髄センター,,
医療法人静和会浅井病院,千葉県,平成25年度出来高算定病院,0.0,387.0,完全一致,1.0,医療法人静和会浅井病院,,
ＪＡ静岡厚生連清水厚生病院,静岡県,平成24年度出来高算定病院,94.0,150.0,完全一致,1.0,ＪＡ静岡厚生連清水厚生病院,,
大津赤十字志賀病院,滋賀県,平成24年度出来高算定病院,50.0,150.0,完全一致,1.0,大津赤十字志賀病院,,
医療法人社団景翠会金沢病院,神奈川県,令和2年度新規DPC準備病院,57.0,150.0,完全一致,1.0,医療法人社団 景翠会 金沢病院,,
医療法人友紘会　友紘会総合病院,大阪府,令和2年度新規DPC準備病院,0.0,278.0,完全一致,1.0,医療法人友紘会友紘会総合病院,,
おおさかグローバル整形外科病院,大阪府,令和2年度新規DPC準備病院,80.0,80.0,未結合,,,,
医療法人社団勲章会　原泌尿器科病院,兵庫県,令和2年度新規DPC準備病院,42.0,42.0,完全一致,1.0,医療法人社団勲章会　原泌尿器科病院,,
独立行政法人国立病院機構和歌山病院,和歌山県,令和2年度新規DPC準備病院,51.0,253.0,未結合,,,,
国家公務員共済組合連合会吉島病院,広島県,令和2年度新規DPC準備病院,52.0,182.0,完全一致,1.0,国家公務員共済組合連合会 吉島病院,,
亀田病院,北海道,令和2年度新規DPC準備病院,32.0,179.0,完全一致,1.0,医療法人亀田病院,,
医療法人徳洲会　日高徳洲会病院,北海道,令和2年度新規DPC準備病院,60.0,199.0,完全一致,1.0,医療法人徳洲会日高徳洲会病院,,
医療法人社団康幸会かわぐち心臓呼吸器病院,埼玉県,令和4年度新規DPC準備病院,108.0,108.0,サフィックス一致,0.9,かわぐち心臓呼吸器病院,,
社会医療法人社団蛍水会名戸ヶ谷あびこ病院,千葉県,令和4年度新規DPC準備病院,115.0,131.0,完全一致,1.0,社会医療法人社団蛍水会名戸ヶ谷あびこ病院,,
医療法人社団成和会西新井病院,東京都,令和4年度新規DPC準備病院,90.0,196.0,サフィックス一致,0.9,西新井病院,,
春江病院,福井県,令和4年度新規DPC準備病院,60.0,137.0,完全一致,1.0,春江病院,,
医療法人社団仁生会甲南病院,滋賀県,令和4年度新規DPC準備病院,0.0,199.0,完全一致,1.0,医療法人社団仁生会甲南病院,,
医療法人社団　智聖会　安藤病院,兵庫県,令和4年度新規DPC準備病院,0.0,129.0,未結合,,,,
医療法人弘仁会板倉病院,千葉県,令和2年度新規DPC準備病院,91.0,91.0,完全一致,1.0,医療法人弘仁会板倉病院,,
医療法人徳洲会　館山病院,千葉県,令和2年度新規DPC準備病院,57.0,208.0,完全一致,1.0,医療法人徳洲会館山病院,,
学校法人久留米大学医療センター,福岡県,令和4年度新規DPC準備病院,144.0,234.0,完全一致,1.0,久留米大学医療センター,,
医療法人社団静和会静和記念病院,北海道,令和6年度新規DPC準備病院,48.0,195.0,完全一致,1.0,医療法人社団　静和会　静和記念病院,,
函館赤十字病院,北海道,令和6年度新規DPC準備病院,94.0,106.0,完全一致,1.0,函館赤十字病院,,
北海道立北見病院,北海道,令和6年度新規DPC準備病院,70.0,70.0,完全一致,1.0,北海道立北見病院,,
南相馬市立総合病院,福島県,令和6年度新規DPC準備病院,180.0,180.0,完全一致,1.0,南相馬市立総合病院,,
医療法人景星会赤羽赤羽東口病院,東京都,令和6年度新規DPC準備病院,48.0,73.0,完全一致,1.0,医療法人社団景星会赤羽 赤羽東口病院,,
市立八幡浜総合病院,愛媛県,令和2年度新規DPC準備病院,214.0,214.0,完全一致,1.0,市立八幡浜総合病院,,
医療法人札幌麻生脳神経外科病院,北海道,令和4年度新規DPC準備病院,96.0,145.0,完全一致,1.0,医療法人 札幌麻生脳神経外科病院,,
医療法人社団健育会湘南慶育病院,神奈川県,令和6年度新規DPC準備病院,50.0,230.0,完全一致,1.0,医療法人社団 健育会 湘南慶育病院,,
医療法人愛広会新潟リハビリテーション病院,新潟県,令和6年度新規DPC準備病院,30.0,168.0,サフィックス一致,0.9,新潟リハビリテーション病院,,
特定医療法人財団大西会千曲中央病院,長野県,令和6年度新規DPC準備病院,94.0,176.0,未結合,,,,
富士整形外科病院,静岡県,令和6年度新規DPC準備病院,60.0,106.0,完全一致,1.0,富士整形外科病院,,
社会医療法人　祐生会　茨木みどりケ丘病院,大阪府,令和6年度新規DPC準備病院,57.0,105.0,未結合,,,,
堀口記念病院,和歌山県,令和6年度新規DPC準備病院,90.0,150.0,完全一致,1.0,堀口記念病院,,
医療法人財団竹政会セントラル病院,広島県,令和4年度新規DPC準備病院,32.0,60.0,完全一致,1.0,医療法人財団竹政会セントラル病院,,
西予市立西予市民病院,愛媛県,令和4年度新規DPC準備病院,89.0,111.0,完全一致,1.0,西予市立西予市民病院,,
一般社団法人伊勢崎佐波医師会病院,群馬県,平成30年度新規DPC準備病院,153.0,255.0,完全一致,1.0,一般社団法人伊勢崎佐波医師会病院,,
医療法人安東病院,埼玉県,平成30年度新規DPC準備病院,31.0,104.0,完全一致,1.0,医療法人安東病院,,
板橋区医師会病院,東京都,平成30年度新規DPC準備病院,90.0,112.0,完全一致,1.0,板橋区医師会病院,,
社会医療法人嵐陽会三之町病院,新潟県,平成30年度新規DPC準備病院,60.0,210.0,サフィックス一致,0.9,三之町病院,,
独立行政法人国立病院機構西新潟中央病院,新潟県,平成30年度新規DPC準備病院,55.0,400.0,未結合,,,,
社会医療法人加納岩加納岩総合病院,山梨県,平成30年度新規DPC準備病院,120.0,160.0,サフィックス一致,0.9,加納岩総合病院,,
徳島健生病院,徳島県,平成28年度新規DPC準備病院,50.0,186.0,完全一致,1.0,徳島健生病院,,
医療法人社団高邦会福岡山王病院,福岡県,平成28年度新規DPC準備病院,199.0,199.0,サフィックス一致,0.9,福岡山王病院,,
名古屋ハートセンター,愛知県,平成30年度新規DPC準備病院,64.0,64.0,完全一致,1.0,名古屋ハートセンター,,
医療法人澄心会豊橋ハートセンター,愛知県,平成30年度新規DPC準備病院,85.0,85.0,完全一致,1.0,医療法人澄心会豊橋ハートセンター,,
医療法人清須呼吸器疾患研究会はるひ呼吸器病院,愛知県,平成30年度新規DPC準備病院,80.0,120.0,サフィックス一致,0.9,はるひ呼吸器病院,,
公益財団法人豊郷病院,滋賀県,平成30年度新規DPC準備病院,105.0,306.0,完全一致,1.0,公益財団法人豊郷病院,,
医療法人啓信会　大阪整形外科病院,大阪府,平成30年度新規DPC準備病院,98.0,98.0,完全一致,1.0,医療法人啓信会大阪整形外科病院,,
社会福祉法人寺田萬寿会寺田萬寿病院,大阪府,平成30年度新規DPC準備病院,47.0,250.0,完全一致,1.0,社会福祉法人寺田萬寿会寺田萬寿病院,,
男鹿みなと市民病院,秋田県,平成30年度新規DPC準備病院,60.0,110.0,完全一致,1.0,男鹿みなと市民病院,,
医療法人社団厚生会西方病院,栃木県,平成30年度新規DPC準備病院,72.0,93.0,サフィックス一致,0.9,西方病院,,
医療法人社団健心会　神戸ほくと病院,兵庫県,平成30年度新規DPC準備病院,80.0,121.0,サフィックス一致,0.9,神戸ほくと病院,,
社会医療法人凌雲会　稲次病院,徳島県,平成30年度新規DPC準備病院,13.0,67.0,サフィックス一致,0.9,稲次病院,,
愛媛生協病院,愛媛県,平成30年度新規DPC準備病院,44.0,88.0,完全一致,1.0,愛媛生協病院,,
医療法人新松田会愛宕病院,高知県,平成30年度新規DPC準備病院,225.0,424.0,完全一致,1.0,新松田会愛宕病院,,
医療法人社団敬愛会佐賀記念病院,佐賀県,平成30年度新規DPC準備病院,120.0,177.0,完全一致,1.0,医療法人社団敬愛会佐賀記念病院,,
医療法人博光会御幸病院,熊本県,平成30年度新規DPC準備病院,30.0,186.0,サフィックス一致,0.9,御幸病院,,
峡南医療センター企業団富士川病院,山梨県,平成30年度新規DPC準備病院,88.0,102.0,完全一致,1.0,峡南医療センター企業団富士川病院,,
岐阜ハートセンター,岐阜県,平成30年度新規DPC準備病院,90.0,90.0,完全一致,1.0,岐阜ハートセンター,,
石巻市立病院,宮城県,令和2年度新規DPC準備病院,120.0,180.0,完全一致,1.0,石巻市立病院,,
市立角館総合病院,秋田県,令和2年度新規DPC準備病院,107.0,198.0,完全一致,1.0,市立角館総合病院,,
医療法人徳洲会山形徳洲会病院,山形県,令和2年度新規DPC準備病院,60.0,208.0,サフィックス一致,0.9,山形徳洲会病院,,
医療法人社団武蔵野会ＴＭＧ宗岡中央病院,埼玉県,令和2年度新規DPC準備病院,0.0,100.0,完全一致,1.0,医療法人社団武蔵野会ＴＭＧ宗岡中央病院,,
医療法人三慶会指扇病院,埼玉県,令和2年度新規DPC準備病院,175.0,226.0,サフィックス一致,0.9,指扇病院,,
医療法人社団白金会白金整形外科病院,千葉県,令和2年度新規DPC準備病院,50.0,128.0,完全一致,1.0,医療法人社団白金会白金整形外科病院,,
医療法人寿山会喜馬病院,大阪府,平成30年度新規DPC準備病院,43.0,123.0,完全一致,1.0,医療法人寿山会喜馬病院,,
加東市民病院,兵庫県,平成30年度新規DPC準備病院,96.0,137.0,完全一致,1.0,加東市民病院,,
医療法人社団広恵会　春山記念病院,東京都,平成28年度新規DPC準備病院,39.0,99.0,完全一致,1.0,医療法人社団広恵会 春山記念病院,,
医療法人社団玲瓏会金町中央病院,東京都,平成28年度新規DPC準備病院,59.0,99.0,完全一致,1.0,医療法人社団玲瓏会 金町中央病院,,
医療法人社団清智会清智会記念病院,東京都,平成28年度新規DPC準備病院,135.0,177.0,完全一致,1.0,医療法人社団清智会 清智会記念病院,,
社会福祉法人恩賜財団済生会支部神奈川県済生会横浜若草病院,神奈川県,平成28年度新規DPC準備病院,0.0,177.0,未結合,,,,
社会福祉法人恩賜財団済生会支部神奈川県済生会湘南平塚病院,神奈川県,平成28年度新規DPC準備病院,42.0,176.0,完全一致,1.0,社会福祉法人 恩賜財団済生会支部 神奈川県済生会湘南平塚病院,,
医療法人ユーカリ　さがみ林間病院,神奈川県,平成28年度新規DPC準備病院,90.0,199.0,サフィックス一致,0.9,さがみ林間病院,,
一般社団法人巨樹の会新上三川病院,栃木県,平成28年度新規DPC準備病院,38.0,209.0,サフィックス一致,0.9,新上三川病院,,
学校法人国際医療福祉大学国際医療福祉大学塩谷病院,栃木県,平成28年度新規DPC準備病院,109.0,199.0,サフィックス一致,0.9,国際医療福祉大学塩谷病院,,
新潟県立吉田病院,新潟県,平成28年度新規DPC準備病院,39.0,110.0,完全一致,1.0,新潟県立吉田病院,,
くろさわ病院,長野県,平成28年度新規DPC準備病院,37.0,83.0,完全一致,1.0,くろさわ病院,,
国家公務員共済組合連合会東海病院,愛知県,平成28年度新規DPC準備病院,60.0,166.0,完全一致,1.0,国家公務員共済組合連合会東海病院,,
三重県厚生農業協同組合連合会　三重北医療センター　菰野厚生病院,三重県,平成28年度新規DPC準備病院,56.0,230.0,サフィックス一致,0.9,菰野厚生病院,,
医療法人清仁会亀岡シミズ病院,京都府,平成28年度新規DPC準備病院,58.0,143.0,完全一致,1.0,医療法人清仁会亀岡シミズ病院,,
医療法人社団千春会千春会病院,京都府,平成28年度新規DPC準備病院,0.0,60.0,完全一致,1.0,医療法人社団千春会千春会病院,,
医療法人社団千葉秀心会東船橋病院,千葉県,平成28年度新規DPC準備病院,48.0,128.0,完全一致,1.0,医療法人社団千葉秀心会東船橋病院,,
公益財団法人佐々木研究所附属杏雲堂病院,東京都,平成28年度新規DPC準備病院,92.0,191.0,完全一致,1.0,公益財団法人佐々木研究所附属杏雲堂病院,,
社会医療法人彩樹守口敬仁会病院,大阪府,平成28年度新規DPC準備病院,185.0,185.0,完全一致,1.0,社会医療法人彩樹守口敬仁会病院,,
社会医療法人彩樹　豊中敬仁会病院,大阪府,平成28年度新規DPC準備病院,60.0,60.0,完全一致,1.0,社会医療法人彩樹豊中敬仁会病院,,
医療法人薫風会佐野病院,兵庫県,平成28年度新規DPC準備病院,131.0,131.0,完全一致,1.0,医療法人薫風会佐野病院,,
あんしん病院,兵庫県,平成28年度新規DPC準備病院,60.0,60.0,完全一致,1.0,あんしん病院,,
瀬戸内市立瀬戸内市民病院,岡山県,平成28年度新規DPC準備病院,50.0,110.0,完全一致,1.0,瀬戸内市立瀬戸内市民病院,,
総合病院庄原赤十字病院,広島県,平成28年度新規DPC準備病院,152.0,248.0,完全一致,1.0,総合病院庄原赤十字病院,,
医療法人新都市医療研究会「君津」会南大和病院,神奈川県,平成28年度新規DPC準備病院,80.0,140.0,サフィックス一致,0.9,南大和病院,,
新潟万代病院,新潟県,平成28年度新規DPC準備病院,0.0,52.0,完全一致,1.0,新潟万代病院,,
医療法人平成会サンライズ酒井病院,大分県,平成28年度新規DPC準備病院,58.0,142.0,未結合,,,,
医療法人伸和会延岡共立病院,宮崎県,平成28年度新規DPC準備病院,60.0,195.0,完全一致,1.0,医療法人伸和会延岡共立病院,,
三愛病院,鹿児島県,平成28年度新規DPC準備病院,31.0,112.0,完全一致,1.0,三愛病院,,
医療法人信和会沖縄第一病院,沖縄県,平成28年度新規DPC準備病院,45.0,154.0,完全一致,1.0,医療法人 信和会 沖縄第一病院,,
独立行政法人地域医療機能推進機構登別病院,北海道,平成30年度新規DPC準備病院,40.0,110.0,完全一致,1.0,独立行政法人地域医療機能推進機構登別病院,,
国立病院機構宮城病院,宮城県,平成30年度新規DPC準備病院,0.0,300.0,サフィックス一致,0.9,独立行政法人国立病院機構宮城病院,,
一般財団法人大阪府結核予防会大阪複十字病院,大阪府,平成28年度新規DPC準備病院,70.0,150.0,完全一致,1.0,一般財団法人大阪府結核予防会大阪複十字病院,,
医療法人協和会協和会病院,大阪府,平成28年度新規DPC準備病院,59.0,301.0,完全一致,1.0,医療法人協和会協和会病院,,
医療法人泰庸会新潟脳外科病院,新潟県,平成26年度新規DPC準備病院,91.0,145.0,サフィックス一致,0.9,新潟脳外科病院,,
医療法人山下病院,愛知県,平成26年度新規DPC準備病院,65.0,99.0,完全一致,1.0,医療法人山下病院,,
医療法人京優会谷川記念病院,大阪府,平成26年度新規DPC準備病院,43.0,43.0,完全一致,1.0,医療法人京優会谷川記念病院,,
医療法人明倫会宮地病院,兵庫県,平成26年度新規DPC準備病院,36.0,88.0,完全一致,1.0,医療法人明倫会宮地病院,,
医療法人社団仙齢会はりま病院,兵庫県,平成26年度新規DPC準備病院,39.0,89.0,完全一致,1.0,医療法人社団仙齢会はりま病院,,
IHI播磨病院,兵庫県,平成26年度新規DPC準備病院,78.0,128.0,完全一致,1.0,ＩＨＩ播磨病院,,
医療法人社団明日佳　宮の沢明日佳病院,北海道,平成26年度新規DPC準備病院,50.0,99.0,完全一致,1.0,医療法人社団明日佳　宮の沢明日佳病院,,
北海道脳神経外科記念病院,北海道,平成26年度新規DPC準備病院,63.0,134.0,サフィックス一致,0.9,医療法人社団 研仁会 北海道脳神経外科記念病院,,
医療法人きたじま倚山会きたじま田岡病院,徳島県,平成26年度新規DPC準備病院,46.0,198.0,未結合,,,,
福岡県済生会大牟田病院,福岡県,平成26年度新規DPC準備病院,92.0,176.0,完全一致,1.0,福岡県済生会大牟田病院,,
社会医療法人健友会上戸町病院,長崎県,平成26年度新規DPC準備病院,44.0,104.0,完全一致,1.0,健友会　上戸町病院,,
医療法人玄州会光武内科循環器科病院,長崎県,平成26年度新規DPC準備病院,0.0,82.0,サフィックス一致,0.9,光武内科循環器科病院,,
医療法人恵愛会　中村病院,大分県,平成26年度新規DPC準備病院,57.0,153.0,サフィックス一致,0.9,中村病院,,
一般財団法人弘潤会野崎東病院,宮崎県,平成26年度新規DPC準備病院,0.0,96.0,完全一致,1.0,一般財団法人弘潤会 野崎東病院,,
医療法人社団有相会最成病院,千葉県,平成26年度新規DPC準備病院,46.0,199.0,完全一致,1.0,医療法人社団有相会最成病院,,
国家公務員共済組合連合会九段坂病院,東京都,平成26年度新規DPC準備病院,172.0,257.0,完全一致,1.0,国家公務員共済組合連合会九段坂病院,,
医療法人豊和会新札幌豊和会病院,北海道,平成28年度新規DPC準備病院,105.0,140.0,完全一致,1.0,医療法人豊和会 新札幌豊和会病院,,
北部上北広域事務組合公立野辺地病院,青森県,平成28年度新規DPC準備病院,60.0,144.0,サフィックス一致,0.9,公立野辺地病院,,
社会医療法人みゆき会みゆき会病院,山形県,平成28年度新規DPC準備病院,48.0,183.0,サフィックス一致,0.9,みゆき会病院,,
医療法人平心会須賀川病院,福島県,平成28年度新規DPC準備病院,114.0,114.0,完全一致,1.0,医療法人平心会須賀川病院,,
医療法人健佑会いちはら病院,茨城県,平成28年度新規DPC準備病院,85.0,199.0,サフィックス一致,0.9,いちはら病院,,
独立行政法人国立病院機構茨城東病院,茨城県,平成28年度新規DPC準備病院,190.0,320.0,完全一致,1.0,独立行政法人国立病院機構 茨城東病院,,
井原市立井原市民病院,岡山県,平成26年度新規DPC準備病院,60.0,150.0,完全一致,1.0,井原市立井原市民病院,,
医療法人倚山会田岡病院,徳島県,平成26年度新規DPC準備病院,90.0,199.0,サフィックス一致,0.9,田岡病院,,
医療法人　石井会　石井病院,群馬県,平成28年度新規DPC準備病院,126.0,188.0,完全一致,1.0,医療法人石井会石井病院,,
医療法人聖仁会西部総合病院,埼玉県,平成28年度新規DPC準備病院,32.0,264.0,完全一致,1.0,医療法人聖仁会西部総合病院,,
医療法人誠壽会上福岡総合病院,埼玉県,平成28年度新規DPC準備病院,194.0,284.0,完全一致,1.0,医療法人誠壽会上福岡総合病院,,
東松山市立市民病院,埼玉県,平成28年度新規DPC準備病院,146.0,146.0,完全一致,1.0,東松山市立市民病院,,
社会医療法人社団菊田会習志野第一病院,千葉県,平成28年度新規DPC準備病院,144.0,183.0,完全一致,1.0,社会医療法人社団菊田会習志野第一病院,,
医療法人新都市医療研究会「君津」会玄々堂君津病院,千葉県,平成28年度新規DPC準備病院,120.0,160.0,完全一致,1.0,医療法人新都市医療研究会「君津」会玄々堂君津病院,,
医療法人　健寿会　黒木病院,宮崎県,平成26年度新規DPC準備病院,45.0,60.0,サフィックス一致,0.9,黒木病院,,
医療法人社団春陽会春陽会中央病院,鹿児島県,平成26年度新規DPC準備病院,40.0,100.0,未結合,,,,
医療法人臼井会　田野病院,高知県,平成22年度新規DPC準備病院,41.0,103.0,サフィックス一致,0.9,田野病院,,
聖陵岩里病院,大分県,平成22年度新規DPC準備病院,30.0,55.0,完全一致,1.0,聖陵岩里病院,,
医療法人　仁陽会　西岡第一病院,北海道,平成24年度新規DPC準備病院,60.0,60.0,完全一致,1.0,社会医療法人 仁陽会 西岡第一病院,,
医療法人社団 養生館　苫小牧日翔病院,北海道,平成24年度新規DPC準備病院,168.0,168.0,完全一致,1.0,医療法人社団養生館苫小牧日翔病院,,
村上新町病院,青森県,平成24年度新規DPC準備病院,46.0,78.0,完全一致,1.0,村上新町病院,,
医療法人博愛会一関病院,岩手県,平成24年度新規DPC準備病院,0.0,110.0,サフィックス一致,0.9,一関病院,,
医療法人　野上病院,大阪府,平成21年度新規DPC準備病院,52.0,163.0,サフィックス一致,0.9,医療法人晴心会野上病院,,
医療法人　青心会　郡山青藍病院,奈良県,平成21年度新規DPC準備病院,60.0,140.0,完全一致,1.0,医療法人青心会 郡山青藍病院,,
下田メディカルセンター,静岡県,平成24年度新規DPC準備病院,52.0,134.0,完全一致,1.0,下田メディカルセンター,,
医療法人友仁会　友仁山崎病院,滋賀県,平成24年度新規DPC準備病院,50.0,147.0,完全一致,1.0,医療法人友仁会友仁山崎病院,,
医療法人大慶会　星光病院,大阪府,平成24年度新規DPC準備病院,89.0,89.0,完全一致,1.0,医療法人大慶会星光病院,,
大阪医科薬科大学三島南病院,大阪府,平成24年度新規DPC準備病院,47.0,214.0,完全一致,1.0,大阪医科薬科大学三島南病院,,
医療法人ラポール会　青山脳神経外科病院,大阪府,平成24年度新規DPC準備病院,50.0,50.0,完全一致,1.0,医療法人ラポール会青山脳神経外科病院,,
社会医療法人盛和会本田病院,大阪府,平成24年度新規DPC準備病院,40.0,100.0,完全一致,1.0,社会医療法人盛和会本田病院,,
岐阜清流病院,岐阜県,平成22年度新規DPC準備病院,113.0,316.0,完全一致,1.0,岐阜清流病院,,
医療法人社団曙会　シムラ病院,広島県,平成22年度新規DPC準備病院,49.0,117.0,完全一致,1.0,医療法人社団曙会 シムラ病院,,
医療法人　叙叙会　福山第一病院,広島県,平成24年度新規DPC準備病院,82.0,132.0,完全一致,1.0,医療法人叙叙会 福山第一病院,,
産業医科大学若松病院,福岡県,平成24年度新規DPC準備病院,133.0,150.0,完全一致,1.0,産業医科大学若松病院,,
医療法人　しょうわ会　正和中央病院,福岡県,平成24年度新規DPC準備病院,23.0,77.0,完全一致,1.0,医療法人しょうわ会 正和中央病院,,
小城市民病院,佐賀県,平成24年度新規DPC準備病院,45.0,60.0,完全一致,1.0,小城市民病院,,
社会医療法人鳩仁会札幌中央病院,北海道,平成26年度新規DPC準備病院,160.0,180.0,サフィックス一致,0.9,札幌中央病院,,
医療法人為久会札幌共立五輪橋病院,北海道,平成26年度新規DPC準備病院,150.0,188.0,完全一致,1.0,医療法人為久会 札幌共立五輪橋病院,,
豊岡第一病院,埼玉県,平成24年度新規DPC準備病院,78.0,78.0,完全一致,1.0,豊岡第一病院,,
独立行政法人　国立病院機構　神奈川病院,神奈川県,平成24年度新規DPC準備病院,30.0,280.0,サフィックス一致,0.9,独立行政法人国立病院機構神奈川病院,,
社会医療法人　恵佑会第2病院,北海道,平成26年度新規DPC準備病院,135.0,135.0,完全一致,1.0,社会医療法人恵佑会第２病院,,
医療法人　脳神経研究センター　新さっぽろ脳神経外科病院,北海道,平成26年度新規DPC準備病院,80.0,135.0,未結合,,,,
学校法人　東北医科薬科大学　東北医科薬科大学若林病院,宮城県,平成26年度新規DPC準備病院,95.0,127.0,サフィックス一致,0.9,東北医科薬科大学若林病院,,
きぬ医師会病院,茨城県,平成26年度新規DPC準備病院,124.0,124.0,完全一致,1.0,きぬ医師会病院,,
県北医療センター高萩協同病院,茨城県,平成26年度新規DPC準備病院,89.0,144.0,完全一致,1.0,県北医療センター高萩協同病院,,
社会福祉法人白十字会白十字総合病院,茨城県,平成26年度新規DPC準備病院,174.0,304.0,完全一致,1.0,社会福祉法人白十字会 白十字総合病院,,
医療法人社団　菫会　名谷病院,兵庫県,平成24年度新規DPC準備病院,41.0,112.0,完全一致,1.0,医療法人社団菫会 名谷病院,,
医療法人　須佐病院,和歌山県,平成24年度新規DPC準備病院,45.0,60.0,完全一致,1.0,医療法人　須佐病院,,
公益社団法人花巻共立会　総合花巻病院,岩手県,平成20年度新規DPC準備病院,88.0,198.0,未結合,,,,
社会医療法人　社団　慶友会　慶友整形外科病院,群馬県,平成20年度新規DPC準備病院,137.0,137.0,サフィックス一致,0.9,慶友整形外科病院,,
医療法人社団桐光会　調布病院,東京都,平成20年度新規DPC準備病院,107.0,150.0,完全一致,1.0,医療法人社団桐光会 調布病院,,
医療法人社団　敬誠会　合志病院,兵庫県,平成20年度新規DPC準備病院,87.0,99.0,サフィックス一致,0.9,合志病院,,
和歌山中央医療生活協同組合　和歌山生協病院,和歌山県,平成20年度新規DPC準備病院,56.0,149.0,サフィックス一致,0.9,和歌山生協病院,,
公益財団法人　大原記念倉敷中央医療機構　倉敷中央病院リバーサイド,岡山県,平成20年度新規DPC準備病院,50.0,130.0,完全一致,1.0,公益財団法人大原記念倉敷中央医療機構倉敷中央病院リバーサイド,,
医療法人　桂会　平尾病院,奈良県,"平成18,19年度新規DPC準備病院",99.0,99.0,完全一致,1.0,医療法人桂会 平尾病院,,
医療法人誠和会　倉敷紀念病院,岡山県,"平成18,19年度新規DPC準備病院",0.0,148.0,完全一致,1.0,医療法人誠和会倉敷紀念病院,,
一般社団法人福岡県社会保険医療協会　社会保険仲原病院,福岡県,平成20年度新規DPC準備病院,46.0,125.0,サフィックス一致,0.9,社会保険仲原病院,,
医療法人社団　誠和会　牟田病院,福岡県,平成20年度新規DPC準備病院,45.0,163.0,完全一致,1.0,医療法人社団誠和会 牟田病院,,
医療法人恵光会　原病院,福岡県,平成20年度新規DPC準備病院,0.0,220.0,完全一致,1.0,医療法人恵光会原病院,,
医療法人　社団誠心会　萩原中央病院,福岡県,平成20年度新規DPC準備病院,45.0,115.0,サフィックス一致,0.9,医療法人社団誠心会 萩原中央病院,,
独立行政法人地域医療機能推進機構　松浦中央病院,長崎県,平成20年度新規DPC準備病院,47.0,85.0,完全一致,1.0,独立行政法人地域医療機能推進機構　松浦中央病院,,
医療法人社団　中津胃腸病院,大分県,平成20年度新規DPC準備病院,37.0,112.0,完全一致,1.0,中津胃腸病院,,
医療法人　仁友会　北彩都病院,北海道,平成20年度新規DPC準備病院,116.0,116.0,完全一致,1.0,医療法人仁友会北彩都病院,,
医療法人社団医修会　大川原脳神経外科病院,北海道,平成20年度新規DPC準備病院,60.0,137.0,サフィックス一致,0.9,大川原脳神経外科病院,,
社会医療法人貞仁会　新札幌ひばりが丘病院,北海道,平成21年度新規DPC準備病院,0.0,143.0,完全一致,1.0,社会医療法人貞仁会　新札幌ひばりが丘病院,,
総合病院　浦河赤十字病院,北海道,平成21年度新規DPC準備病院,58.0,146.0,完全一致,1.0,総合病院浦河赤十字病院,,
北村山公立病院,山形県,平成21年度新規DPC準備病院,216.0,270.0,完全一致,1.0,北村山公立病院,,
社会医療法人　恒貴会　協和中央病院,茨城県,平成21年度新規DPC準備病院,165.0,199.0,完全一致,1.0,社会医療法人恒貴会協和中央病院,,
医療法人社団　高裕会　深川立川病院,東京都,平成21年度新規DPC準備病院,60.0,90.0,完全一致,1.0,医療法人社団高裕会 深川立川病院,,
相模原中央病院,神奈川県,平成21年度新規DPC準備病院,102.0,157.0,完全一致,1.0,相模原中央病院,,
医療法人竹下会　竹下病院,高知県,平成20年度新規DPC準備病院,18.0,76.0,サフィックス一致,0.9,竹下病院,,
医療法人　井上会　篠栗病院,福岡県,平成20年度新規DPC準備病院,45.0,260.0,完全一致,1.0,医療法人井上会篠栗病院,,
一般財団法人　札幌同交会病院,北海道,平成22年度新規DPC準備病院,59.0,107.0,完全一致,1.0,一般財団法人 札幌同交会病院,,
社会医療法人　朋仁会　整形外科　北新病院,北海道,平成22年度新規DPC準備病院,112.0,112.0,完全一致,1.0,社会医療法人朋仁会　整形外科北新病院,,
医療法人　卓和会　藤井脳神経外科病院,栃木県,平成22年度新規DPC準備病院,56.0,113.0,サフィックス一致,0.9,藤井脳神経外科病院,,
医療法人社団協友会　メディカルトピア草加病院,埼玉県,平成22年度新規DPC準備病院,80.0,80.0,完全一致,1.0,医療法人社団協友会メディカルトピア草加病院,,
社会福祉法人　ワゲン福祉会　総合相模更生病院,神奈川県,平成22年度新規DPC準備病院,181.0,181.0,サフィックス一致,0.9,総合相模更生病院,,
瀬口脳神経外科病院,長野県,平成22年度新規DPC準備病院,41.0,41.0,完全一致,1.0,瀬口脳神経外科病院,,
垂水市立医療センター　垂水中央病院,鹿児島県,平成20年度新規DPC準備病院,46.0,126.0,完全一致,1.0,垂水市立医療センター垂水中央病院,,
医療法人　麻生整形外科病院,北海道,平成21年度新規DPC準備病院,53.0,53.0,完全一致,1.0,医療法人 麻生整形外科病院,,
沖縄県立宮古病院,沖縄県,平成21年度DPC参加病院,178.0,273.0,完全一致,1.0,沖縄県立宮古病院,,
沖縄県立八重山病院,沖縄県,平成21年度DPC参加病院,211.0,255.0,完全一致,1.0,沖縄県立八重山病院,,
一般財団法人三宅医学研究所附属三宅リハビリテーション病院,香川県,"平成18,19年度新規DPC準備病院",25.0,61.0,完全一致,1.0,一般財団法人三宅医学研究所附属三宅リハビリテーション病院,,
野口病院,大分県,"平成18,19年度新規DPC準備病院",120.0,120.0,完全一致,1.0,野口病院,,
札幌循環器病院,北海道,"平成18,19年度新規DPC準備病院",89.0,89.0,完全一致,1.0,札幌循環器病院,,
社会医療法人　耳鼻咽喉科麻生病院,北海道,"平成18,19年度新規DPC準備病院",35.0,35.0,完全一致,1.0,社会医療法人 耳鼻咽喉科麻生病院,,
社会医療法人仁愛会浦添総合病院,沖縄県,平成18年度DPC参加病院,334.0,334.0,完全一致,1.0,社会医療法人仁愛会 浦添総合病院,,
医療法人八重瀬会　同仁病院,沖縄県,平成30年度DPC参加病院,100.0,154.0,完全一致,1.0,医療法人八重瀬会 同仁病院,,
社会医療法人耳鼻咽喉科麻生北見病院,北海道,"平成18,19年度新規DPC準備病院",44.0,44.0,完全一致,1.0,社会医療法人耳鼻咽喉科麻生北見病院,,
医療生協わたり病院,福島県,"平成18,19年度新規DPC準備病院",100.0,192.0,完全一致,1.0,医療生協わたり病院,,
神栖済生会病院,茨城県,"平成18,19年度新規DPC準備病院",120.0,120.0,完全一致,1.0,神栖済生会病院,,
医療法人積仁会　島田総合病院,千葉県,"平成18,19年度新規DPC準備病院",96.0,96.0,完全一致,1.0,医療法人積仁会島田総合病院,,
社会医療法人社団　医善会　いずみ記念病院,東京都,"平成18,19年度新規DPC準備病院",54.0,144.0,完全一致,1.0,社会医療法人社団 医善会 いずみ記念病院,,
医療法人社団　KNI　北原国際病院,東京都,"平成18,19年度新規DPC準備病院",87.0,87.0,完全一致,1.0,医療法人社団ＫＮＩ北原国際病院,,
沖縄県立北部病院,沖縄県,平成20年度DPC参加病院,197.0,236.0,完全一致,1.0,沖縄県立北部病院,,
沖縄赤十字病院,沖縄県,平成20年度DPC参加病院,219.0,245.0,完全一致,1.0,沖縄赤十字病院,,
医療法人蜂友会　はちや整形外科病院,愛知県,"平成18,19年度新規DPC準備病院",52.0,52.0,完全一致,1.0,医療法人蜂友会はちや整形外科病院,,
医療法人　鉄友会　宇野病院,愛知県,"平成18,19年度新規DPC準備病院",38.0,180.0,完全一致,1.0,医療法人鉄友会 宇野病院,,
社会福祉法人　京都社会事業財団　西陣病院,京都府,"平成18,19年度新規DPC準備病院",171.0,295.0,完全一致,1.0,社会福祉法人京都社会事業財団西陣病院,,
社会医療法人　健康会　京都南病院,京都府,"平成18,19年度新規DPC準備病院",0.0,199.0,完全一致,1.0,社会医療法人健康会　京都南病院,,
医療法人　邦徳会　邦和病院,大阪府,"平成18,19年度新規DPC準備病院",48.0,119.0,完全一致,1.0,医療法人 邦徳会 邦和病院,,
医療法人社団　光風会　長久病院,兵庫県,"平成18,19年度新規DPC準備病院",38.0,50.0,完全一致,1.0,医療法人社団光風会長久病院,,
社会医療法人豊生会　東苗穂病院,北海道,"平成18,19年度新規DPC準備病院",60.0,161.0,完全一致,1.0,医療法人社団豊生会 東苗穂病院,,
医療法人秀友会　札幌秀友会病院,北海道,"平成18,19年度新規DPC準備病院",26.0,138.0,完全一致,1.0,医療法人秀友会 札幌秀友会病院,,
医療法人　三和会　国吉病院,高知県,"平成18,19年度新規DPC準備病院",42.0,106.0,サフィックス一致,0.9,国吉病院,,
公益財団法人小倉医療協会　三萩野病院,福岡県,"平成18,19年度新規DPC準備病院",48.0,146.0,サフィックス一致,0.9,三萩野病院,,
諫早記念病院,長崎県,"平成18,19年度新規DPC準備病院",34.0,112.0,完全一致,1.0,諫早記念病院,,
医療法人慈風会　厚地脳神経外科病院,鹿児島県,"平成18,19年度新規DPC準備病院",60.0,60.0,サフィックス一致,0.9,厚地脳神経外科病院,,
医療法人　彰和会　北海道消化器科病院,北海道,平成20年度新規DPC準備病院,163.0,177.0,完全一致,1.0,医療法人彰和会 北海道消化器科病院,,
社会医療法人　札幌清田病院,北海道,平成20年度新規DPC準備病院,79.0,109.0,完全一致,1.0,社会医療法人 札幌清田病院,,
右田病院,東京都,"平成18,19年度新規DPC準備病院",0.0,118.0,サフィックス一致,0.9,医療法人財団興和会 右田病院,,
三浦市立病院,神奈川県,"平成18,19年度新規DPC準備病院",89.0,136.0,完全一致,1.0,三浦市立病院,,
出水総合医療センター,鹿児島県,平成20年度DPC参加病院,136.0,215.0,完全一致,1.0,出水総合医療センター,,
社会医療法人義順顕彰会　種子島医療センター,鹿児島県,平成21年度DPC参加病院,98.0,188.0,完全一致,1.0,社会医療法人義順顕彰会 種子島医療センター,,
社会福祉法人　恩賜財団　済生会川内病院,鹿児島県,平成21年度DPC参加病院,208.0,208.0,サフィックス一致,0.9,済生会川内病院,,
川内市医師会立市民病院,鹿児島県,平成18年度DPC参加病院,149.0,193.0,完全一致,1.0,川内市医師会立市民病院,,
霧島市立医師会医療センター,鹿児島県,平成21年度DPC参加病院,200.0,254.0,完全一致,1.0,霧島市立医師会医療センター,,
国分生協病院,鹿児島県,平成26年度DPC参加病院,90.0,129.0,完全一致,1.0,国分生協病院,,
米盛病院,鹿児島県,平成20年度DPC参加病院,306.0,506.0,完全一致,1.0,米盛病院,,
鹿児島厚生連病院,鹿児島県,平成21年度DPC参加病院,94.0,184.0,完全一致,1.0,鹿児島厚生連病院,,
医療法人　徳洲会　名瀬徳洲会病院,鹿児島県,平成30年度DPC参加病院,163.0,308.0,サフィックス一致,0.9,名瀬徳洲会病院,,
青雲会病院,鹿児島県,平成26年度DPC参加病院,100.0,136.0,完全一致,1.0,青雲会病院,,
県立　薩南病院,鹿児島県,平成24年度DPC参加病院,150.0,160.0,完全一致,1.0,県立薩南病院,,
県立大島病院,鹿児島県,平成22年度DPC参加病院,284.0,299.0,サフィックス一致,0.9,鹿児島県立大島病院,,
県立　北薩病院,鹿児島県,平成22年度DPC参加病院,50.0,50.0,完全一致,1.0,県立北薩病院,,
県民健康プラザ鹿屋医療センター,鹿児島県,平成22年度DPC参加病院,150.0,150.0,完全一致,1.0,県民健康プラザ鹿屋医療センター,,
恒心会おぐら病院,鹿児島県,平成20年度DPC参加病院,116.0,216.0,完全一致,1.0,恒心会おぐら病院,,
出水郡医師会広域医療センター,鹿児島県,平成20年度DPC参加病院,126.0,216.0,完全一致,1.0,出水郡医師会広域医療センター,,
地方独立行政法人　那覇市立病院,沖縄県,平成20年度DPC参加病院,455.0,455.0,完全一致,1.0,地方独立行政法人那覇市立病院,,
沖縄協同病院,沖縄県,平成20年度DPC参加病院,280.0,280.0,完全一致,1.0,沖縄協同病院,,
医療法人おもと会　大浜第一病院,沖縄県,平成20年度DPC参加病院,173.0,217.0,完全一致,1.0,医療法人おもと会 大浜第一病院,,
社会医療法人　敬愛会中頭病院,沖縄県,平成16年度DPC参加病院,355.0,355.0,完全一致,1.0,社会医療法人 敬愛会 中頭病院,,
医療法人徳洲会　宮古島徳洲会病院,沖縄県,平成21年度DPC参加病院,53.0,99.0,サフィックス一致,0.9,宮古島徳洲会病院,,
医療法人博愛会牧港中央病院,沖縄県,令和2年度DPC参加病院,53.0,99.0,サフィックス一致,0.9,牧港中央病院,,
医療法人徳洲会屋久島徳洲会病院,鹿児島県,平成22年度DPC参加病院,45.0,140.0,サフィックス一致,0.9,屋久島徳洲会病院,,
医療法人　徳洲会　徳之島徳洲会病院,鹿児島県,平成22年度DPC参加病院,120.0,199.0,完全一致,1.0,医療法人徳洲会　徳之島徳洲会病院,,
公益社団法人　北部地区医師会　北部地区医師会病院,沖縄県,平成20年度DPC参加病院,181.0,236.0,完全一致,1.0,公益社団法人 北部地区医師会 北部地区医師会病院,,
社会医療法人　かりゆし会　ハートライフ病院,沖縄県,平成18年度DPC参加病院,308.0,308.0,完全一致,1.0,社会医療法人かりゆし会 ハートライフ病院,,
医療法人　徳洲会　中部徳洲会病院,沖縄県,平成20年度DPC参加病院,408.0,408.0,完全一致,1.0,医療法人　徳洲会　中部徳洲会病院,,
与那原中央病院,沖縄県,平成21年度DPC参加病院,96.0,170.0,完全一致,1.0,与那原中央病院,,
医療法人　徳洲会　南部徳洲会病院,沖縄県,平成20年度DPC参加病院,316.0,357.0,完全一致,1.0,医療法人徳洲会 南部徳洲会病院,,
沖縄県立中部病院,沖縄県,平成20年度DPC参加病院,511.0,511.0,完全一致,1.0,沖縄県立中部病院,,
独立行政法人国立病院機構　指宿医療センター,鹿児島県,平成23年度DPC参加病院,138.0,158.0,完全一致,1.0,独立行政法人国立病院機構指宿医療センター,,
独立行政法人国立病院機構南九州病院,鹿児島県,平成28年度DPC参加病院,135.0,425.0,完全一致,1.0,独立行政法人国立病院機構南九州病院,,
金丸脳神経外科病院,宮崎県,平成21年度DPC参加病院,52.0,100.0,完全一致,1.0,金丸脳神経外科病院,,
宮崎生協病院,宮崎県,平成21年度DPC参加病院,46.0,91.0,完全一致,1.0,宮崎生協病院,,
社会医療法人善仁会宮崎善仁会病院,宮崎県,平成23年度DPC参加病院,151.0,186.0,サフィックス一致,0.9,宮崎善仁会病院,,
宮崎市郡医師会病院,宮崎県,平成21年度DPC参加病院,255.0,267.0,完全一致,1.0,宮崎市郡医師会病院,,
藤元総合病院,宮崎県,平成21年度DPC参加病院,226.0,325.0,完全一致,1.0,藤元総合病院,,
橘病院,宮崎県,平成22年度DPC参加病院,50.0,92.0,完全一致,1.0,橘病院,,
杵築市立山香病院,大分県,令和2年度DPC参加病院,44.0,138.0,完全一致,1.0,杵築市立山香病院,,
宇佐高田医師会病院,大分県,平成21年度DPC参加病院,110.0,110.0,完全一致,1.0,宇佐高田医師会病院,,
医療法人誠和会和田病院,宮崎県,平成21年度DPC参加病院,30.0,142.0,完全一致,1.0,医療法人 誠和会和田病院,,
社会医療法人泉和会　千代田病院,宮崎県,平成26年度DPC参加病院,99.0,196.0,完全一致,1.0,社会医療法人泉和会千代田病院,,
独立行政法人国立病院機構　都城医療センター,宮崎県,平成24年度DPC参加病院,245.0,305.0,完全一致,1.0,独立行政法人国立病院機構都城医療センター,,
県立宮崎病院,宮崎県,平成21年度DPC参加病院,455.0,490.0,完全一致,1.0,県立宮崎病院,,
県立延岡病院,宮崎県,平成20年度DPC参加病院,388.0,388.0,サフィックス一致,0.9,宮崎県立延岡病院,,
県立日南病院,宮崎県,平成21年度DPC参加病院,179.0,229.0,完全一致,1.0,県立日南病院,,
古賀総合病院,宮崎県,平成20年度DPC参加病院,231.0,362.0,完全一致,1.0,古賀総合病院,,
南部病院,宮崎県,平成21年度DPC参加病院,35.0,72.0,完全一致,1.0,南部病院,,
総合病院　鹿児島生協病院,鹿児島県,平成21年度DPC参加病院,226.0,306.0,完全一致,1.0,総合病院鹿児島生協病院,,
中央病院,鹿児島県,平成21年度DPC参加病院,219.0,219.0,完全一致,1.0,中央病院,,
今村総合病院,鹿児島県,平成18年度DPC参加病院,330.0,428.0,完全一致,1.0,今村総合病院,,
鹿児島市医師会病院,鹿児島県,平成21年度DPC参加病院,148.0,199.0,完全一致,1.0,鹿児島市医師会病院,,
いづろ今村病院,鹿児島県,平成18年度DPC参加病院,35.0,115.0,完全一致,1.0,いづろ今村病院,,
相良病院,鹿児島県,平成20年度DPC参加病院,56.0,80.0,完全一致,1.0,相良病院,,
都城市郡医師会病院,宮崎県,平成26年度DPC参加病院,224.0,224.0,完全一致,1.0,都城市郡医師会病院,,
小林市立病院,宮崎県,平成30年度DPC参加病院,100.0,147.0,完全一致,1.0,小林市立病院,,
いまきいれ総合病院,鹿児島県,平成20年度DPC参加病院,350.0,350.0,完全一致,1.0,いまきいれ総合病院,,
社会医療法人童仁会　池田病院,鹿児島県,令和6年度DPC参加病院,27.0,27.0,未結合,,,,
医療法人　徳洲会　鹿児島徳洲会病院,鹿児島県,平成21年度DPC参加病院,130.0,310.0,サフィックス一致,0.9,鹿児島徳洲会病院,,
医療法人　青仁会　池田病院,鹿児島県,平成20年度DPC参加病院,123.0,189.0,未結合,,,,
医療法人徳洲会　大隅鹿屋病院,鹿児島県,平成21年度DPC参加病院,266.0,391.0,サフィックス一致,0.9,大隅鹿屋病院,,
徳田脳神経外科病院,鹿児島県,平成24年度DPC参加病院,30.0,70.0,完全一致,1.0,徳田脳神経外科病院,,
公益社団法人　鹿児島共済会　南風病院,鹿児島県,平成18年度DPC参加病院,273.0,320.0,完全一致,1.0,公益社団法人鹿児島共済会 南風病院,,
鹿児島赤十字病院,鹿児島県,平成22年度DPC参加病院,80.0,120.0,完全一致,1.0,鹿児島赤十字病院,,
独立行政法人地域医療機能推進機構　天草中央総合病院,熊本県,平成16年度DPC参加病院,93.0,155.0,完全一致,1.0,独立行政法人地域医療機能推進機構 天草中央総合病院,,
上天草市立上天草総合病院,熊本県,平成28年度DPC参加病院,72.0,195.0,完全一致,1.0,上天草市立上天草総合病院,,
球磨郡公立多良木病院,熊本県,平成21年度DPC参加病院,99.0,150.0,完全一致,1.0,球磨郡公立多良木病院,,
熊本市立植木病院,熊本県,平成21年度DPC参加病院,65.0,110.0,完全一致,1.0,熊本市立植木病院,,
くまもと県北病院,熊本県,平成20年度DPC参加病院,270.0,402.0,完全一致,1.0,くまもと県北病院,,
社会医療法人恵愛会　大分中村病院,大分県,令和2年度DPC参加病院,120.0,260.0,完全一致,1.0,社会医療法人恵愛会 大分中村病院,,
独立行政法人国立病院機構熊本医療センター,熊本県,平成18年度DPC参加病院,500.0,550.0,完全一致,1.0,独立行政法人国立病院機構熊本医療センター,,
山鹿市民医療センター,熊本県,平成21年度DPC参加病院,144.0,195.0,完全一致,1.0,山鹿市民医療センター,,
大分こども病院,大分県,令和2年度DPC参加病院,30.0,30.0,完全一致,1.0,大分こども病院,,
大分三愛メディカルセンター,大分県,平成21年度DPC参加病院,118.0,190.0,完全一致,1.0,大分三愛メディカルセンター,,
大分市医師会立アルメイダ病院,大分県,平成21年度DPC参加病院,305.0,370.0,完全一致,1.0,大分市医師会立アルメイダ病院,,
河野脳神経外科病院,大分県,平成21年度DPC参加病院,40.0,40.0,完全一致,1.0,河野脳神経外科病院,,
国家公務員共済組合連合会新別府病院,大分県,平成18年度DPC参加病院,210.0,261.0,完全一致,1.0,国家公務員共済組合連合会 新別府病院,,
大分県厚生連鶴見病院,大分県,平成21年度DPC参加病院,230.0,230.0,完全一致,1.0,大分県厚生連鶴見病院,,
独立行政法人地域医療機能推進機構　熊本総合病院,熊本県,平成16年度DPC参加病院,342.0,398.0,完全一致,1.0,独立行政法人地域医療機能推進機構 熊本総合病院,,
独立行政法人地域医療機能推進機構　人吉医療センター,熊本県,平成16年度DPC参加病院,222.0,252.0,完全一致,1.0,独立行政法人地域医療機能推進機構 人吉医療センター,,
日田中央病院,大分県,平成23年度DPC参加病院,42.0,82.0,サフィックス一致,0.9,医療法人咸宜会日田中央病院,,
大分県済生会日田病院,大分県,平成21年度DPC参加病院,120.0,199.0,完全一致,1.0,大分県済生会 日田病院,,
独立行政法人地域医療機能推進機構　南海医療センター,大分県,平成18年度DPC参加病院,153.0,195.0,完全一致,1.0,独立行政法人地域医療機能推進機構 南海医療センター,,
一般社団法人臼杵市医師会臼杵市医師会立コスモス病院,大分県,令和2年度DPC参加病院,90.0,180.0,サフィックス一致,0.9,臼杵市医師会立コスモス病院,,
津久見市医師会立津久見中央病院,大分県,令和6年度DPC参加病院,120.0,120.0,完全一致,1.0,津久見市医師会立津久見中央病院,,
高田中央病院,大分県,平成21年度DPC参加病院,108.0,138.0,完全一致,1.0,高田中央病院,,
大分記念病院,大分県,平成21年度DPC参加病院,49.0,118.0,完全一致,1.0,大分記念病院,,
大分岡病院,大分県,平成18年度DPC参加病院,203.0,203.0,完全一致,1.0,大分岡病院,,
豊後大野市民病院,大分県,令和2年度DPC参加病院,88.0,199.0,完全一致,1.0,豊後大野市民病院,,
国東市民病院,大分県,令和2年度DPC参加病院,98.0,199.0,完全一致,1.0,国東市民病院,,
独立行政法人国立病院機構　別府医療センター,大分県,平成21年度DPC参加病院,387.0,417.0,完全一致,1.0,独立行政法人国立病院機構別府医療センター,,
独立行政法人国立病院機構　大分医療センター,大分県,平成26年度DPC参加病院,225.0,285.0,完全一致,1.0,独立行政法人国立病院機構大分医療センター,,
大分赤十字病院,大分県,平成20年度DPC参加病院,290.0,339.0,完全一致,1.0,大分赤十字病院,,
潤和リハビリテーション振興財団潤和会記念病院,宮崎県,平成20年度DPC参加病院,164.0,446.0,サフィックス一致,0.9,潤和会記念病院,,
中津市立中津市民病院,大分県,平成20年度DPC参加病院,208.0,250.0,完全一致,1.0,中津市立中津市民病院,,
川嶌整形外科病院,大分県,平成20年度DPC参加病院,62.0,143.0,完全一致,1.0,川嶌整形外科病院,,
日本赤十字社　長崎原爆病院,長崎県,平成18年度DPC参加病院,253.0,315.0,完全一致,1.0,日本赤十字社長崎原爆病院,,
社会福祉法人恩賜財団済生会支部　済生会長崎病院,長崎県,平成20年度DPC参加病院,164.0,205.0,完全一致,1.0,社会福祉法人恩賜財団済生会支部済生会長崎病院,,
公立小浜温泉病院,長崎県,平成21年度DPC参加病院,60.0,150.0,完全一致,1.0,公立小浜温泉病院,,
長崎県上五島病院,長崎県,平成30年度DPC参加病院,60.0,110.0,完全一致,1.0,長崎県上五島病院,,
長崎県五島中央病院,長崎県,平成30年度DPC参加病院,144.0,264.0,完全一致,1.0,長崎県五島中央病院,,
長崎県島原病院,長崎県,平成20年度DPC参加病院,157.0,207.0,完全一致,1.0,長崎県島原病院,,
医療法人光善会　長崎百合野病院,長崎県,平成26年度DPC参加病院,60.0,160.0,サフィックス一致,0.9,長崎百合野病院,,
医療法人徳洲会　長崎北徳洲会病院,長崎県,平成21年度DPC参加病院,78.0,108.0,完全一致,1.0,医療法人徳洲会　長崎北徳洲会病院,,
長崎県対馬病院,長崎県,平成30年度DPC参加病院,128.0,229.0,完全一致,1.0,長崎県対馬病院,,
くわみず病院,熊本県,平成26年度DPC参加病院,50.0,100.0,完全一致,1.0,くわみず病院,,
江南病院,熊本県,平成21年度DPC参加病院,63.0,198.0,完全一致,1.0,江南病院,,
成尾整形外科病院,熊本県,平成22年度DPC参加病院,49.0,103.0,完全一致,1.0,成尾整形外科病院,,
熊本市医師会熊本地域医療センター,熊本県,平成21年度DPC参加病院,185.0,227.0,完全一致,1.0,一般社団法人 熊本市医師会 熊本地域医療センター,,
熊本機能病院,熊本県,平成20年度DPC参加病院,86.0,362.0,完全一致,1.0,熊本機能病院,,
独立行政法人地域医療機能推進機構　諫早総合病院,長崎県,平成16年度DPC参加病院,319.0,323.0,完全一致,1.0,独立行政法人地域医療機能推進機構　諫早総合病院,,
市立大村市民病院,長崎県,平成18年度DPC参加病院,114.0,212.0,完全一致,1.0,市立大村市民病院,,
一般社団法人天草郡市医師会立天草地域医療センター,熊本県,平成21年度DPC参加病院,193.0,193.0,完全一致,1.0,一般社団法人天草郡市医師会立天草地域医療センター,,
熊本リハビリテーション病院,熊本県,平成20年度DPC参加病院,90.0,225.0,完全一致,1.0,熊本リハビリテーション病院,,
熊本セントラル病院,熊本県,平成21年度DPC参加病院,96.0,246.0,完全一致,1.0,熊本セントラル病院,,
くまもと森都総合病院,熊本県,平成21年度DPC参加病院,154.0,199.0,完全一致,1.0,くまもと森都総合病院,,
大腸肛門病センター高野病院,熊本県,平成20年度DPC参加病院,100.0,166.0,完全一致,1.0,大腸肛門病センター高野病院,,
熊本整形外科病院,熊本県,平成20年度DPC参加病院,154.0,204.0,完全一致,1.0,熊本整形外科病院,,
地方独立行政法人長崎市立病院機構　長崎みなとメディカルセンター,長崎県,平成18年度DPC参加病院,407.0,420.0,サフィックス一致,0.9,長崎みなとメディカルセンター,,
長崎県壱岐病院,長崎県,平成30年度DPC参加病院,81.0,178.0,完全一致,1.0,長崎県壱岐病院,,
熊本市立熊本市民病院,熊本県,平成18年度DPC参加病院,388.0,388.0,完全一致,1.0,熊本市立熊本市民病院,,
荒尾市立有明医療センター,熊本県,平成21年度DPC参加病院,232.0,274.0,完全一致,1.0,荒尾市立有明医療センター,,
阿蘇医療センター,熊本県,令和6年度DPC参加病院,124.0,124.0,完全一致,1.0,阿蘇医療センター,,
熊本中央病院,熊本県,平成18年度DPC参加病院,355.0,355.0,完全一致,1.0,熊本中央病院,,
独立行政法人労働者健康安全機構　熊本労災病院,熊本県,平成20年度DPC参加病院,410.0,410.0,完全一致,1.0,独立行政法人労働者健康安全機構熊本労災病院,,
国保　水俣市立総合医療センター,熊本県,平成18年度DPC参加病院,201.0,296.0,完全一致,1.0,国保水俣市立総合医療センター,,
福田病院,熊本県,平成23年度DPC参加病院,158.0,158.0,サフィックス一致,0.9,社会医療法人愛育会福田病院,,
宇城総合病院,熊本県,平成21年度DPC参加病院,98.0,204.0,完全一致,1.0,宇城総合病院,,
今村病院,佐賀県,平成21年度DPC参加病院,78.0,247.0,未結合,,,,
やよいがおか鹿毛病院,佐賀県,平成20年度DPC参加病院,50.0,259.0,完全一致,1.0,やよいがおか鹿毛病院,,
山元記念病院,佐賀県,平成24年度DPC参加病院,54.0,150.0,サフィックス一致,0.9,社会医療法人謙仁会山元記念病院,,
副島整形外科病院,佐賀県,平成21年度DPC参加病院,47.0,77.0,完全一致,1.0,副島整形外科病院,,
新武雄病院,佐賀県,平成26年度DPC参加病院,141.0,195.0,完全一致,1.0,新武雄病院,,
祐愛会織田病院,佐賀県,平成18年度DPC参加病院,103.0,131.0,完全一致,1.0,社会医療法人祐愛会織田病院,,
九州鉄道記念病院,福岡県,平成22年度DPC参加病院,99.0,236.0,サフィックス一致,0.9,医療法人若葉会 九州鉄道記念病院,,
独立行政法人労働者健康安全機構　九州労災病院,福岡県,平成21年度DPC参加病院,450.0,450.0,完全一致,1.0,独立行政法人労働者健康安全機構 九州労災病院,,
独立行政法人地域医療機能推進機構　佐賀中部病院,佐賀県,平成16年度DPC参加病院,116.0,160.0,完全一致,1.0,独立行政法人地域医療機能推進機構佐賀中部病院,,
伊万里有田共立病院,佐賀県,平成30年度DPC参加病院,206.0,206.0,完全一致,1.0,伊万里有田共立病院,,
唐津赤十字病院,佐賀県,平成21年度DPC参加病院,304.0,304.0,完全一致,1.0,唐津赤十字病院,,
独立行政法人国立病院機構　佐賀病院,佐賀県,平成23年度DPC参加病院,210.0,270.0,完全一致,1.0,独立行政法人国立病院機構佐賀病院,,
独立行政法人国立病院機構　嬉野医療センター,佐賀県,平成18年度DPC参加病院,378.0,399.0,完全一致,1.0,独立行政法人国立病院機構嬉野医療センター,,
社会医療法人　春回会井上病院,長崎県,平成22年度DPC参加病院,100.0,112.0,完全一致,1.0,社会医療法人春回会　井上病院,,
独立行政法人国立病院機構小倉医療センター,福岡県,平成22年度DPC参加病院,295.0,400.0,完全一致,1.0,独立行政法人国立病院機構小倉医療センター,,
医療法人　尽心会　百武整形外科病院,佐賀県,平成28年度DPC参加病院,45.0,45.0,完全一致,1.0,医療法人尽心会百武整形外科病院,,
長崎掖済会病院,長崎県,平成22年度DPC参加病院,70.0,124.0,完全一致,1.0,長崎掖済会病院,,
医療法人　光晴会病院,長崎県,平成21年度DPC参加病院,145.0,145.0,完全一致,1.0,医療法人　光晴会病院,,
医療法人厚生会　虹が丘病院,長崎県,平成21年度DPC参加病院,120.0,150.0,完全一致,1.0,医療法人厚生会　虹が丘病院,,
社会医療法人財団　白十字会　佐世保中央病院,長崎県,平成18年度DPC参加病院,267.0,312.0,完全一致,1.0,社会医療法人財団白十字会佐世保中央病院,,
社会医療法人　三佼会　宮崎病院,長崎県,平成21年度DPC参加病院,70.0,133.0,完全一致,1.0,社会医療法人三佼会　宮崎病院,,
医療法人　医理会　柿添病院,長崎県,平成23年度DPC参加病院,40.0,85.0,サフィックス一致,0.9,柿添病院,,
白石共立病院,佐賀県,平成20年度DPC参加病院,88.0,150.0,完全一致,1.0,白石共立病院,,
社会福祉法人　恩賜財団　済生会唐津病院,佐賀県,平成20年度DPC参加病院,168.0,193.0,未結合,,,,
医療法人伴帥会　愛野記念病院,長崎県,平成20年度DPC参加病院,116.0,234.0,サフィックス一致,0.9,愛野記念病院,,
医療法人栄和会　泉川病院,長崎県,平成20年度DPC参加病院,108.0,120.0,サフィックス一致,0.9,泉川病院,,
独立行政法人国立病院機構　長崎川棚医療センター,長崎県,平成20年度DPC参加病院,60.0,235.0,完全一致,1.0,独立行政法人国立病院機構　長崎川棚医療センター,,
独立行政法人労働者健康安全機構　長崎労災病院,長崎県,平成18年度DPC参加病院,254.0,304.0,完全一致,1.0,独立行政法人労働者健康安全機構　長崎労災病院,,
国家公務員共済組合連合会　佐世保共済病院,長崎県,平成20年度DPC参加病院,266.0,306.0,完全一致,1.0,国家公務員共済組合連合会　佐世保共済病院,,
社会福祉法人　十善会　十善会病院,長崎県,平成21年度DPC参加病院,94.0,188.0,完全一致,1.0,社会福祉法人十善会　十善会病院,,
聖フランシスコ病院,長崎県,平成21年度DPC参加病院,50.0,157.0,サフィックス一致,0.9,宗教法人聖フランシスコ病院会　聖フランシスコ病院,,
社会医療法人　長崎記念病院,長崎県,平成20年度DPC参加病院,117.0,213.0,完全一致,1.0,長崎記念病院,,
ヨコクラ病院,福岡県,平成26年度DPC参加病院,56.0,199.0,完全一致,1.0,ヨコクラ病院,,
長田病院,福岡県,平成21年度DPC参加病院,76.0,182.0,完全一致,1.0,長田病院,,
米の山病院,福岡県,平成20年度DPC参加病院,123.0,219.0,完全一致,1.0,米の山病院,,
杉循環器科内科病院,福岡県,平成26年度DPC参加病院,48.0,81.0,完全一致,1.0,杉循環器科内科病院,,
社会保険大牟田天領病院,福岡県,平成21年度DPC参加病院,196.0,389.0,完全一致,1.0,社会保険大牟田天領病院,,
大牟田市立病院,福岡県,平成20年度DPC参加病院,320.0,320.0,完全一致,1.0,大牟田市立病院,,
くるめ病院,福岡県,平成22年度DPC参加病院,45.0,85.0,完全一致,1.0,くるめ病院,,
古賀病院21,福岡県,平成20年度DPC参加病院,142.0,199.0,サフィックス一致,0.9,社会医療法人天神会　古賀病院２１,,
飯塚市立病院,福岡県,平成28年度DPC参加病院,150.0,250.0,完全一致,1.0,飯塚市立病院,,
社会保険田川病院,福岡県,平成20年度DPC参加病院,215.0,335.0,完全一致,1.0,社会保険田川病院,,
田川市立病院,福岡県,平成26年度DPC参加病院,199.0,260.0,完全一致,1.0,田川市立病院,,
遠賀中間医師会おんが病院,福岡県,平成24年度DPC参加病院,100.0,100.0,完全一致,1.0,遠賀中間医師会おんが病院,,
福岡新水巻病院,福岡県,平成20年度DPC参加病院,227.0,227.0,完全一致,1.0,福岡新水巻病院,,
社会医療法人共愛会　戸畑共立病院,福岡県,平成20年度DPC参加病院,218.0,218.0,完全一致,1.0,社会医療法人共愛会 戸畑共立病院,,
医療法人聖峰会　田主丸中央病院,福岡県,平成20年度DPC参加病院,90.0,296.0,完全一致,1.0,医療法人聖峰会田主丸中央病院,,
姫野病院,福岡県,平成21年度DPC参加病院,70.0,140.0,完全一致,1.0,姫野病院,,
北九州市立八幡病院,福岡県,平成28年度DPC参加病院,312.0,312.0,完全一致,1.0,北九州市立八幡病院,,
社会医療法人　陽明会小波瀬病院,福岡県,平成20年度DPC参加病院,166.0,266.0,完全一致,1.0,社会医療法人 陽明会 小波瀬病院,,
新行橋病院,福岡県,平成18年度DPC参加病院,201.0,246.0,完全一致,1.0,新行橋病院,,
公益社団法人日本海員掖済会門司掖済会病院,福岡県,平成22年度DPC参加病院,114.0,114.0,完全一致,1.0,公益社団法人日本海員掖済会 門司掖済会病院,,
独立行政法人労働者健康安全機構　九州労災病院　門司メディカルセンター,福岡県,平成21年度DPC参加病院,101.0,175.0,完全一致,1.0,独立行政法人労働者健康安全機構 九州労災病院門司メディカルセンター,,
新小文字病院,福岡県,平成20年度DPC参加病院,214.0,214.0,完全一致,1.0,新小文字病院,,
社会保険直方病院,福岡県,平成21年度DPC参加病院,79.0,156.0,完全一致,1.0,社会保険直方病院,,
独立行政法人地域医療機能推進機構　福岡ゆたか中央病院,福岡県,平成22年度DPC参加病院,82.0,152.0,完全一致,1.0,独立行政法人地域医療機能推進機構 福岡ゆたか中央病院,,
国家公務員共済組合連合会新小倉病院,福岡県,平成21年度DPC参加病院,127.0,259.0,完全一致,1.0,国家公務員共済組合連合会新小倉病院,,
健和会　大手町病院,福岡県,平成20年度DPC参加病院,341.0,449.0,完全一致,1.0,健和会大手町病院,,
北九州総合病院,福岡県,平成20年度DPC参加病院,360.0,360.0,完全一致,1.0,北九州総合病院,,
北九州市立医療センター,福岡県,平成21年度DPC参加病院,494.0,514.0,完全一致,1.0,北九州市立医療センター,,
独立行政法人国立病院機構　福岡東医療センター,福岡県,平成21年度DPC参加病院,391.0,549.0,完全一致,1.0,独立行政法人国立病院機構福岡東医療センター,,
独立行政法人国立病院機構　九州がんセンター,福岡県,平成22年度DPC参加病院,411.0,411.0,完全一致,1.0,独立行政法人国立病院機構九州がんセンター,,
製鉄記念八幡病院,福岡県,平成18年度DPC参加病院,314.0,384.0,完全一致,1.0,製鉄記念八幡病院,,
福岡県済生会八幡総合病院,福岡県,平成21年度DPC参加病院,308.0,355.0,サフィックス一致,0.9,社会福祉法人恩賜財団済生会支部福岡県済生会 八幡総合病院,,
医療法人庄正会蜂須賀病院,福岡県,令和6年度DPC参加病院,46.0,96.0,サフィックス一致,0.9,蜂須賀病院,,
医療法人佐田厚生会　佐田病院,福岡県,平成21年度DPC参加病院,80.0,130.0,完全一致,1.0,医療法人佐田厚生会 佐田病院,,
福岡大学西新病院,福岡県,平成21年度DPC参加病院,60.0,116.0,完全一致,1.0,福岡大学西新病院,,
福岡中央病院,福岡県,平成28年度DPC参加病院,87.0,192.0,サフィックス一致,0.9,医療法人社団高邦会 福岡中央病院,,
社会医療法人財団白十字会白十字病院,福岡県,平成20年度DPC参加病院,237.0,282.0,完全一致,1.0,社会医療法人財団白十字会白十字病院,,
さくら病院,福岡県,平成28年度DPC参加病院,43.0,152.0,完全一致,1.0,さくら病院,,
医療法人　原三信病院,福岡県,平成18年度DPC参加病院,274.0,324.0,完全一致,1.0,医療法人原三信病院,,
国家公務員共済組合連合会　千早病院,福岡県,平成30年度DPC参加病院,124.0,175.0,完全一致,1.0,国家公務員共済組合連合会千早病院,,
福岡記念病院,福岡県,平成18年度DPC参加病院,239.0,239.0,完全一致,1.0,福岡記念病院,,
福西会病院,福岡県,平成24年度DPC参加病院,148.0,198.0,サフィックス一致,0.9,社会医療法人福西会 福西会病院,,
福岡リハビリテーション病院,福岡県,平成21年度DPC参加病院,83.0,228.0,完全一致,1.0,福岡リハビリテーション病院,,
医療法人光川会福岡脳神経外科病院,福岡県,令和4年度DPC参加病院,60.0,92.0,完全一致,1.0,医療法人光川会 福岡脳神経外科病院,,
社会医療法人　喜悦会那珂川病院,福岡県,平成21年度DPC参加病院,59.0,162.0,サフィックス一致,0.9,那珂川病院,,
公立学校共済組合　九州中央病院,福岡県,平成18年度DPC参加病院,316.0,330.0,完全一致,1.0,公立学校共済組合九州中央病院,,
宗像水光会総合病院,福岡県,平成21年度DPC参加病院,160.0,300.0,完全一致,1.0,宗像水光会 総合病院,,
宗像医師会病院,福岡県,平成20年度DPC参加病院,101.0,149.0,完全一致,1.0,宗像医師会病院,,
糸島医師会病院,福岡県,平成24年度DPC参加病院,79.0,150.0,完全一致,1.0,糸島医師会病院,,
医療法人恵真会　渡辺整形外科病院,福岡県,平成22年度DPC参加病院,21.0,59.0,完全一致,1.0,医療法人恵真会 渡辺整形外科病院,,
公立八女総合病院,福岡県,平成18年度DPC参加病院,300.0,300.0,完全一致,1.0,公立八女総合病院,,
医療法人社団慶仁会川崎病院,福岡県,平成21年度DPC参加病院,95.0,215.0,完全一致,1.0,医療法人社団慶仁会 川崎病院,,
聖マリア病院,福岡県,平成16年度DPC参加病院,834.0,960.0,サフィックス一致,0.9,社会医療法人雪の聖母会聖マリア病院,,
独立行政法人地域医療機能推進機構　久留米総合病院,福岡県,平成16年度DPC参加病院,146.0,154.0,完全一致,1.0,独立行政法人地域医療機能推進機構 久留米総合病院,,
西福岡病院,福岡県,平成20年度DPC参加病院,45.0,220.0,完全一致,1.0,医療法人西福岡病院,,
国家公務員共済組合連合会　浜の町病院,福岡県,平成18年度DPC参加病院,468.0,468.0,完全一致,1.0,国家公務員共済組合連合会浜の町病院,,
医療法人　松風海　内藤病院,福岡県,平成23年度DPC参加病院,41.0,90.0,完全一致,1.0,医療法人松風海 内藤病院,,
筑後市立病院,福岡県,平成20年度DPC参加病院,151.0,199.0,完全一致,1.0,地方独立行政法人筑後市立病院,,
朝倉医師会病院,福岡県,平成22年度DPC参加病院,152.0,224.0,完全一致,1.0,朝倉医師会病院,,
医療法人社団高邦会高木病院,福岡県,平成18年度DPC参加病院,261.0,506.0,サフィックス一致,0.9,医療法人 社団高邦会 高木病院,,
福田病院,福岡県,平成26年度DPC参加病院,53.0,113.0,完全一致,1.0,医療法人 福田病院,,
嶋田病院,福岡県,平成20年度DPC参加病院,100.0,150.0,完全一致,1.0,嶋田病院,,
福岡県済生会二日市病院,福岡県,平成20年度DPC参加病院,260.0,260.0,完全一致,1.0,福岡県済生会二日市病院,,
福岡大学筑紫病院,福岡県,平成20年度DPC参加病院,310.0,310.0,完全一致,1.0,福岡大学筑紫病院,,
社会福祉法人　恩賜財団　済生会西条病院,愛媛県,平成22年度DPC参加病院,128.0,152.0,完全一致,1.0,社会福祉法人恩賜財団済生会 西条病院,,
市立大洲病院,愛媛県,平成30年度DPC参加病院,101.0,150.0,完全一致,1.0,市立大洲病院,,
社会医療法人　北斗会　大洲中央病院,愛媛県,平成28年度DPC参加病院,60.0,180.0,サフィックス一致,0.9,大洲中央病院,,
公立学校共済組合四国中央病院,愛媛県,平成21年度DPC参加病院,146.0,205.0,完全一致,1.0,公立学校共済組合四国中央病院,,
社会医療法人　石川記念会　ＨＩＴＯ病院,愛媛県,平成21年度DPC参加病院,108.0,228.0,完全一致,1.0,社会医療法人石川記念会ＨＩＴＯ病院,,
独立行政法人国立病院機構四国がんセンター,愛媛県,平成21年度DPC参加病院,343.0,368.0,完全一致,1.0,独立行政法人国立病院機構四国がんセンター,,
社会福祉法人　恩賜財団　済生会今治病院,愛媛県,平成21年度DPC参加病院,134.0,191.0,完全一致,1.0,社会福祉法人恩賜財団済生会今治病院,,
医療法人徳洲会　宇和島徳洲会病院,愛媛県,平成24年度DPC参加病院,128.0,268.0,完全一致,1.0,医療法人徳洲会　宇和島徳洲会病院,,
いずみの病院,高知県,平成21年度DPC参加病院,118.0,238.0,完全一致,1.0,いずみの病院,,
高知高須病院,高知県,平成21年度DPC参加病院,39.0,63.0,完全一致,1.0,高知高須病院,,
高知県立あき総合病院,高知県,平成28年度DPC参加病院,130.0,270.0,完全一致,1.0,高知県立あき総合病院,,
ＪＡ高知病院,高知県,平成20年度DPC参加病院,96.0,154.0,完全一致,1.0,ＪＡ高知病院,,
土佐市立土佐市民病院,高知県,平成24年度DPC参加病院,96.0,150.0,完全一致,1.0,土佐市立土佐市民病院,,
医療法人五月会　須崎くろしお病院,高知県,平成21年度DPC参加病院,95.0,158.0,サフィックス一致,0.9,須崎くろしお病院,,
西条市立周桑病院,愛媛県,平成30年度DPC参加病院,48.0,112.0,完全一致,1.0,西条市立周桑病院,,
西条中央病院,愛媛県,平成26年度DPC参加病院,101.0,242.0,完全一致,1.0,西条中央病院,,
医療法人　社団若鮎　北島病院,高知県,平成22年度DPC参加病院,50.0,50.0,サフィックス一致,0.9,北島病院,,
独立行政法人国立病院機構高知病院,高知県,平成23年度DPC参加病院,282.0,424.0,完全一致,1.0,高知病院,,
医療法人　輝栄会　福岡輝栄会病院,福岡県,平成21年度DPC参加病院,92.0,259.0,完全一致,1.0,医療法人輝栄会 福岡輝栄会病院,,
福岡市民病院,福岡県,平成18年度DPC参加病院,204.0,204.0,サフィックス一致,0.9,地方独立行政法人福岡市立病院機構福岡市民病院,,
地方独立行政法人福岡市立病院機構福岡市立こども病院,福岡県,平成20年度DPC参加病院,239.0,239.0,サフィックス一致,0.9,福岡市立こども病院,,
貝塚病院,福岡県,平成30年度DPC参加病院,53.0,199.0,完全一致,1.0,貝塚病院,,
医療法人　久会　図南病院,高知県,平成21年度DPC参加病院,36.0,116.0,サフィックス一致,0.9,図南病院,,
社会医療法人仁生会細木病院,高知県,平成21年度DPC参加病院,60.0,456.0,サフィックス一致,0.9,細木病院,,
社会医療法人　原土井病院,福岡県,平成26年度DPC参加病院,44.0,351.0,完全一致,1.0,原土井病院,,
千鳥橋病院,福岡県,平成20年度DPC参加病院,183.0,350.0,完全一致,1.0,千鳥橋病院,,
社会医療法人社団至誠会　木村病院,福岡県,平成23年度DPC参加病院,48.0,121.0,完全一致,1.0,社会医療法人社団 至誠会 木村病院,,
医療法人　豊資会　加野病院,福岡県,平成21年度DPC参加病院,16.0,30.0,完全一致,1.0,医療法人豊資会加野病院,,
医療法人社団日晴会久恒病院,福岡県,平成21年度DPC参加病院,33.0,47.0,完全一致,1.0,医療法人社団日晴会久恒病院,,
福岡青洲会病院,福岡県,平成21年度DPC参加病院,167.0,213.0,完全一致,1.0,福岡青洲会病院,,
高知県立幡多けんみん病院,高知県,平成21年度DPC参加病院,292.0,296.0,完全一致,1.0,高知県立幡多けんみん病院,,
くぼかわ病院,高知県,平成21年度DPC参加病院,50.0,172.0,完全一致,1.0,くぼかわ病院,,
阿南医療センター,徳島県,平成22年度DPC参加病院,231.0,286.0,完全一致,1.0,阿南医療センター,,
ホウエツ病院,徳島県,平成21年度DPC参加病院,29.0,65.0,完全一致,1.0,ホウエツ病院,,
徳島県立三好病院,徳島県,平成24年度DPC参加病院,162.0,190.0,完全一致,1.0,徳島県立三好病院,,
徳島県立海部病院,徳島県,平成21年度DPC参加病院,106.0,110.0,完全一致,1.0,徳島県立海部病院,,
吉野川医療センター,徳島県,令和6年度DPC参加病院,290.0,290.0,サフィックス一致,0.9,徳島県厚生農業協同組合連合会吉野川医療センター,,
つるぎ町立半田病院,徳島県,平成21年度DPC参加病院,89.0,99.0,完全一致,1.0,つるぎ町立半田病院,,
山口県厚生農業協同組合連合会　小郡第一総合病院,山口県,平成21年度DPC参加病院,137.0,182.0,サフィックス一致,0.9,小郡第一総合病院,,
独立行政法人国立病院機構　山口宇部医療センター,山口県,平成28年度DPC参加病院,190.0,365.0,サフィックス一致,0.9,国立病院機構 山口宇部医療センター,,
独立行政法人労働者健康安全機構　香川労災病院,香川県,平成18年度DPC参加病院,404.0,404.0,完全一致,1.0,独立行政法人労働者健康安全機構香川労災病院,,
香川県厚生農業協同組合連合会　滝宮総合病院,香川県,平成23年度DPC参加病院,92.0,155.0,完全一致,1.0,香川県厚生農業協同組合連合会滝宮総合病院,,
国家公務員共済組合連合会　高松病院,香川県,平成20年度DPC参加病院,133.0,179.0,サフィックス一致,0.9,ＫＫＲ高松病院,,
三豊総合病院,香川県,平成21年度DPC参加病院,416.0,416.0,完全一致,1.0,三豊総合病院,,
さぬき市民病院,香川県,平成24年度DPC参加病院,118.0,153.0,完全一致,1.0,さぬき市民病院,,
社会福祉法人恩賜財団済生会支部香川県済生会病院,香川県,平成28年度DPC参加病院,148.0,198.0,完全一致,1.0,社会福祉法人恩賜財団済生会支部 香川県済生会病院,,
川島病院,徳島県,平成21年度DPC参加病院,123.0,123.0,完全一致,1.0,川島病院,,
徳島県鳴門病院,徳島県,平成16年度DPC参加病院,231.0,279.0,完全一致,1.0,徳島県鳴門病院,,
高松市立みんなの病院,香川県,平成21年度DPC参加病院,257.0,300.0,完全一致,1.0,高松市立みんなの病院,,
独立行政法人国立病院機構四国こどもとおとなの医療センター,香川県,平成20年度DPC参加病院,402.0,689.0,完全一致,1.0,独立行政法人国立病院機構四国こどもとおとなの医療センター,,
社会福祉法人　恩賜財団　済生会松山病院,愛媛県,平成20年度DPC参加病院,170.0,194.0,完全一致,1.0,社会福祉法人恩賜財団済生会 松山病院,,
松山市民病院,愛媛県,平成22年度DPC参加病院,350.0,350.0,完全一致,1.0,松山市民病院,,
瀬戸内海病院,愛媛県,平成21年度DPC参加病院,78.0,97.0,完全一致,1.0,瀬戸内海病院,,
愛媛県立今治病院,愛媛県,平成28年度DPC参加病院,197.0,238.0,完全一致,1.0,愛媛県立今治病院,,
社会医療法人財団　大樹会　総合病院　回生病院,香川県,平成18年度DPC参加病院,147.0,325.0,完全一致,1.0,社会医療法人財団大樹会総合病院回生病院,,
独立行政法人地域医療機能推進機構　りつりん病院,香川県,令和2年度DPC参加病院,118.0,199.0,完全一致,1.0,独立行政法人地域医療機能推進機構 りつりん病院,,
市立宇和島病院,愛媛県,平成22年度DPC参加病院,387.0,392.0,完全一致,1.0,市立宇和島病院,,
独立行政法人地域医療機能推進機構　宇和島病院,愛媛県,令和6年度DPC参加病院,101.0,199.0,完全一致,1.0,独立行政法人地域医療機能推進機構 宇和島病院,,
住友別子病院,愛媛県,平成22年度DPC参加病院,298.0,360.0,完全一致,1.0,住友別子病院,,
独立行政法人労働者健康安全機構　愛媛労災病院,愛媛県,平成18年度DPC参加病院,125.0,163.0,完全一致,1.0,独立行政法人労働者健康安全機構愛媛労災病院,,
愛媛県立新居浜病院,愛媛県,平成28年度DPC参加病院,165.0,208.0,完全一致,1.0,愛媛県立新居浜病院,,
一般財団法人積善会十全総合病院,愛媛県,平成22年度DPC参加病院,170.0,255.0,完全一致,1.0,一般財団法人積善会十全総合病院,,
坂出市立病院,香川県,平成20年度DPC参加病院,190.0,190.0,完全一致,1.0,坂出市立病院,,
香川県厚生農業協同組合連合会　屋島総合病院,香川県,平成21年度DPC参加病院,193.0,246.0,サフィックス一致,0.9,屋島総合病院,,
沼隈病院,広島県,平成28年度DPC参加病院,44.0,118.0,完全一致,1.0,沼隈病院,,
寺岡記念病院,広島県,平成26年度DPC参加病院,94.0,263.0,完全一致,1.0,寺岡記念病院,,
独立行政法人国立病院機構　福山医療センター,広島県,平成21年度DPC参加病院,345.0,345.0,完全一致,1.0,独立行政法人国立病院機構福山医療センター,,
独立行政法人国立病院機構広島西医療センター,広島県,令和6年度DPC参加病院,150.0,440.0,完全一致,1.0,独立行政法人国立病院機構広島西医療センター,,
独立行政法人地域医療機能推進機構　下関医療センター,山口県,平成20年度DPC参加病院,191.0,238.0,完全一致,1.0,独立行政法人地域医療機能推進機構 下関医療センター,,
山口県済生会下関総合病院,山口県,平成21年度DPC参加病院,373.0,373.0,完全一致,1.0,山口県済生会下関総合病院,,
日本鋼管福山病院,広島県,平成21年度DPC参加病院,102.0,201.0,完全一致,1.0,日本鋼管福山病院,,
脳神経センター大田記念病院,広島県,平成21年度DPC参加病院,112.0,199.0,完全一致,1.0,脳神経センター大田記念病院,,
済生会山口総合病院,山口県,平成21年度DPC参加病院,279.0,279.0,完全一致,1.0,済生会山口総合病院,,
綜合病院　山口赤十字病院,山口県,平成20年度DPC参加病院,319.0,344.0,サフィックス一致,0.9,山口赤十字病院,,
萩市民病院,山口県,平成21年度DPC参加病院,100.0,100.0,完全一致,1.0,萩市民病院,,
独立行政法人地域医療機能推進機構　徳山中央病院,山口県,平成16年度DPC参加病院,494.0,519.0,完全一致,1.0,独立行政法人地域医療機能推進機構　徳山中央病院,,
一般財団法人防府消化器病センター防府胃腸病院,山口県,平成30年度DPC参加病院,60.0,108.0,サフィックス一致,0.9,防府胃腸病院,,
山口県立総合医療センター,山口県,平成21年度DPC参加病院,504.0,504.0,完全一致,1.0,山口県立総合医療センター,,
マツダ株式会社　マツダ病院,広島県,平成16年度DPC参加病院,212.0,266.0,完全一致,1.0,マツダ株式会社マツダ病院,,
広島県厚生農業協同組合連合会　吉田総合病院,広島県,平成26年度DPC参加病院,111.0,209.0,完全一致,1.0,広島県厚生農業協同組合連合会吉田総合病院,,
独立行政法人労働者健康安全機構　山口労災病院,山口県,平成20年度DPC参加病院,251.0,308.0,サフィックス一致,0.9,山口労災病院,,
山陽小野田市民病院,山口県,令和6年度DPC参加病院,144.0,199.0,完全一致,1.0,山陽小野田市民病院,,
光市立光総合病院,山口県,平成22年度DPC参加病院,143.0,210.0,完全一致,1.0,光市立光総合病院,,
山口県厚生農業協同組合連合会　長門総合病院,山口県,平成21年度DPC参加病院,167.0,260.0,完全一致,1.0,山口県厚生農業協同組合連合会長門総合病院,,
山口県厚生農業協同組合連合会　周東総合病院,山口県,平成21年度DPC参加病院,274.0,328.0,完全一致,1.0,山口県厚生農業協同組合連合会周東総合病院,,
周南市立新南陽市民病院,山口県,令和2年度DPC参加病院,100.0,150.0,完全一致,1.0,周南市立新南陽市民病院,,
下関市立市民病院,山口県,平成28年度DPC参加病院,302.0,322.0,完全一致,1.0,下関市立市民病院,,
宇部中央病院,山口県,平成21年度DPC参加病院,243.0,325.0,完全一致,1.0,宇部中央病院,,
独立行政法人国立病院機構　岩国医療センター,山口県,平成18年度DPC参加病院,460.0,484.0,サフィックス一致,0.9,国立病院機構 岩国医療センター,,
独立行政法人国立病院機構　関門医療センター,山口県,平成21年度DPC参加病院,297.0,349.0,サフィックス一致,0.9,独立行政法人　国立病院機構　関門医療センター,,
徳島県立中央病院,徳島県,平成18年度DPC参加病院,375.0,420.0,完全一致,1.0,徳島県立中央病院,,
徳島市民病院,徳島県,平成20年度DPC参加病院,271.0,295.0,完全一致,1.0,徳島市民病院,,
亀井病院,徳島県,平成30年度DPC参加病院,42.0,42.0,完全一致,1.0,亀井病院,,
たまき青空病院,徳島県,平成26年度DPC参加病院,20.0,100.0,完全一致,1.0,たまき青空病院,,
周南記念病院,山口県,平成21年度DPC参加病院,150.0,250.0,完全一致,1.0,周南記念病院,,
岩国市医療センター医師会病院,山口県,平成20年度DPC参加病院,38.0,181.0,完全一致,1.0,岩国市医療センター医師会病院,,
中国電力株式会社　中電病院,広島県,平成20年度DPC参加病院,131.0,176.0,完全一致,1.0,中国電力株式会社中電病院,,
医療法人　あかね会土谷総合病院,広島県,平成20年度DPC参加病院,307.0,351.0,完全一致,1.0,医療法人あかね会 土谷総合病院,,
広島赤十字・原爆病院,広島県,平成20年度DPC参加病院,538.0,557.0,完全一致,1.0,広島赤十字・原爆病院,,
広島厚生病院,広島県,平成22年度DPC参加病院,72.0,150.0,完全一致,1.0,広島厚生病院,,
医療法人社団おると会浜脇整形外科病院,広島県,平成20年度DPC参加病院,80.0,160.0,完全一致,1.0,医療法人社団おると会 浜脇整形外科病院,,
県立二葉の里病院,広島県,平成21年度DPC参加病院,208.0,269.0,完全一致,1.0,県立二葉の里病院,,
倉敷第一病院,岡山県,平成21年度DPC参加病院,88.0,171.0,サフィックス一致,0.9,医療法人誠和会 倉敷第一病院,,
医療法人和風会中島病院,岡山県,平成28年度DPC参加病院,55.0,110.0,完全一致,1.0,医療法人和風会 中島病院,,
医療法人社団うすい会　高陽ニュータウン病院,広島県,平成23年度DPC参加病院,82.0,140.0,サフィックス一致,0.9,高陽ニュータウン病院,,
医療法人社団　一陽会原田病院,広島県,平成20年度DPC参加病院,16.0,120.0,完全一致,1.0,医療法人社団一陽会原田病院,,
荒木脳神経外科病院,広島県,平成21年度DPC参加病院,41.0,110.0,完全一致,1.0,荒木脳神経外科病院,,
社会医療法人　清風会　五日市記念病院,広島県,令和6年度DPC参加病院,107.0,180.0,サフィックス一致,0.9,五日市記念病院,,
広島医療生活協同組合広島共立病院,広島県,平成21年度DPC参加病院,86.0,186.0,完全一致,1.0,広島医療生活協同組合広島共立病院,,
国家公務員共済組合連合会　呉共済病院,広島県,平成18年度DPC参加病院,339.0,397.0,完全一致,1.0,国家公務員共済組合連合会 呉共済病院,,
倉敷市立市民病院,岡山県,平成30年度DPC参加病院,136.0,196.0,完全一致,1.0,倉敷市立市民病院,,
岡山市立市民病院,岡山県,平成22年度DPC参加病院,393.0,400.0,完全一致,1.0,岡山市立市民病院,,
総合病院　三原赤十字病院,広島県,平成20年度DPC参加病院,93.0,184.0,完全一致,1.0,総合病院三原赤十字病院,,
社会医療法人　里仁会興生総合病院,広島県,平成24年度DPC参加病院,165.0,323.0,完全一致,1.0,社会医療法人里仁会 興生総合病院,,
尾道市立市民病院,広島県,平成20年度DPC参加病院,282.0,282.0,完全一致,1.0,尾道市立市民病院,,
公立みつぎ総合病院,広島県,平成21年度DPC参加病院,84.0,217.0,完全一致,1.0,公立みつぎ総合病院,,
広島県厚生農業協同組合連合会　尾道総合病院,広島県,平成20年度DPC参加病院,386.0,386.0,完全一致,1.0,広島県厚生農業協同組合連合会 尾道総合病院,,
公立学校共済組合　中国中央病院,広島県,平成21年度DPC参加病院,232.0,238.0,完全一致,1.0,公立学校共済組合 中国中央病院,,
翠清会梶川病院,広島県,平成20年度DPC参加病院,66.0,142.0,完全一致,1.0,翠清会 梶川病院,,
国家公務員共済組合連合会　広島記念病院,広島県,平成18年度DPC参加病院,149.0,200.0,完全一致,1.0,国家公務員共済組合連合会広島記念病院,,
医療法人辰川会山陽病院,広島県,平成28年度DPC参加病院,37.0,82.0,完全一致,1.0,医療法人辰川会 山陽病院,,
医療法人財団竹政会福山循環器病院,広島県,令和6年度DPC参加病院,80.0,80.0,完全一致,1.0,医療法人財団竹政会 福山循環器病院,,
市立三次中央病院,広島県,平成21年度DPC参加病院,297.0,297.0,完全一致,1.0,市立三次中央病院,,
井野口病院,広島県,平成26年度DPC参加病院,49.0,188.0,完全一致,1.0,井野口病院,,
広島県厚生農業協同組合連合会　廣島総合病院,広島県,平成21年度DPC参加病院,531.0,531.0,完全一致,1.0,広島県厚生農業協同組合連合会廣島総合病院,,
済生会広島病院,広島県,平成21年度DPC参加病院,109.0,243.0,完全一致,1.0,済生会 広島病院,,
独立行政法人労働者健康安全機構　中国労災病院,広島県,平成20年度DPC参加病院,410.0,410.0,完全一致,1.0,独立行政法人労働者健康安全機構中国労災病院,,
医療法人社団仁慈会安田病院,広島県,平成20年度DPC参加病院,53.0,153.0,完全一致,1.0,医療法人社団仁慈会 安田病院,,
独立行政法人地域医療機能推進機構　玉造病院,島根県,平成21年度DPC参加病院,75.0,173.0,完全一致,1.0,独立行政法人地域医療機能推進機構玉造病院,,
安来市立病院,島根県,平成22年度DPC参加病院,33.0,116.0,完全一致,1.0,安来市立病院,,
雲南市立病院,島根県,令和6年度DPC参加病院,155.0,281.0,完全一致,1.0,雲南市立病院,,
出雲徳洲会病院,島根県,平成21年度DPC参加病院,89.0,183.0,完全一致,1.0,出雲徳洲会病院,,
独立行政法人国立病院機構　浜田医療センター,島根県,平成20年度DPC参加病院,231.0,347.0,完全一致,1.0,独立行政法人国立病院機構浜田医療センター,,
光生病院,岡山県,平成21年度DPC参加病院,106.0,198.0,完全一致,1.0,社会医療法人 光生病院,,
鳥取県済生会境港総合病院,鳥取県,平成26年度DPC参加病院,59.0,149.0,完全一致,1.0,鳥取県済生会境港総合病院,,
鳥取県中部医師会立三朝温泉病院,鳥取県,平成24年度DPC参加病院,46.0,143.0,完全一致,1.0,鳥取県中部医師会立三朝温泉病院,,
岡村一心堂病院,岡山県,平成23年度DPC参加病院,34.0,152.0,完全一致,1.0,社会医療法人岡村一心堂病院,,
竜操整形外科病院,岡山県,平成28年度DPC参加病院,44.0,111.0,完全一致,1.0,竜操整形外科病院,,
社会医療法人鴻仁会岡山中央病院,岡山県,平成18年度DPC参加病院,159.0,243.0,完全一致,1.0,社会医療法人鴻仁会 岡山中央病院,,
心臓病センター榊原病院,岡山県,平成21年度DPC参加病院,246.0,297.0,完全一致,1.0,心臓病センター榊原病院,,
岡山西大寺病院,岡山県,平成30年度DPC参加病院,145.0,145.0,サフィックス一致,0.9,社会医療法人　盛全会　岡山西大寺病院,,
川崎医科大学総合医療センター,岡山県,平成21年度DPC参加病院,463.0,535.0,完全一致,1.0,川崎医科大学総合医療センター,,
益田赤十字病院,島根県,平成21年度DPC参加病院,284.0,284.0,完全一致,1.0,益田赤十字病院,,
公益社団法人益田市医師会立　益田地域医療センター医師会病院,島根県,平成21年度DPC参加病院,60.0,253.0,サフィックス一致,0.9,益田地域医療センター医師会病院,,
水島協同病院,岡山県,平成20年度DPC参加病院,110.0,282.0,完全一致,1.0,水島協同病院,,
松田病院,岡山県,平成21年度DPC参加病院,97.0,135.0,サフィックス一致,0.9,医療法人 天和会 松田病院,,
倉敷平成病院,岡山県,平成21年度DPC参加病院,129.0,220.0,完全一致,1.0,倉敷平成病院,,
医療法人創生会　渡辺胃腸科外科病院,岡山県,平成24年度DPC参加病院,31.0,40.0,完全一致,1.0,医療法人創生会 渡辺胃腸科外科病院,,
医療法人天馬会　チクバ外科胃腸科肛門科病院,岡山県,平成28年度DPC参加病院,60.0,60.0,サフィックス一致,0.9,チクバ外科胃腸科肛門科病院,,
医療法人社団新風会　玉島中央病院,岡山県,平成26年度DPC参加病院,46.0,122.0,完全一致,1.0,医療法人社団新風会 玉島中央病院,,
総合病院　岡山協立病院,岡山県,平成20年度DPC参加病院,114.0,318.0,サフィックス一致,0.9,岡山協立病院,,
公益財団法人操風会岡山旭東病院,岡山県,平成16年度DPC参加病院,184.0,214.0,完全一致,1.0,公益財団法人操風会岡山旭東病院,,
医療法人社団清和会笠岡第一病院,岡山県,平成20年度DPC参加病院,94.0,148.0,完全一致,1.0,医療法人社団清和会笠岡第一病院,,
医療法人清梁会　高梁中央病院,岡山県,平成21年度DPC参加病院,60.0,160.0,完全一致,1.0,医療法人清梁会 高梁中央病院,,
医療法人社団同仁会金光病院,岡山県,平成21年度DPC参加病院,50.0,147.0,完全一致,1.0,医療法人社団同仁会金光病院,,
金田病院,岡山県,平成21年度DPC参加病院,60.0,120.0,サフィックス一致,0.9,社会医療法人緑壮会金田病院,,
独立行政法人労働者健康安全機構　岡山労災病院,岡山県,平成20年度DPC参加病院,358.0,358.0,完全一致,1.0,独立行政法人労働者健康安全機構岡山労災病院,,
岡山済生会総合病院,岡山県,平成18年度DPC参加病院,448.0,473.0,完全一致,1.0,岡山済生会総合病院,,
水島中央病院,岡山県,平成21年度DPC参加病院,92.0,155.0,完全一致,1.0,水島中央病院,,
倉敷成人病センター,岡山県,平成21年度DPC参加病院,255.0,269.0,完全一致,1.0,倉敷成人病センター,,
誠佑記念病院,和歌山県,平成22年度DPC参加病院,80.0,80.0,完全一致,1.0,医療法人誠佑記念病院,,
済生会和歌山病院,和歌山県,平成21年度DPC参加病院,160.0,200.0,完全一致,1.0,済生会 和歌山病院,,
独立行政法人労働者健康安全機構　和歌山労災病院,和歌山県,平成21年度DPC参加病院,303.0,303.0,完全一致,1.0,独立行政法人労働者健康安全機構和歌山労災病院,,
医療法人南労会　紀和病院,和歌山県,平成21年度DPC参加病院,60.0,299.0,完全一致,1.0,医療法人南労会紀和病院,,
済生会有田病院,和歌山県,平成22年度DPC参加病院,69.0,149.0,サフィックス一致,0.9,社会福祉法人 恩賜財団 済生会 有田病院,,
公立那賀病院,和歌山県,平成20年度DPC参加病院,252.0,304.0,完全一致,1.0,公立那賀病院,,
国保中央病院,奈良県,平成20年度DPC参加病院,97.0,214.0,完全一致,1.0,国保中央病院,,
大和高田市立病院,奈良県,平成21年度DPC参加病院,269.0,320.0,完全一致,1.0,大和高田市立病院,,
白浜はまゆう病院,和歌山県,平成21年度DPC参加病院,82.0,210.0,完全一致,1.0,白浜はまゆう病院,,
有田市立病院,和歌山県,平成24年度DPC参加病院,58.0,157.0,完全一致,1.0,有田市立病院,,
新宮市立医療センター,和歌山県,平成21年度DPC参加病院,209.0,209.0,完全一致,1.0,新宮市立医療センター,,
海南医療センター,和歌山県,平成26年度DPC参加病院,150.0,150.0,完全一致,1.0,海南医療センター,,
橋本市民病院,和歌山県,平成18年度DPC参加病院,250.0,250.0,完全一致,1.0,橋本市民病院,,
紀南病院,和歌山県,平成21年度DPC参加病院,306.0,356.0,完全一致,1.0,紀南病院,,
角谷整形外科病院,和歌山県,令和6年度DPC参加病院,70.0,70.0,完全一致,1.0,角谷整形外科病院,,
医療法人愛晋会　中江病院,和歌山県,平成21年度DPC参加病院,85.0,192.0,完全一致,1.0,医療法人愛晋会　中江病院,,
鳥取市立病院,鳥取県,平成20年度DPC参加病院,244.0,292.0,完全一致,1.0,鳥取市立病院,,
鳥取生協病院,鳥取県,平成21年度DPC参加病院,56.0,260.0,完全一致,1.0,鳥取生協病院,,
独立行政法人労働者健康安全機構　山陰労災病院,鳥取県,平成21年度DPC参加病院,315.0,363.0,完全一致,1.0,独立行政法人労働者健康安全機構山陰労災病院,,
社会医療法人同愛会　博愛病院,鳥取県,平成21年度DPC参加病院,64.0,199.0,完全一致,1.0,社会医療法人同愛会博愛病院,,
鳥取県立厚生病院,鳥取県,平成21年度DPC参加病院,304.0,304.0,完全一致,1.0,鳥取県立厚生病院,,
医療法人十字会　野島病院,鳥取県,平成24年度DPC参加病院,51.0,190.0,完全一致,1.0,医療法人十字会野島病院,,
北出病院,和歌山県,平成21年度DPC参加病院,80.0,182.0,完全一致,1.0,北出病院,,
ひだか病院,和歌山県,平成20年度DPC参加病院,185.0,367.0,完全一致,1.0,ひだか病院,,
独立行政法人国立病院機構　米子医療センター,鳥取県,平成22年度DPC参加病院,200.0,270.0,完全一致,1.0,独立行政法人国立病院機構米子医療センター,,
松江赤十字病院,島根県,平成20年度DPC参加病院,511.0,556.0,完全一致,1.0,松江赤十字病院,,
総合病院松江生協病院,島根県,平成26年度DPC参加病院,136.0,311.0,完全一致,1.0,総合病院松江生協病院,,
松江市立病院,島根県,平成21年度DPC参加病院,301.0,373.0,完全一致,1.0,松江市立病院,,
島根県立中央病院,島根県,平成18年度DPC参加病院,526.0,562.0,完全一致,1.0,島根県立中央病院,,
大田市立病院,島根県,平成28年度DPC参加病院,139.0,229.0,完全一致,1.0,大田市立病院,,
独立行政法人国立病院機構南和歌山医療センター,和歌山県,平成16年度DPC参加病院,256.0,316.0,完全一致,1.0,独立行政法人国立病院機構南和歌山医療センター,,
鳥取赤十字病院,鳥取県,平成22年度DPC参加病院,302.0,350.0,完全一致,1.0,鳥取赤十字病院,,
真星病院,兵庫県,平成21年度DPC参加病院,40.0,156.0,完全一致,1.0,真星病院,,
恒生病院,兵庫県,平成21年度DPC参加病院,54.0,104.0,完全一致,1.0,恒生病院,,
独立行政法人労働者健康安全機構　神戸労災病院,兵庫県,平成20年度DPC参加病院,215.0,265.0,完全一致,1.0,独立行政法人労働者健康安全機構神戸労災病院,,
神戸赤十字病院,兵庫県,平成18年度DPC参加病院,310.0,310.0,完全一致,1.0,神戸赤十字病院,,
兵庫県立こども病院,兵庫県,平成21年度DPC参加病院,290.0,290.0,完全一致,1.0,兵庫県立こども病院,,
兵庫県立　西宮病院,兵庫県,平成21年度DPC参加病院,400.0,400.0,完全一致,1.0,兵庫県立西宮病院,,
社会医療法人　松藤会　入江病院,兵庫県,平成28年度DPC参加病院,52.0,199.0,完全一致,1.0,社会医療法人松藤会 入江病院,,
井野病院,兵庫県,平成24年度DPC参加病院,50.0,100.0,完全一致,1.0,井野病院,,
独立行政法人国立病院機構姫路医療センター,兵庫県,平成18年度DPC参加病院,344.0,365.0,完全一致,1.0,独立行政法人国立病院機構姫路医療センター,,
独立行政法人国立病院機構神戸医療センター,兵庫県,平成16年度DPC参加病院,302.0,302.0,完全一致,1.0,独立行政法人国立病院機構神戸医療センター,,
医療法人新生会総合病院高の原中央病院,奈良県,平成20年度DPC参加病院,145.0,248.0,完全一致,1.0,医療法人新生会総合病院 高の原中央病院,,
医療法人康仁会西の京病院,奈良県,平成21年度DPC参加病院,100.0,248.0,完全一致,1.0,医療法人康仁会 西の京病院,,
社会福祉法人恩賜財団済生会奈良病院,奈良県,平成20年度DPC参加病院,86.0,194.0,完全一致,1.0,社会福祉法人恩賜財団済生会奈良病院,,
市立奈良病院,奈良県,平成21年度DPC参加病院,320.0,320.0,完全一致,1.0,市立奈良病院,,
独立行政法人地域医療機能推進機構　神戸中央病院,兵庫県,平成18年度DPC参加病院,222.0,280.0,完全一致,1.0,独立行政法人地域医療機能推進機構 神戸中央病院,,
済生会　兵庫県病院,兵庫県,平成20年度DPC参加病院,222.0,268.0,完全一致,1.0,済生会兵庫県病院,,
独立行政法人地域医療機能推進機構　大和郡山病院,奈良県,平成18年度DPC参加病院,151.0,191.0,完全一致,1.0,独立行政法人地域医療機能推進機構 大和郡山病院,,
近畿大学奈良病院,奈良県,平成20年度DPC参加病院,411.0,411.0,完全一致,1.0,近畿大学奈良病院,,
医療法人社団松下会白庭病院,奈良県,平成24年度DPC参加病院,100.0,150.0,完全一致,1.0,医療法人社団松下会 白庭病院,,
生駒市立病院,奈良県,令和2年度DPC参加病院,210.0,210.0,完全一致,1.0,生駒市立病院,,
社会福祉法人恩賜財団済生会中和病院,奈良県,平成18年度DPC参加病院,276.0,324.0,完全一致,1.0,社会福祉法人恩賜財団済生会中和病院,,
奈良県西和医療センター,奈良県,平成21年度DPC参加病院,300.0,300.0,完全一致,1.0,奈良県西和医療センター,,
兵庫県立加古川医療センター,兵庫県,平成22年度DPC参加病院,241.0,307.0,完全一致,1.0,兵庫県立加古川医療センター,,
西宮市立中央病院,兵庫県,平成21年度DPC参加病院,171.0,171.0,完全一致,1.0,西宮市立中央病院,,
社会医療法人高清会高井病院,奈良県,平成21年度DPC参加病院,270.0,376.0,完全一致,1.0,社会医療法人高清会 高井病院,,
平成記念病院,奈良県,平成20年度DPC参加病院,180.0,300.0,サフィックス一致,0.9,社会医療法人 平成記念会 平成記念病院,,
社会福祉法人恩賜財団済生会御所病院,奈良県,平成21年度DPC参加病院,82.0,167.0,完全一致,1.0,社会福祉法人恩賜財団済生会御所病院,,
南和広域医療企業団　南奈良総合医療センター,奈良県,平成21年度DPC参加病院,196.0,232.0,完全一致,1.0,南和広域医療企業団南奈良総合医療センター,,
社会医療法人　高清会　香芝旭ヶ丘病院,奈良県,平成26年度DPC参加病院,99.0,99.0,未結合,,,,
宇陀市立病院,奈良県,平成21年度DPC参加病院,89.0,176.0,完全一致,1.0,宇陀市立病院,,
社会医療法人松本快生会西奈良中央病院,奈良県,平成21年度DPC参加病院,48.0,166.0,完全一致,1.0,社会医療法人松本快生会西奈良中央病院,,
社会医療法人　田北会　田北病院,奈良県,平成21年度DPC参加病院,92.0,210.0,完全一致,1.0,社会医療法人田北会田北病院,,
大西脳神経外科病院,兵庫県,平成20年度DPC参加病院,122.0,182.0,完全一致,1.0,大西脳神経外科病院,,
社会医療法人　愛仁会　明石医療センター,兵庫県,平成18年度DPC参加病院,382.0,382.0,完全一致,1.0,社会医療法人愛仁会 明石医療センター,,
明石市立市民病院,兵庫県,平成21年度DPC参加病院,247.0,327.0,完全一致,1.0,地方独立行政法人 明石市立市民病院,,
高砂市民病院,兵庫県,平成21年度DPC参加病院,78.0,161.0,完全一致,1.0,高砂市民病院,,
医療法人徳洲会高砂西部病院,兵庫県,平成22年度DPC参加病院,91.0,219.0,完全一致,1.0,医療法人徳洲会 高砂西部病院,,
医療法人伯鳳会　はくほう会加古川病院,兵庫県,平成21年度DPC参加病院,36.0,150.0,サフィックス一致,0.9,はくほう会加古川病院,,
宝塚市立病院,兵庫県,平成20年度DPC参加病院,374.0,389.0,完全一致,1.0,宝塚市立病院,,
こだま病院,兵庫県,平成22年度DPC参加病院,55.0,110.0,完全一致,1.0,こだま病院,,
市立加西病院,兵庫県,平成21年度DPC参加病院,100.0,199.0,完全一致,1.0,市立加西病院,,
大山記念病院,兵庫県,平成21年度DPC参加病院,100.0,199.0,完全一致,1.0,大山記念病院,,
社会医療法人中央会尼崎中央病院,兵庫県,平成21年度DPC参加病院,189.0,216.0,完全一致,1.0,社会医療法人中央会 尼崎中央病院,,
尼崎医療生協病院,兵庫県,平成26年度DPC参加病院,52.0,179.0,完全一致,1.0,尼崎医療生協病院,,
はくほう会セントラル病院,兵庫県,令和2年度DPC参加病院,66.0,254.0,完全一致,1.0,はくほう会セントラル病院,,
医療法人晋真会　ベリタス病院,兵庫県,平成20年度DPC参加病院,133.0,199.0,完全一致,1.0,医療法人晋真会 ベリタス病院,,
兵庫県立がんセンター,兵庫県,平成21年度DPC参加病院,360.0,360.0,完全一致,1.0,兵庫県立がんセンター,,
あさぎり病院,兵庫県,平成20年度DPC参加病院,99.0,99.0,完全一致,1.0,あさぎり病院,,
市立伊丹病院,兵庫県,平成21年度DPC参加病院,402.0,402.0,完全一致,1.0,市立伊丹病院,,
伊丹恒生脳神経外科病院,兵庫県,平成28年度DPC参加病院,40.0,80.0,完全一致,1.0,伊丹恒生脳神経外科病院,,
公立神崎総合病院,兵庫県,平成21年度DPC参加病院,90.0,140.0,完全一致,1.0,公立神崎総合病院,,
公立宍粟総合病院,兵庫県,平成21年度DPC参加病院,95.0,199.0,完全一致,1.0,公立宍粟総合病院,,
姫路聖マリア病院,兵庫県,平成18年度DPC参加病院,240.0,436.0,完全一致,1.0,姫路聖マリア病院,,
医療法人公仁会姫路中央病院,兵庫県,平成23年度DPC参加病院,103.0,235.0,完全一致,1.0,医療法人公仁会姫路中央病院,,
社会医療法人社団順心会順心病院,兵庫県,平成21年度DPC参加病院,174.0,174.0,完全一致,1.0,社会医療法人社団 順心会 順心病院,,
三木山陽病院,兵庫県,平成24年度DPC参加病院,45.0,197.0,完全一致,1.0,三木山陽病院,,
社会医療法人　三栄会　ツカザキ病院,兵庫県,平成21年度DPC参加病院,342.0,380.0,完全一致,1.0,社会医療法人三栄会 ツカザキ病院,,
医療法人伯鳳会　赤穂中央病院,兵庫県,平成16年度DPC参加病院,150.0,278.0,完全一致,1.0,医療法人伯鳳会 赤穂中央病院,,
赤穂市民病院,兵庫県,平成18年度DPC参加病院,191.0,250.0,完全一致,1.0,赤穂市民病院,,
公立豊岡病院組合立豊岡病院,兵庫県,平成20年度DPC参加病院,477.0,528.0,完全一致,1.0,公立豊岡病院組合立豊岡病院,,
公立八鹿病院,兵庫県,平成26年度DPC参加病院,123.0,380.0,完全一致,1.0,公立八鹿病院,,
神戸アドベンチスト病院,兵庫県,平成18年度DPC参加病院,57.0,116.0,完全一致,1.0,神戸アドベンチスト病院,,
川西市立総合医療センター,兵庫県,平成21年度DPC参加病院,405.0,405.0,完全一致,1.0,川西市立総合医療センター,,
公立学校共済組合近畿中央病院,兵庫県,平成20年度DPC参加病院,320.0,320.0,完全一致,1.0,公立学校共済組合 近畿中央病院,,
公益財団法人甲南会　甲南医療センター,兵庫県,平成21年度DPC参加病院,397.0,419.0,完全一致,1.0,公益財団法人甲南会 甲南医療センター,,
公益財団法人甲南会　六甲アイランド甲南病院,兵庫県,平成20年度DPC参加病院,34.0,198.0,完全一致,1.0,公益財団法人 甲南会 六甲アイランド甲南病院,,
医療法人康雄会　西病院,兵庫県,平成26年度DPC参加病院,0.0,84.0,完全一致,1.0,医療法人康雄会 西病院,,
医療法人財団　神戸海星病院,兵庫県,平成21年度DPC参加病院,116.0,176.0,完全一致,1.0,神戸海星病院,,
三菱神戸病院,兵庫県,平成21年度DPC参加病院,139.0,164.0,完全一致,1.0,三菱神戸病院,,
医療法人　川崎病院,兵庫県,平成21年度DPC参加病院,180.0,275.0,完全一致,1.0,医療法人　川崎病院,,
国家公務員共済組合連合会　枚方公済病院,大阪府,平成20年度DPC参加病院,313.0,313.0,完全一致,1.0,国家公務員共済組合連合会枚方公済病院,,
社会福祉法人恩賜財団大阪府済生会吹田病院,大阪府,平成18年度DPC参加病院,444.0,440.0,未結合,,,,
神戸市立医療センター西市民病院,兵庫県,平成21年度DPC参加病院,358.0,358.0,完全一致,1.0,神戸市立医療センター西市民病院,,
髙橋病院,兵庫県,平成23年度DPC参加病院,112.0,112.0,未結合,,,,
新須磨病院,兵庫県,平成20年度DPC参加病院,99.0,147.0,完全一致,1.0,新須磨病院,,
医療法人徳洲会神戸徳洲会病院,兵庫県,平成21年度DPC参加病院,145.0,224.0,完全一致,1.0,医療法人　徳洲会　神戸徳洲会病院,,
神戸掖済会病院,兵庫県,平成21年度DPC参加病院,271.0,325.0,完全一致,1.0,神戸掖済会病院,,
社会医療法人社団順心会順心神戸病院,兵庫県,令和6年度DPC参加病院,60.0,118.0,完全一致,1.0,社会医療法人社団順心会 順心神戸病院,,
八尾市立病院,大阪府,平成20年度DPC参加病院,380.0,380.0,完全一致,1.0,八尾市立病院,,
独立行政法人国立病院機構　大阪南医療センター,大阪府,平成16年度DPC参加病院,366.0,384.0,完全一致,1.0,独立行政法人国立病院機構大阪南医療センター,,
西宮協立脳神経外科病院,兵庫県,平成18年度DPC参加病院,118.0,166.0,完全一致,1.0,西宮協立脳神経外科病院,,
笹生病院,兵庫県,平成18年度DPC参加病院,107.0,195.0,完全一致,1.0,笹生病院,,
社会医療法人渡邊高記念会　西宮渡辺心臓脳・血管センター,兵庫県,平成22年度DPC参加病院,107.0,107.0,完全一致,1.0,社会医療法人渡邊高記念会 西宮渡辺心臓脳・血管センター,,
市立芦屋病院,兵庫県,平成22年度DPC参加病院,175.0,199.0,完全一致,1.0,市立芦屋病院,,
医療法人回生会　宝塚病院,兵庫県,平成21年度DPC参加病院,90.0,121.0,完全一致,1.0,医療法人回生会宝塚病院,,
医療法人尚和会　宝塚第一病院,兵庫県,平成21年度DPC参加病院,106.0,161.0,完全一致,1.0,医療法人尚和会 宝塚第一病院,,
社会医療法人榮昌会　吉田病院,兵庫県,平成21年度DPC参加病院,60.0,139.0,完全一致,1.0,社会医療法人榮昌会 吉田病院,,
神戸百年記念病院,兵庫県,平成21年度DPC参加病院,166.0,199.0,完全一致,1.0,神戸百年記念病院,,
医療法人愛心会　東宝塚さとう病院,兵庫県,平成30年度DPC参加病院,118.0,118.0,サフィックス一致,0.9,東宝塚さとう病院,,
三田市民病院,兵庫県,平成21年度DPC参加病院,300.0,300.0,完全一致,1.0,三田市民病院,,
医療法人敬愛会　大塚病院,兵庫県,平成24年度DPC参加病院,60.0,385.0,完全一致,1.0,医療法人敬愛会 大塚病院,,
兵庫県立丹波医療センター,兵庫県,平成21年度DPC参加病院,208.0,320.0,完全一致,1.0,兵庫県立丹波医療センター,,
西脇市立西脇病院,兵庫県,平成21年度DPC参加病院,223.0,320.0,完全一致,1.0,西脇市立西脇病院,,
特定医療法人誠仁会　大久保病院,兵庫県,平成22年度DPC参加病院,94.0,199.0,完全一致,1.0,特定医療法人誠仁会 大久保病院,,
医療法人信和会　明和病院,兵庫県,平成21年度DPC参加病院,257.0,257.0,サフィックス一致,0.9,明和病院,,
社会医療法人渡邊高記念会　西宮渡辺病院,兵庫県,平成20年度DPC参加病院,116.0,180.0,完全一致,1.0,社会医療法人渡邊高記念会 西宮渡辺病院,,
医療法人　宝生会　ＰＬ病院,大阪府,平成18年度DPC参加病院,285.0,370.0,完全一致,1.0,医療法人宝生会ＰＬ病院,,
社会福祉法人恩賜財団大阪府済生会　富田林病院,大阪府,平成18年度DPC参加病院,210.0,260.0,完全一致,1.0,社会福祉法人恩賜財団大阪府済生会富田林病院,,
社会医療法人若弘会若草第一病院,大阪府,平成16年度DPC参加病院,230.0,230.0,完全一致,1.0,社会医療法人若弘会若草第一病院,,
医療法人河内友紘会河内総合病院,大阪府,平成22年度DPC参加病院,217.0,322.0,完全一致,1.0,医療法人河内友紘会河内総合病院,,
医療法人竹村医学研究会（財団）小阪産病院,大阪府,平成20年度DPC参加病院,60.0,60.0,完全一致,1.0,医療法人竹村医学研究会(財団)小阪産病院,,
地方独立行政法人　市立東大阪医療センター,大阪府,平成20年度DPC参加病院,495.0,520.0,完全一致,1.0,市立東大阪医療センター,,
社会福祉法人恩賜財団　大阪府済生会茨木病院,大阪府,平成21年度DPC参加病院,240.0,282.0,完全一致,1.0,社会福祉法人恩賜財団大阪府済生会茨木病院,,
社会医療法人寿会　富永病院,大阪府,平成21年度DPC参加病院,224.0,306.0,完全一致,1.0,社会医療法人寿会富永病院,,
社会医療法人　信愛会　畷生会脳神経外科病院,大阪府,平成26年度DPC参加病院,228.0,270.0,完全一致,1.0,社会医療法人信愛会畷生会脳神経外科病院,,
社会医療法人景岳会南大阪病院,大阪府,平成20年度DPC参加病院,310.0,400.0,完全一致,1.0,社会医療法人景岳会南大阪病院,,
医療法人讃和会　友愛会病院,大阪府,平成21年度DPC参加病院,128.0,170.0,完全一致,1.0,医療法人讃和会友愛会病院,,
耳原総合病院,大阪府,平成18年度DPC参加病院,312.0,386.0,完全一致,1.0,耳原総合病院,,
社会医療法人清恵会　清恵会病院,大阪府,平成22年度DPC参加病院,205.0,300.0,サフィックス一致,0.9,清恵会病院,,
ベルランド総合病院,大阪府,平成18年度DPC参加病院,462.0,477.0,完全一致,1.0,ベルランド総合病院,,
市立柏原病院,大阪府,平成30年度DPC参加病院,153.0,220.0,完全一致,1.0,市立柏原病院,,
阪南中央病院,大阪府,平成18年度DPC参加病院,102.0,199.0,完全一致,1.0,阪南中央病院,,
大阪市立十三市民病院,大阪府,平成28年度DPC参加病院,224.0,263.0,完全一致,1.0,大阪市立十三市民病院,,
藍の都脳神経外科病院,大阪府,平成28年度DPC参加病院,50.0,80.0,サフィックス一致,0.9,社会医療法人ささき会藍の都脳神経外科病院,,
社会医療法人さくら会さくら会病院,大阪府,平成28年度DPC参加病院,43.0,147.0,完全一致,1.0,社会医療法人さくら会さくら会病院,,
独立行政法人地域医療機能推進機構　大阪病院,大阪府,平成18年度DPC参加病院,505.0,505.0,完全一致,1.0,独立行政法人地域医療機能推進機構大阪病院,,
独立行政法人地域医療機能推進機構　星ヶ丘医療センター,大阪府,平成16年度DPC参加病院,252.0,402.0,完全一致,1.0,独立行政法人地域医療機能推進機構星ヶ丘医療センター,,
国家公務員共済組合連合会　大手前病院,大阪府,平成21年度DPC参加病院,355.0,401.0,完全一致,1.0,国家公務員共済組合連合会大手前病院,,
医療法人良秀会　高石藤井病院,大阪府,平成21年度DPC参加病院,58.0,163.0,完全一致,1.0,医療法人良秀会高石藤井病院,,
社会医療法人医真会医真会八尾総合病院,大阪府,平成18年度DPC参加病院,201.0,241.0,サフィックス一致,0.9,医真会八尾総合病院,,
独立行政法人地域医療機能推進機構　大阪みなと中央病院,大阪府,平成23年度DPC参加病院,229.0,229.0,完全一致,1.0,独立行政法人地域医療機能推進機構大阪みなと中央病院,,
市立貝塚病院,大阪府,平成26年度DPC参加病院,185.0,249.0,完全一致,1.0,市立貝塚病院,,
箕面市立病院,大阪府,平成18年度DPC参加病院,241.0,291.0,完全一致,1.0,箕面市立病院,,
社会医療法人生長会　阪南市民病院,大阪府,平成26年度DPC参加病院,143.0,185.0,完全一致,1.0,社会医療法人生長会阪南市民病院,,
市立池田病院,大阪府,平成18年度DPC参加病院,364.0,364.0,完全一致,1.0,市立池田病院,,
市立豊中病院,大阪府,平成20年度DPC参加病院,558.0,558.0,完全一致,1.0,市立豊中病院,,
社会医療法人　啓仁会　堺咲花病院,大阪府,平成21年度DPC参加病院,60.0,180.0,完全一致,1.0,社会医療法人啓仁会堺咲花病院,,
大阪回生病院,大阪府,平成21年度DPC参加病院,254.0,300.0,完全一致,1.0,大阪回生病院,,
大阪鉄道病院,大阪府,平成21年度DPC参加病院,244.0,303.0,サフィックス一致,0.9,西日本旅客鉄道株式会社大阪鉄道病院,,
社会医療法人美杉会佐藤病院,大阪府,平成18年度DPC参加病院,120.0,177.0,完全一致,1.0,社会医療法人美杉会佐藤病院,,
医療法人毅峰会　吉田病院,大阪府,平成21年度DPC参加病院,58.0,58.0,完全一致,1.0,医療法人毅峰会吉田病院,,
市立ひらかた病院,大阪府,平成21年度DPC参加病院,268.0,288.0,完全一致,1.0,市立ひらかた病院,,
社会医療法人弘道会萱島生野病院,大阪府,平成21年度DPC参加病院,140.0,140.0,完全一致,1.0,社会医療法人弘道会萱島生野病院,,
社会福祉法人恩賜財団大阪府済生会泉尾病院,大阪府,平成20年度DPC参加病院,280.0,440.0,未結合,,,,
医療法人徳洲会　吹田徳洲会病院,大阪府,平成30年度DPC参加病院,243.0,365.0,完全一致,1.0,医療法人徳洲会吹田徳洲会病院,,
市立吹田市民病院,大阪府,平成20年度DPC参加病院,386.0,431.0,完全一致,1.0,市立吹田市民病院,,
パナソニック健康保険組合松下記念病院,大阪府,平成16年度DPC参加病院,307.0,323.0,完全一致,1.0,パナソニック健康保険組合松下記念病院,,
社会医療法人弘道会守口生野記念病院,大阪府,平成21年度DPC参加病院,199.0,199.0,完全一致,1.0,社会医療法人弘道会守口生野記念病院,,
社会医療法人　山紀会　山本第三病院,大阪府,平成26年度DPC参加病院,203.0,311.0,完全一致,1.0,医療法人山紀会山本第三病院,,
社会医療法人　信愛会　交野病院,大阪府,平成26年度DPC参加病院,138.0,208.0,完全一致,1.0,社会医療法人信愛会交野病院,,
運動器ケア　しまだ病院,大阪府,平成20年度DPC参加病院,43.0,88.0,完全一致,1.0,運動器ケアしまだ病院,,
地方独立行政法人大阪府立病院機構　大阪はびきの医療センター,大阪府,平成30年度DPC参加病院,360.0,405.0,完全一致,1.0,地方独立行政法人大阪府立病院機構大阪はびきの医療センター,,
医療法人育和会　育和会記念病院,大阪府,平成20年度DPC参加病院,218.0,265.0,完全一致,1.0,医療法人育和会育和会記念病院,,
医療法人穂翔会村田病院,大阪府,平成30年度DPC参加病院,40.0,70.0,完全一致,1.0,医療法人穂翔会村田病院,,
関西メディカル病院,大阪府,平成28年度DPC参加病院,180.0,225.0,サフィックス一致,0.9,社会医療法人純幸会関西メディカル病院,,
社会医療法人行岡医学研究会　行岡病院,大阪府,平成21年度DPC参加病院,184.0,347.0,完全一致,1.0,社会医療法人行岡医学研究会行岡病院,,
社会医療法人協和会加納総合病院,大阪府,平成20年度DPC参加病院,151.0,300.0,完全一致,1.0,社会医療法人協和会加納総合病院,,
一般財団法人　住友病院,大阪府,平成18年度DPC参加病院,496.0,496.0,完全一致,1.0,一般財団法人住友病院,,
医療法人伯鳳会　大阪中央病院,大阪府,平成16年度DPC参加病院,143.0,143.0,完全一致,1.0,医療法人伯鳳会大阪中央病院,,
医誠会国際総合病院,大阪府,平成21年度DPC参加病院,560.0,560.0,サフィックス一致,0.9,医療法人医誠会医誠会国際総合病院,,
社会福祉法人　大阪暁明館　大阪暁明館病院,大阪府,平成21年度DPC参加病院,203.0,462.0,完全一致,1.0,社会福祉法人大阪暁明館大阪暁明館病院,,
宗教法人在日本南プレスビテリアンミッション淀川キリスト教病院,大阪府,平成18年度DPC参加病院,540.0,581.0,完全一致,1.0,宗教法人在日本南プレスビテリアンミッション淀川キリスト教病院,,
社会福祉法人　石井記念愛染園　附属愛染橋病院,大阪府,平成28年度DPC参加病院,208.0,248.0,完全一致,1.0,社会福祉法人石井記念愛染園附属愛染橋病院,,
社会医療法人弘道会　なにわ生野病院,大阪府,平成23年度DPC参加病院,173.0,173.0,完全一致,1.0,社会医療法人弘道会なにわ生野病院,,
社会医療法人有隣会　東大阪病院,大阪府,平成21年度DPC参加病院,112.0,255.0,完全一致,1.0,社会医療法人有隣会東大阪病院,,
医療法人　大道会　森之宮病院,大阪府,令和2年度DPC参加病院,159.0,355.0,完全一致,1.0,社会医療法人大道会森之宮病院,,
社会福祉法人恩賜財団大阪府済生会野江病院,大阪府,平成20年度DPC参加病院,400.0,400.0,完全一致,1.0,社会福祉法人恩賜財団大阪府済生会野江病院,,
佐野記念病院,大阪府,平成21年度DPC参加病院,53.0,95.0,サフィックス一致,0.9,社会医療法人栄公会佐野記念病院,,
医療法人春秋会　城山病院,大阪府,平成22年度DPC参加病院,248.0,299.0,完全一致,1.0,医療法人春秋会城山病院,,
大阪脳神経外科病院,大阪府,平成20年度DPC参加病院,90.0,122.0,サフィックス一致,0.9,公益財団法人唐澤記念会大阪脳神経外科病院,,
医療法人協仁会　小松病院,大阪府,平成20年度DPC参加病院,96.0,190.0,完全一致,1.0,医療法人協仁会小松病院,,
社会医療法人山弘会上山病院,大阪府,平成23年度DPC参加病院,114.0,189.0,完全一致,1.0,社会医療法人山弘会上山病院,,
関西医科大学香里病院,大阪府,平成28年度DPC参加病院,149.0,199.0,完全一致,1.0,関西医科大学香里病院,,
社会医療法人弘道会寝屋川生野病院,大阪府,平成28年度DPC参加病院,103.0,103.0,完全一致,1.0,社会医療法人弘道会寝屋川生野病院,,
社会医療法人啓仁会咲花病院,大阪府,平成30年度DPC参加病院,50.0,94.0,完全一致,1.0,社会医療法人啓仁会咲花病院,,
地方独立行政法人大阪府立病院機構　大阪母子医療センター,大阪府,平成21年度DPC参加病院,363.0,363.0,完全一致,1.0,地方独立行政法人大阪府立病院機構大阪母子医療センター,,
独立行政法人地域医療機能推進機構　京都鞍馬口医療センター,京都府,平成18年度DPC参加病院,180.0,214.0,完全一致,1.0,独立行政法人地域医療機能推進機構京都鞍馬口医療センター,,
舞鶴赤十字病院,京都府,平成28年度DPC参加病院,57.0,155.0,完全一致,1.0,舞鶴赤十字病院,,
医療法人生登会　寺元記念病院,大阪府,平成30年度DPC参加病院,120.0,160.0,完全一致,1.0,医療法人生登会寺元記念病院,,
医療法人橘会　東住吉森本病院,大阪府,平成16年度DPC参加病院,315.0,329.0,完全一致,1.0,医療法人橘会東住吉森本病院,,
高槻赤十字病院,大阪府,平成20年度DPC参加病院,281.0,301.0,完全一致,1.0,高槻赤十字病院,,
社会医療法人祐生会　みどりヶ丘病院,大阪府,平成20年度DPC参加病院,182.0,329.0,完全一致,1.0,社会医療法人祐生会みどりヶ丘病院,,
社会医療法人愛仁会高槻病院,大阪府,平成18年度DPC参加病院,477.0,477.0,完全一致,1.0,社会医療法人 愛仁会 高槻病院,,
社会医療法人東和会　第一東和会病院,大阪府,平成21年度DPC参加病院,243.0,243.0,完全一致,1.0,医療法人東和会第一東和会病院,,
社会医療法人ペガサス馬場記念病院,大阪府,平成18年度DPC参加病院,209.0,300.0,完全一致,1.0,社会医療法人ペガサス馬場記念病院,,
医療法人一祐会　藤本病院,大阪府,平成21年度DPC参加病院,100.0,148.0,完全一致,1.0,医療法人一祐会藤本病院,,
医療法人大植会　葛城病院,大阪府,平成20年度DPC参加病院,153.0,243.0,完全一致,1.0,医療法人大植会葛城病院,,
社会医療法人三和会永山病院,大阪府,平成21年度DPC参加病院,104.0,230.0,サフィックス一致,0.9,永山病院,,
社会医療法人慈薫会　河崎病院,大阪府,平成22年度DPC参加病院,47.0,129.0,完全一致,1.0,社会医療法人慈薫会河崎病院,,
矢木脳神経外科病院,大阪府,平成26年度DPC参加病院,56.0,92.0,サフィックス一致,0.9,医療法人弘善会矢木脳神経外科病院,,
社会医療法人　愛仁会　井上病院,大阪府,平成16年度DPC参加病院,93.0,127.0,完全一致,1.0,社会医療法人愛仁会井上病院,,
社会福祉法人恩賜財団済生会支部　大阪府済生会千里病院,大阪府,平成21年度DPC参加病院,327.0,327.0,完全一致,1.0,社会福祉法人恩賜財団済生会支部大阪府済生会千里病院,,
泉大津市立周産期小児医療センター,大阪府,平成24年度DPC参加病院,82.0,82.0,完全一致,1.0,泉大津市立周産期小児医療センター,,
医療法人泉秀会　かわい病院,大阪府,平成21年度DPC参加病院,32.0,46.0,完全一致,1.0,医療法人泉秀会かわい病院,,
社会医療法人　大阪国際メディカル＆サイエンスセンター　第二大阪警察病院,大阪府,平成20年度DPC参加病院,245.0,245.0,未結合,,,,
大阪掖済会病院,大阪府,平成26年度DPC参加病院,106.0,106.0,サフィックス一致,0.9,公益社団法人日本海員掖済会大阪掖済会病院,,
社会医療法人　寿楽会　大野記念病院,大阪府,平成20年度DPC参加病院,177.0,250.0,完全一致,1.0,社会医療法人寿楽会大野記念病院,,
多根総合病院,大阪府,平成18年度DPC参加病院,284.0,304.0,完全一致,1.0,多根総合病院,,
公益財団法人日本生命済生会日本生命病院,大阪府,平成18年度DPC参加病院,350.0,350.0,完全一致,1.0,公益財団法人日本生命済生会日本生命病院,,
医療法人錦秀会阪和記念病院,大阪府,平成20年度DPC参加病院,157.0,481.0,完全一致,1.0,医療法人錦秀会阪和記念病院,,
社会医療法人　仙養会　北摂総合病院,大阪府,平成20年度DPC参加病院,170.0,217.0,完全一致,1.0,社会医療法人仙養会北摂総合病院,,
社会医療法人愛仁会千船病院,大阪府,平成18年度DPC参加病院,308.0,308.0,完全一致,1.0,社会医療法人愛仁会千船病院,,
社会医療法人　健康会　新京都南病院,京都府,平成26年度DPC参加病院,107.0,107.0,完全一致,1.0,社会医療法人健康会　新京都南病院,,
医療法人同仁会（社団）京都九条病院,京都府,平成21年度DPC参加病院,92.0,207.0,完全一致,1.0,医療法人同仁会（社団）京都九条病院,,
日本バプテスト病院,京都府,平成30年度DPC参加病院,115.0,167.0,完全一致,1.0,日本バプテスト病院,,
公益社団法人京都保健会　京都民医連中央病院,京都府,平成20年度DPC参加病院,287.0,411.0,完全一致,1.0,公益社団法人京都保健会京都民医連中央病院,,
蘇生会総合病院,京都府,平成23年度DPC参加病院,176.0,290.0,完全一致,1.0,蘇生会総合病院,,
医療法人医仁会　武田総合病院,京都府,平成20年度DPC参加病院,347.0,381.0,完全一致,1.0,医療法人医仁会武田総合病院,,
医療法人徳洲会　近江草津徳洲会病院,滋賀県,平成21年度DPC参加病院,107.0,199.0,完全一致,1.0,医療法人 徳洲会 近江草津徳洲会病院,,
社会医療法人　誠光会　淡海医療センター,滋賀県,平成21年度DPC参加病院,362.0,420.0,完全一致,1.0,社会医療法人誠光会淡海医療センター,,
綾部市立病院,京都府,平成21年度DPC参加病院,149.0,199.0,完全一致,1.0,綾部市立病院,,
医療法人啓信会　京都きづ川病院,京都府,平成21年度DPC参加病院,156.0,313.0,完全一致,1.0,医療法人啓信会京都きづ川病院,,
社会医療法人美杉会男山病院,京都府,平成26年度DPC参加病院,127.0,199.0,完全一致,1.0,社会医療法人美杉会男山病院,,
医療法人社団石鎚会京都田辺中央病院,京都府,平成21年度DPC参加病院,165.0,199.0,完全一致,1.0,医療法人社団石鎚会京都田辺中央病院,,
三菱京都病院,京都府,平成21年度DPC参加病院,174.0,188.0,完全一致,1.0,三菱京都病院,,
医療法人　清仁会　シミズ病院,京都府,平成28年度DPC参加病院,85.0,122.0,完全一致,1.0,医療法人清仁会シミズ病院,,
武田病院,京都府,平成18年度DPC参加病院,259.0,259.0,未結合,,,,
医療法人社団　恵心会京都武田病院,京都府,平成20年度DPC参加病院,60.0,240.0,完全一致,1.0,医療法人社団恵心会京都武田病院,,
一般社団法人愛生会山科病院,京都府,平成20年度DPC参加病院,102.0,221.0,完全一致,1.0,一般社団法人愛生会山科病院,,
医療法人社団洛和会洛和会音羽病院,京都府,平成16年度DPC参加病院,415.0,535.0,完全一致,1.0,医療法人社団洛和会洛和会音羽病院,,
京都中部総合医療センター,京都府,平成20年度DPC参加病院,299.0,412.0,完全一致,1.0,京都中部総合医療センター,,
京都山城総合医療センター,京都府,平成21年度DPC参加病院,264.0,355.0,完全一致,1.0,京都山城総合医療センター,,
市立福知山市民病院,京都府,平成21年度DPC参加病院,304.0,353.0,完全一致,1.0,市立福知山市民病院,,
京都府立医科大学附属北部医療センター,京都府,平成21年度DPC参加病院,280.0,288.0,完全一致,1.0,京都府立医科大学附属北部医療センター,,
京都岡本記念病院,京都府,平成21年度DPC参加病院,391.0,419.0,完全一致,1.0,京都岡本記念病院,,
宇治武田病院,京都府,平成20年度DPC参加病院,134.0,177.0,完全一致,1.0,宇治武田病院,,
国家公務員共済組合連合会　舞鶴共済病院,京都府,平成20年度DPC参加病院,165.0,219.0,完全一致,1.0,国家公務員共済組合連合会舞鶴共済病院,,
社会福祉法人恩賜財団京都府済生会京都済生会病院,京都府,平成20年度DPC参加病院,245.0,288.0,完全一致,1.0,社会福祉法人恩賜財団京都府済生会京都済生会病院,,
独立行政法人国立病院機構舞鶴医療センター,京都府,平成21年度DPC参加病院,150.0,285.0,完全一致,1.0,独立行政法人国立病院機構舞鶴医療センター,,
公益財団法人　浅香山病院,大阪府,平成21年度DPC参加病院,134.0,967.0,完全一致,1.0,公益財団法人浅香山病院,,
独立行政法人労働者健康安全機構　大阪労災病院,大阪府,平成20年度DPC参加病院,678.0,678.0,完全一致,1.0,独立行政法人労働者健康安全機構大阪労災病院,,
医療法人いずみ会　阪堺病院,大阪府,平成20年度DPC参加病院,52.0,140.0,完全一致,1.0,医療法人いずみ会阪堺病院,,
医療法人清仁会　洛西シミズ病院,京都府,平成28年度DPC参加病院,74.0,215.0,完全一致,1.0,医療法人清仁会洛西シミズ病院,,
医療法人清仁会洛西ニュータウン病院,京都府,令和2年度DPC参加病院,53.0,184.0,完全一致,1.0,医療法人清仁会洛西ニュータウン病院,,
武内病院,三重県,令和4年度DPC参加病院,132.0,180.0,完全一致,1.0,武内病院,,
松阪市民病院,三重県,平成20年度DPC参加病院,183.0,242.0,完全一致,1.0,松阪市民病院,,
社会福祉法人恩賜財団済生会松阪総合病院,三重県,平成20年度DPC参加病院,406.0,430.0,完全一致,1.0,恩賜財団済生会 松阪総合病院,,
三重県厚生農業協同組合連合会松阪中央総合病院,三重県,平成18年度DPC参加病院,430.0,430.0,完全一致,1.0,三重県厚生農業協同組合連合会 松阪中央総合病院,,
市立伊勢総合病院,三重県,平成18年度DPC参加病院,180.0,300.0,完全一致,1.0,市立伊勢総合病院,,
尾鷲総合病院,三重県,令和2年度DPC参加病院,120.0,176.0,完全一致,1.0,尾鷲総合病院,,
独立行政法人国立病院機構豊橋医療センター,愛知県,令和4年度DPC参加病院,250.0,314.0,完全一致,1.0,独立行政法人国立病院機構豊橋医療センター,,
独立行政法人国立病院機構　名古屋医療センター,愛知県,平成18年度DPC参加病院,556.0,556.0,完全一致,1.0,独立行政法人国立病院機構名古屋医療センター,,
名張市立病院,三重県,平成26年度DPC参加病院,152.0,200.0,完全一致,1.0,名張市立病院,,
三重県厚生農業協同組合連合会　三重北医療センター　いなべ総合病院,三重県,平成22年度DPC参加病院,116.0,220.0,完全一致,1.0,三重県厚生農業協同組合連合会 三重北医療センター いなべ総合病院,,
三重県立志摩病院,三重県,平成20年度DPC参加病院,104.0,276.0,完全一致,1.0,三重県立志摩病院,,
紀南病院,三重県,平成21年度DPC参加病院,98.0,198.0,完全一致,1.0,紀南病院,,
独立行政法人国立病院機構三重中央医療センター,三重県,平成18年度DPC参加病院,425.0,440.0,完全一致,1.0,独立行政法人国立病院機構三重中央医療センター,,
独立行政法人地域医療機能推進機構　滋賀病院,滋賀県,平成20年度DPC参加病院,143.0,213.0,完全一致,1.0,独立行政法人地域医療機能推進機構滋賀病院,,
医療法人同心会遠山病院,三重県,平成23年度DPC参加病院,115.0,158.0,サフィックス一致,0.9,遠山病院,,
医療法人永井病院,三重県,平成28年度DPC参加病院,128.0,199.0,完全一致,1.0,医療法人永井病院,,
彦根市立病院,滋賀県,平成21年度DPC参加病院,331.0,361.0,完全一致,1.0,彦根市立病院,,
長浜赤十字病院,滋賀県,平成21年度DPC参加病院,387.0,457.0,完全一致,1.0,長浜赤十字病院,,
市立長浜病院,滋賀県,平成20年度DPC参加病院,345.0,449.0,完全一致,1.0,市立長浜病院,,
近江八幡市立総合医療センター,滋賀県,平成21年度DPC参加病院,392.0,392.0,完全一致,1.0,近江八幡市立総合医療センター,,
医療法人社団昴会　湖東記念病院,滋賀県,平成23年度DPC参加病院,84.0,129.0,完全一致,1.0,医療法人社団昴会湖東記念病院,,
東近江市立能登川病院,滋賀県,令和6年度DPC参加病院,102.0,102.0,完全一致,1.0,東近江市立能登川病院,,
社会医療法人　畿内会　岡波総合病院,三重県,平成24年度DPC参加病院,285.0,335.0,完全一致,1.0,社会医療法人畿内会岡波総合病院,,
伊賀市立上野総合市民病院,三重県,平成30年度DPC参加病院,194.0,234.0,完全一致,1.0,伊賀市立上野総合市民病院,,
滋賀県立総合病院,滋賀県,平成18年度DPC参加病院,615.0,635.0,完全一致,1.0,滋賀県立総合病院,,
公立甲賀病院,滋賀県,平成21年度DPC参加病院,280.0,386.0,完全一致,1.0,公立甲賀病院,,
医療法人社団昴会日野記念病院,滋賀県,令和2年度DPC参加病院,110.0,150.0,完全一致,1.0,医療法人社団昴会日野記念病院,,
高島市民病院,滋賀県,平成28年度DPC参加病院,168.0,210.0,完全一致,1.0,高島市民病院,,
独立行政法人国立病院機構東近江総合医療センター,滋賀県,平成30年度DPC参加病院,258.0,274.0,完全一致,1.0,独立行政法人国立病院機構東近江総合医療センター,,
医療法人社団洛和会洛和会丸太町病院,京都府,平成20年度DPC参加病院,150.0,150.0,完全一致,1.0,医療法人社団洛和会洛和会丸太町病院,,
大津赤十字病院,滋賀県,平成18年度DPC参加病院,598.0,598.0,完全一致,1.0,大津赤十字病院,,
市立大津市民病院,滋賀県,平成21年度DPC参加病院,283.0,349.0,完全一致,1.0,市立大津市民病院,,
総合青山病院,愛知県,平成24年度DPC参加病院,100.0,193.0,完全一致,1.0,総合青山病院,,
津島市民病院,愛知県,平成23年度DPC参加病院,286.0,352.0,完全一致,1.0,津島市民病院,,
碧南市民病院,愛知県,平成23年度DPC参加病院,210.0,255.0,完全一致,1.0,碧南市民病院,,
医療法人豊田会　刈谷豊田総合病院,愛知県,平成18年度DPC参加病院,642.0,704.0,サフィックス一致,0.9,刈谷豊田総合病院,,
トヨタ記念病院,愛知県,平成18年度DPC参加病院,513.0,527.0,完全一致,1.0,トヨタ記念病院,,
愛知県厚生農業協同組合連合会足助病院,愛知県,令和2年度DPC参加病院,74.0,148.0,完全一致,1.0,愛知県厚生農業協同組合連合会足助病院,,
成田記念病院,愛知県,平成20年度DPC参加病院,240.0,272.0,完全一致,1.0,成田記念病院,,
藤田医科大学岡崎医療センター,愛知県,令和6年度DPC参加病院,400.0,400.0,完全一致,1.0,藤田医科大学岡崎医療センター,,
蒲郡市民病院,愛知県,平成24年度DPC参加病院,267.0,382.0,完全一致,1.0,蒲郡市民病院,,
社会医療法人　志聖会　総合犬山中央病院,愛知県,平成30年度DPC参加病院,240.0,288.0,完全一致,1.0,社会医療法人志聖会総合犬山中央病院,,
地方独立行政法人知多半島総合医療機構知多半島りんくう病院,愛知県,平成30年度DPC参加病院,95.0,225.0,完全一致,1.0,地方独立行政法人知多半島総合医療機構知多半島りんくう病院,,
稲沢市民病院,愛知県,平成26年度DPC参加病院,186.0,232.0,完全一致,1.0,稲沢市民病院,,
愛知県厚生農業協同組合連合会　稲沢厚生病院,愛知県,平成26年度DPC参加病院,126.0,225.0,完全一致,1.0,愛知県厚生農業協同組合連合会稲沢厚生病院,,
新城市民病院,愛知県,平成28年度DPC参加病院,114.0,173.0,完全一致,1.0,新城市民病院,,
医療法人社団喜峰会東海記念病院,愛知県,平成28年度DPC参加病院,44.0,189.0,完全一致,1.0,医療法人社団喜峰会 東海記念病院,,
豊川市民病院,愛知県,平成21年度DPC参加病院,428.0,501.0,完全一致,1.0,豊川市民病院,,
独立行政法人労働者健康安全機構　旭労災病院,愛知県,平成20年度DPC参加病院,150.0,250.0,完全一致,1.0,独立行政法人労働者健康安全機構旭労災病院,,
医療法人医仁会さくら総合病院,愛知県,令和6年度DPC参加病院,224.0,390.0,サフィックス一致,0.9,さくら総合病院,,
愛知県厚生農業協同組合連合会　知多厚生病院,愛知県,平成26年度DPC参加病院,114.0,199.0,完全一致,1.0,愛知県厚生農業協同組合連合会知多厚生病院,,
愛知県厚生農業協同組合連合会　渥美病院,愛知県,平成26年度DPC参加病院,206.0,316.0,完全一致,1.0,愛知県厚生農業協同組合連合会渥美病院,,
医療法人済衆館済衆館病院,愛知県,平成28年度DPC参加病院,108.0,331.0,完全一致,1.0,医療法人済衆館 済衆館病院,,
あま市民病院,愛知県,令和4年度DPC参加病院,90.0,180.0,完全一致,1.0,あま市民病院,,
社会医療法人財団新和会　八千代病院,愛知県,平成21年度DPC参加病院,270.0,420.0,完全一致,1.0,社会医療法人財団新和会八千代病院,,
西尾市民病院,愛知県,平成21年度DPC参加病院,230.0,314.0,完全一致,1.0,西尾市民病院,,
地方独立行政法人　桑名市総合医療センター,三重県,平成21年度DPC参加病院,400.0,400.0,完全一致,1.0,地方独立行政法人　桑名市総合医療センター,,
独立行政法人地域医療機能推進機構　四日市羽津医療センター,三重県,平成18年度DPC参加病院,181.0,226.0,完全一致,1.0,独立行政法人地域医療機能推進機構 四日市羽津医療センター,,
医療法人富田浜病院,三重県,平成23年度DPC参加病院,47.0,145.0,完全一致,1.0,医療法人富田浜病院,,
三重県立総合医療センター,三重県,平成21年度DPC参加病院,397.0,397.0,完全一致,1.0,三重県立総合医療センター,,
三重県厚生農業協同組合連合会　鈴鹿中央総合病院,三重県,平成22年度DPC参加病院,440.0,460.0,完全一致,1.0,三重県厚生農業協同組合連合会 鈴鹿中央総合病院,,
鈴鹿回生病院,三重県,平成18年度DPC参加病院,270.0,326.0,完全一致,1.0,鈴鹿回生病院,,
公立西知多総合病院,愛知県,平成28年度DPC参加病院,403.0,423.0,完全一致,1.0,公立西知多総合病院,,
あいち小児保健医療総合センター,愛知県,平成30年度DPC参加病院,200.0,200.0,完全一致,1.0,あいち小児保健医療総合センター,,
医療法人社団松愛会松田病院,静岡県,平成21年度DPC参加病院,60.0,60.0,完全一致,1.0,医療法人社団松愛会松田病院,,
掛川市・袋井市病院企業団立　中東遠総合医療センター,静岡県,平成21年度DPC参加病院,465.0,465.0,完全一致,1.0,掛川市･袋井市病院企業団立中東遠総合医療センター,,
独立行政法人　国立病院機構　静岡医療センター,静岡県,平成20年度DPC参加病院,345.0,445.0,サフィックス一致,0.9,独立行政法人国立病院機構静岡医療センター,,
愛知県がんセンター,愛知県,平成20年度DPC参加病院,500.0,500.0,完全一致,1.0,愛知県がんセンター,,
社会医療法人愛生会　総合上飯田第一病院,愛知県,平成21年度DPC参加病院,148.0,236.0,完全一致,1.0,社会医療法人愛生会 総合上飯田第一病院,,
大隈病院,愛知県,平成30年度DPC参加病院,81.0,157.0,完全一致,1.0,大隈病院,,
島田市立総合医療センター,静岡県,平成20年度DPC参加病院,401.0,445.0,完全一致,1.0,島田市立総合医療センター,,
榛原総合病院,静岡県,平成22年度DPC参加病院,180.0,308.0,完全一致,1.0,榛原総合病院,,
医療法人衆済会　増子記念病院,愛知県,平成21年度DPC参加病院,102.0,102.0,完全一致,1.0,医療法人衆済会 増子記念病院,,
名古屋セントラル病院,愛知県,平成21年度DPC参加病院,198.0,198.0,完全一致,1.0,名古屋セントラル病院,,
国家公務員共済組合連合会　名城病院,愛知県,平成18年度DPC参加病院,279.0,326.0,完全一致,1.0,国家公務員共済組合連合会名城病院,,
社会福祉法人聖霊会聖霊病院,愛知県,平成20年度DPC参加病院,149.0,198.0,完全一致,1.0,社会福祉法人聖霊会 聖霊病院,,
みなと医療生活協同組合　協立総合病院,愛知県,平成18年度DPC参加病院,260.0,324.0,完全一致,1.0,みなと医療生活協同組合協立総合病院,,
名古屋掖済会病院,愛知県,平成20年度DPC参加病院,583.0,602.0,完全一致,1.0,名古屋掖済会病院,,
独立行政法人労働者健康安全機構　浜松労災病院,静岡県,平成21年度DPC参加病院,260.0,312.0,完全一致,1.0,独立行政法人労働者健康安全機構 浜松労災病院,,
浜松医療センター,静岡県,平成18年度DPC参加病院,600.0,600.0,完全一致,1.0,浜松医療センター,,
独立行政法人労働者健康安全機構　中部労災病院,愛知県,平成18年度DPC参加病院,428.0,428.0,完全一致,1.0,独立行政法人労働者健康安全機構中部労災病院,,
大同病院,愛知県,平成18年度DPC参加病院,394.0,404.0,完全一致,1.0,大同病院,,
総合病院　南生協病院,愛知県,平成20年度DPC参加病院,233.0,301.0,完全一致,1.0,総合病院 南生協病院,,
名古屋市立大学医学部附属みどり市民病院,愛知県,平成28年度DPC参加病院,100.0,205.0,完全一致,1.0,名古屋市立大学医学部附属みどり市民病院,,
名古屋記念病院,愛知県,平成21年度DPC参加病院,416.0,416.0,完全一致,1.0,名古屋記念病院,,
光生会病院,愛知県,平成24年度DPC参加病院,113.0,113.0,完全一致,1.0,光生会病院,,
名古屋市立大学医学部附属　西部医療センター,愛知県,平成26年度DPC参加病院,500.0,500.0,完全一致,1.0,名古屋市立大学医学部附属西部医療センター,,
名鉄病院,愛知県,平成21年度DPC参加病院,333.0,373.0,完全一致,1.0,名鉄病院,,
総合大雄会病院,愛知県,平成18年度DPC参加病院,325.0,355.0,完全一致,1.0,総合大雄会病院,,
大雄会第一病院,愛知県,平成20年度DPC参加病院,39.0,99.0,完全一致,1.0,大雄会第一病院,,
医療法人泰玄会泰玄会病院,愛知県,令和2年度DPC参加病院,100.0,125.0,完全一致,1.0,医療法人泰玄会 泰玄会病院,,
公立陶生病院,愛知県,平成21年度DPC参加病院,608.0,633.0,完全一致,1.0,公立陶生病院,,
知多半島総合医療センター,愛知県,平成21年度DPC参加病院,416.0,416.0,サフィックス一致,0.9,地方独立行政法人知多半島総合医療機構知多半島総合医療センター,,
春日井市民病院,愛知県,平成21年度DPC参加病院,538.0,538.0,完全一致,1.0,春日井市民病院,,
藤田医科大学　ばんたね病院,愛知県,平成21年度DPC参加病院,370.0,370.0,完全一致,1.0,藤田医科大学ばんたね病院,,
名古屋共立病院,愛知県,平成18年度DPC参加病院,111.0,156.0,完全一致,1.0,名古屋共立病院,,
国際医療福祉大学熱海病院,静岡県,平成20年度DPC参加病院,236.0,267.0,完全一致,1.0,国際医療福祉大学熱海病院,,
独立行政法人地域医療機能推進機構　三島総合病院,静岡県,平成18年度DPC参加病院,109.0,159.0,完全一致,1.0,独立行政法人 地域医療機能推進機構 三島総合病院,,
社会医療法人志仁会三島中央病院,静岡県,平成26年度DPC参加病院,111.0,196.0,完全一致,1.0,社会医療法人志仁会三島中央病院,,
一般財団法人芙蓉協会　聖隷沼津病院,静岡県,平成20年度DPC参加病院,172.0,220.0,完全一致,1.0,一般財団法人 芙蓉協会 聖隷沼津病院,,
沼津市立病院,静岡県,平成20年度DPC参加病院,326.0,326.0,完全一致,1.0,沼津市立病院,,
公益社団法人有隣厚生会富士病院,静岡県,令和6年度DPC参加病院,108.0,160.0,完全一致,1.0,公益社団法人有隣厚生会富士病院,,
岐阜県厚生農業協同組合連合会　東濃中部医療センター　土岐市立総合病院,岐阜県,平成21年度DPC参加病院,108.0,168.0,完全一致,1.0,岐阜県厚生農業協同組合連合会 東濃中部医療センター 土岐市立総合病院,,
医療法人　徳洲会　大垣徳洲会病院,岐阜県,平成23年度DPC参加病院,181.0,283.0,完全一致,1.0,医療法人徳洲会 大垣徳洲会病院,,
一般財団法人　富士脳障害研究所附属病院,静岡県,平成21年度DPC参加病院,80.0,160.0,完全一致,1.0,一般財団法人 富士脳障害研究所附属病院,,
富士市立中央病院,静岡県,平成21年度DPC参加病院,504.0,514.0,完全一致,1.0,富士市立中央病院,,
共立蒲原総合病院,静岡県,平成21年度DPC参加病院,94.0,256.0,完全一致,1.0,共立蒲原総合病院,,
独立行政法人地域医療機能推進機構清水さくら病院,静岡県,平成20年度DPC参加病院,99.0,159.0,完全一致,1.0,独立行政法人地域医療機能推進機構清水さくら病院,,
ＪＡ静岡厚生連　静岡厚生病院,静岡県,平成24年度DPC参加病院,130.0,265.0,完全一致,1.0,ＪＡ静岡厚生連静岡厚生病院,,
静岡済生会総合病院,静岡県,平成20年度DPC参加病院,520.0,577.0,完全一致,1.0,静岡済生会総合病院,,
公益社団法人地域医療振興協会伊豆今井浜病院,静岡県,平成28年度DPC参加病院,54.0,100.0,完全一致,1.0,公益社団法人 地域医療振興協会 伊豆今井浜病院,,
伊東市民病院,静岡県,平成21年度DPC参加病院,208.0,250.0,完全一致,1.0,伊東市民病院,,
医療法人徳洲会　静岡徳洲会病院,静岡県,平成23年度DPC参加病院,100.0,315.0,完全一致,1.0,医療法人徳洲会　静岡徳洲会病院,,
静岡県立こども病院,静岡県,平成21年度DPC参加病院,213.0,249.0,完全一致,1.0,静岡県立こども病院,,
医療法人社団正心会岡本石井病院,静岡県,令和6年度DPC参加病院,43.0,197.0,サフィックス一致,0.9,岡本石井病院,,
焼津市立総合病院,静岡県,平成21年度DPC参加病院,423.0,423.0,完全一致,1.0,焼津市立総合病院,,
藤枝平成記念病院,静岡県,平成20年度DPC参加病院,113.0,199.0,完全一致,1.0,藤枝平成記念病院,,
藤枝市立総合病院,静岡県,平成18年度DPC参加病院,500.0,512.0,完全一致,1.0,藤枝市立総合病院,,
医療法人社団宏和会岡村記念病院,静岡県,平成26年度DPC参加病院,65.0,65.0,完全一致,1.0,医療法人社団宏和会 岡村記念病院,,
富士宮市立病院,静岡県,平成21年度DPC参加病院,350.0,380.0,完全一致,1.0,富士宮市立病院,,
市立御前崎総合病院,静岡県,平成24年度DPC参加病院,79.0,193.0,完全一致,1.0,市立御前崎総合病院,,
菊川市立総合病院,静岡県,平成22年度DPC参加病院,118.0,260.0,完全一致,1.0,菊川市立総合病院,,
公立森町病院,静岡県,平成24年度DPC参加病院,45.0,131.0,完全一致,1.0,公立森町病院,,
磐田市立総合病院,静岡県,平成21年度DPC参加病院,500.0,500.0,完全一致,1.0,磐田市立総合病院,,
浜松赤十字病院,静岡県,平成23年度DPC参加病院,226.0,279.0,完全一致,1.0,浜松赤十字病院,,
ＪＡ静岡厚生連　遠州病院,静岡県,平成21年度DPC参加病院,340.0,400.0,完全一致,1.0,JA静岡厚生連遠州病院,,
静岡赤十字病院,静岡県,平成18年度DPC参加病院,411.0,411.0,完全一致,1.0,静岡赤十字病院,,
静岡市立清水病院,静岡県,平成21年度DPC参加病院,275.0,319.0,完全一致,1.0,静岡市立清水病院,,
長野県立こども病院,長野県,平成26年度DPC参加病院,163.0,163.0,完全一致,1.0,長野県立こども病院,,
安曇野赤十字病院,長野県,平成21年度DPC参加病院,188.0,277.0,完全一致,1.0,安曇野赤十字病院,,
医療法人仁雄会　穂高病院,長野県,平成23年度DPC参加病院,59.0,127.0,完全一致,1.0,医療法人仁雄会 穂高病院,,
独立行政法人国立病院機構　信州上田医療センター,長野県,平成18年度DPC参加病院,339.0,339.0,完全一致,1.0,独立行政法人国立病院機構信州上田医療センター,,
独立行政法人国立病院機構まつもと医療センター,長野県,平成28年度DPC参加病院,237.0,458.0,完全一致,1.0,独立行政法人国立病院機構まつもと医療センター,,
岐阜赤十字病院,岐阜県,平成21年度DPC参加病院,216.0,268.0,完全一致,1.0,岐阜赤十字病院,,
市立大町総合病院,長野県,平成21年度DPC参加病院,103.0,199.0,完全一致,1.0,市立大町総合病院,,
飯山赤十字病院,長野県,平成21年度DPC参加病院,60.0,284.0,完全一致,1.0,飯山赤十字病院,,
河村病院,岐阜県,平成21年度DPC参加病院,107.0,315.0,完全一致,1.0,河村病院,,
山内ホスピタル,岐阜県,平成21年度DPC参加病院,34.0,117.0,完全一致,1.0,山内ホスピタル,,
岐阜県厚生農業協同組合連合会　中濃厚生病院,岐阜県,平成18年度DPC参加病院,425.0,489.0,完全一致,1.0,岐阜県厚生農業協同組合連合会 中濃厚生病院,,
美濃市立美濃病院,岐阜県,平成21年度DPC参加病院,45.0,122.0,完全一致,1.0,美濃市立美濃病院,,
羽島市民病院,岐阜県,平成20年度DPC参加病院,96.0,244.0,完全一致,1.0,羽島市民病院,,
公立学校共済組合　東海中央病院,岐阜県,平成20年度DPC参加病院,253.0,332.0,完全一致,1.0,公立学校共済組合東海中央病院,,
長野県立木曽病院,長野県,平成22年度DPC参加病院,60.0,139.0,完全一致,1.0,長野県立木曽病院,,
長野県厚生農業協同組合連合会　北アルプス医療センター　あづみ病院,長野県,平成20年度DPC参加病院,152.0,300.0,完全一致,1.0,長野県厚生農業協同組合連合会 北アルプス医療センターあづみ病院,,
郡上市民病院,岐阜県,平成26年度DPC参加病院,96.0,116.0,完全一致,1.0,郡上市民病院,,
社会医療法人厚生会多治見市民病院,岐阜県,平成28年度DPC参加病院,198.0,248.0,完全一致,1.0,社会医療法人 厚生会 多治見市民病院,,
中部国際医療センター,岐阜県,平成20年度DPC参加病院,456.0,502.0,完全一致,1.0,中部国際医療センター,,
総合病院中津川市民病院,岐阜県,平成21年度DPC参加病院,237.0,316.0,完全一致,1.0,総合病院 中津川市民病院,,
岐阜県厚生農業協同組合連合会　東濃中部医療センター　東濃厚生病院,岐阜県,平成20年度DPC参加病院,270.0,270.0,完全一致,1.0,岐阜県厚生農業協同組合連合会 東濃中部医療センター 東濃厚生病院,,
市立恵那病院,岐阜県,平成21年度DPC参加病院,148.0,199.0,完全一致,1.0,市立恵那病院,,
医療法人社団　志朋会加納渡辺病院,岐阜県,平成22年度DPC参加病院,26.0,34.0,完全一致,1.0,医療法人社団志朋会加納渡辺病院,,
朝日大学病院,岐阜県,平成21年度DPC参加病院,199.0,275.0,完全一致,1.0,朝日大学病院,,
博愛会病院,岐阜県,平成22年度DPC参加病院,50.0,234.0,完全一致,1.0,博愛会病院,,
岐阜県厚生農業協同組合連合会　岐阜・西濃医療センター　西濃厚生病院,岐阜県,平成21年度DPC参加病院,293.0,400.0,完全一致,1.0,岐阜県厚生農業協同組合連合会　岐阜・西濃医療センター　西濃厚生病院,,
高山赤十字病院,岐阜県,平成18年度DPC参加病院,273.0,366.0,完全一致,1.0,高山赤十字病院,,
岐阜県厚生農業協同組合連合会　飛騨医療センター　久美愛厚生病院,岐阜県,平成20年度DPC参加病院,186.0,300.0,完全一致,1.0,岐阜県厚生農業協同組合連合会飛騨医療センター久美愛厚生病院,,
独立行政法人地域医療機能推進機構　可児とうのう病院,岐阜県,平成16年度DPC参加病院,101.0,154.0,完全一致,1.0,独立行政法人地域医療機能推進機構 可児とうのう病院,,
医療法人社団健育会　西伊豆健育会病院,静岡県,平成21年度DPC参加病院,36.0,78.0,完全一致,1.0,医療法人社団健育会西伊豆健育会病院,,
松波総合病院,岐阜県,平成18年度DPC参加病院,322.0,501.0,完全一致,1.0,松波総合病院,,
岐阜県厚生農業協同組合連合会　岐阜・西濃医療センター　岐北厚生病院,岐阜県,平成20年度DPC参加病院,120.0,260.0,完全一致,1.0,岐阜県厚生農業協同組合連合会岐阜・西濃医療センター岐北厚生病院,,
独立行政法人国立病院機構　甲府病院,山梨県,平成18年度DPC参加病院,138.0,276.0,完全一致,1.0,独立行政法人国立病院機構甲府病院,,
長野県厚生農業協同組合連合会　長野松代総合病院,長野県,平成20年度DPC参加病院,300.0,344.0,完全一致,1.0,長野県厚生農業協同組合連合会長野松代総合病院,,
長野県厚生農業協同組合連合会　南長野医療センター篠ノ井総合病院,長野県,平成20年度DPC参加病院,418.0,418.0,完全一致,1.0,長野県厚生農業協同組合連合会 南長野医療センター篠ノ井総合病院,,
長野医療生活協同組合長野中央病院,長野県,平成21年度DPC参加病院,167.0,322.0,完全一致,1.0,長野医療生活協同組合長野中央病院,,
医療法人健成会小林脳神経外科病院,長野県,平成28年度DPC参加病院,50.0,50.0,完全一致,1.0,医療法人健成会 小林脳神経外科病院,,
藤森病院,長野県,平成28年度DPC参加病院,39.0,69.0,完全一致,1.0,藤森病院,,
甲府共立病院,山梨県,平成20年度DPC参加病院,177.0,277.0,完全一致,1.0,甲府共立病院,,
山梨県立中央病院,山梨県,平成22年度DPC参加病院,576.0,611.0,完全一致,1.0,山梨県立中央病院,,
松本協立病院,長野県,平成22年度DPC参加病院,91.0,199.0,完全一致,1.0,松本協立病院,,
一之瀬脳神経外科病院,長野県,平成22年度DPC参加病院,47.0,77.0,完全一致,1.0,一之瀬脳神経外科病院,,
松本市立病院,長野県,平成26年度DPC参加病院,113.0,199.0,完全一致,1.0,松本市立病院,,
丸子中央病院,長野県,平成30年度DPC参加病院,99.0,199.0,完全一致,1.0,丸子中央病院,,
岡谷市民病院,長野県,平成21年度DPC参加病院,117.0,295.0,完全一致,1.0,岡谷市民病院,,
飯田市立病院,長野県,平成21年度DPC参加病院,365.0,365.0,完全一致,1.0,飯田市立病院,,
医療法人社団協友会　笛吹中央病院,山梨県,平成21年度DPC参加病院,74.0,150.0,サフィックス一致,0.9,笛吹中央病院,,
上野原市立病院,山梨県,平成28年度DPC参加病院,85.0,135.0,完全一致,1.0,上野原市立病院,,
輝山会記念病院,長野県,平成24年度DPC参加病院,52.0,199.0,完全一致,1.0,輝山会記念病院,,
長野県立信州医療センター,長野県,平成21年度DPC参加病院,222.0,246.0,完全一致,1.0,長野県立信州医療センター,,
長野県厚生農業協同組合連合会　浅間南麓こもろ医療センター,長野県,平成20年度DPC参加病院,168.0,246.0,完全一致,1.0,長野県厚生農業協同組合連合会　浅間南麓こもろ医療センター,,
伊那中央病院,長野県,平成22年度DPC参加病院,358.0,394.0,完全一致,1.0,伊那中央病院,,
昭和伊南総合病院,長野県,平成21年度DPC参加病院,146.0,239.0,完全一致,1.0,昭和伊南総合病院,,
長野県厚生農業協同組合連合会　北信総合病院,長野県,平成20年度DPC参加病院,297.0,419.0,完全一致,1.0,長野県厚生農業協同組合連合会北信総合病院,,
社会医療法人抱生会丸の内病院,長野県,平成26年度DPC参加病院,130.0,199.0,完全一致,1.0,社会医療法人抱生会 丸の内病院,,
社会医療法人財団　慈泉会　相澤病院,長野県,平成18年度DPC参加病院,414.0,456.0,完全一致,1.0,社会医療法人財団慈泉会 相澤病院,,
組合立諏訪中央病院,長野県,平成21年度DPC参加病院,190.0,360.0,サフィックス一致,0.9,諏訪中央病院,,
長野県厚生農業協同組合連合会　佐久総合病院,長野県,平成18年度DPC参加病院,126.0,216.0,完全一致,1.0,長野県厚生農業協同組合連合会佐久総合病院,,
佐久市立国保浅間総合病院,長野県,平成20年度DPC参加病院,162.0,199.0,完全一致,1.0,佐久市立国保浅間総合病院,,
長野県厚生農業協同組合連合会　佐久総合病院小海分院,長野県,平成21年度DPC参加病院,42.0,99.0,完全一致,1.0,長野県厚生農業協同組合連合会佐久総合病院 小海分院,,
国民健康保険依田窪病院,長野県,平成26年度DPC参加病院,43.0,131.0,完全一致,1.0,国民健康保険依田窪病院,,
長野県厚生農業協同組合連合会富士見高原医療福祉センター　富士見高原病院,長野県,平成22年度DPC参加病院,97.0,151.0,サフィックス一致,0.9,富士見高原医療福祉センター富士見高原病院,,
社会医療法人栗山会　飯田病院,長野県,平成21年度DPC参加病院,150.0,424.0,サフィックス一致,0.9,飯田病院,,
健和会病院,長野県,平成21年度DPC参加病院,60.0,189.0,完全一致,1.0,健和会病院,,
金沢有松病院,石川県,平成21年度DPC参加病院,90.0,140.0,サフィックス一致,0.9,医療法人社団 中央会 金沢有松病院,,
社会医療法人財団董仙会恵寿金沢病院,石川県,令和6年度DPC参加病院,60.0,60.0,完全一致,1.0,社会医療法人財団董仙会 恵寿金沢病院,,
社会医療法人財団董仙会　恵寿総合病院,石川県,平成18年度DPC参加病院,246.0,386.0,サフィックス一致,0.9,恵寿総合病院,,
公立能登総合病院,石川県,平成20年度DPC参加病院,280.0,434.0,完全一致,1.0,公立能登総合病院,,
特定医療法人社団勝木会やわたメディカルセンター,石川県,平成20年度DPC参加病院,102.0,200.0,完全一致,1.0,特定医療法人社団 勝木会 やわたメディカルセンター,,
国民健康保険　小松市民病院,石川県,平成21年度DPC参加病院,233.0,253.0,完全一致,1.0,国民健康保険 小松市民病院,,
射水市民病院,富山県,平成21年度DPC参加病院,96.0,199.0,完全一致,1.0,射水市民病院,,
南砺市民病院,富山県,平成16年度DPC参加病院,96.0,175.0,完全一致,1.0,南砺市民病院,,
公立羽咋病院,石川県,平成20年度DPC参加病院,108.0,166.0,完全一致,1.0,公立羽咋病院,,
医療法人社団　浅ノ川　金沢脳神経外科病院,石川県,平成21年度DPC参加病院,60.0,220.0,完全一致,1.0,医療法人社団浅ノ川 金沢脳神経外科病院,,
公立松任石川中央病院,石川県,平成20年度DPC参加病院,275.0,305.0,完全一致,1.0,公立松任石川中央病院,,
医療法人社団和楽仁芳珠記念病院,石川県,平成20年度DPC参加病院,57.0,174.0,完全一致,1.0,医療法人社団和楽仁 芳珠記念病院,,
独立行政法人国立病院機構　金沢医療センター,石川県,平成18年度DPC参加病院,418.0,507.0,完全一致,1.0,独立行政法人国立病院機構金沢医療センター,,
福井赤十字病院,福井県,平成21年度DPC参加病院,504.0,529.0,完全一致,1.0,福井赤十字病院,,
独立行政法人地域医療機能推進機構　金沢病院,石川県,平成16年度DPC参加病院,191.0,244.0,完全一致,1.0,独立行政法人地域医療機能推進機構金沢病院,,
医療法人社団浅ノ川浅ノ川総合病院,石川県,平成21年度DPC参加病院,205.0,499.0,完全一致,1.0,医療法人社団浅ノ川 浅ノ川総合病院,,
福井厚生病院,福井県,令和6年度DPC参加病院,74.0,199.0,完全一致,1.0,福井厚生病院,,
市立敦賀病院,福井県,平成23年度DPC参加病院,259.0,330.0,完全一致,1.0,市立敦賀病院,,
医療法人　林病院,福井県,平成24年度DPC参加病院,45.0,199.0,完全一致,1.0,医療法人林病院,,
杉田玄白記念　公立小浜病院,福井県,平成22年度DPC参加病院,242.0,450.0,完全一致,1.0,杉田玄白記念公立小浜病院,,
独立行政法人地域医療機能推進機構　福井勝山総合病院,福井県,平成20年度DPC参加病院,158.0,199.0,完全一致,1.0,独立行政法人地域医療機能推進機構 福井勝山総合病院,,
公立丹南病院,福井県,平成21年度DPC参加病院,132.0,179.0,完全一致,1.0,公立丹南病院,,
市立輪島病院,石川県,平成21年度DPC参加病院,54.0,104.0,完全一致,1.0,市立輪島病院,,
加賀市医療センター,石川県,平成21年度DPC参加病院,173.0,300.0,完全一致,1.0,加賀市医療センター,,
市立甲府病院,山梨県,平成21年度DPC参加病院,299.0,351.0,完全一致,1.0,市立甲府病院,,
独立行政法人地域医療機能推進機構　山梨病院,山梨県,平成16年度DPC参加病院,126.0,168.0,サフィックス一致,0.9,地域医療機能推進機構山梨病院,,
公益財団法人山梨厚生会山梨厚生病院,山梨県,平成28年度DPC参加病院,183.0,496.0,サフィックス一致,0.9,山梨厚生病院,,
国民健康保険　富士吉田市立病院,山梨県,平成21年度DPC参加病院,210.0,295.0,サフィックス一致,0.9,富士吉田市立病院,,
山梨赤十字病院,山梨県,平成20年度DPC参加病院,149.0,243.0,完全一致,1.0,山梨赤十字病院,,
医療法人徳洲会　白根徳洲会病院,山梨県,平成30年度DPC参加病院,105.0,199.0,サフィックス一致,0.9,白根徳洲会病院,,
福井循環器病院,福井県,平成21年度DPC参加病院,164.0,164.0,完全一致,1.0,福井循環器病院,,
福井総合病院,福井県,平成20年度DPC参加病院,195.0,315.0,完全一致,1.0,福井総合病院,,
厚生連糸魚川総合病院,新潟県,平成26年度DPC参加病院,140.0,199.0,完全一致,1.0,厚生連糸魚川総合病院,,
五泉中央病院,新潟県,令和6年度DPC参加病院,36.0,157.0,完全一致,1.0,五泉中央病院,,
新潟県厚生農業協同組合連合会　佐渡総合病院,新潟県,平成26年度DPC参加病院,194.0,354.0,未結合,,,,
新潟県地域医療推進機構魚沼基幹病院,新潟県,平成30年度DPC参加病院,355.0,405.0,未結合,,,,
南魚沼市民病院,新潟県,令和6年度DPC参加病院,70.0,144.0,完全一致,1.0,南魚沼市民病院,,
富山市立　富山市民病院,富山県,平成20年度DPC参加病院,414.0,476.0,完全一致,1.0,富山市立富山市民病院,,
新潟県立中央病院,新潟県,平成21年度DPC参加病院,530.0,530.0,完全一致,1.0,新潟県立中央病院,,
新潟県厚生農業協同組合連合会　上越総合病院,新潟県,平成21年度DPC参加病院,260.0,313.0,未結合,,,,
西能病院,富山県,平成26年度DPC参加病院,50.0,97.0,完全一致,1.0,西能病院,,
富山西総合病院,富山県,平成21年度DPC参加病院,116.0,199.0,完全一致,1.0,富山西総合病院,,
高岡市民病院,富山県,平成21年度DPC参加病院,233.0,337.0,完全一致,1.0,高岡市民病院,,
独立行政法人地域医療機能推進機構　高岡ふしき病院,富山県,平成18年度DPC参加病院,60.0,120.0,完全一致,1.0,独立行政法人地域医療機能推進機構 高岡ふしき病院,,
富山県済生会高岡病院,富山県,平成20年度DPC参加病院,151.0,251.0,完全一致,1.0,富山県済生会 高岡病院,,
医療法人社団整志会沢田記念高岡整志会病院,富山県,平成23年度DPC参加病院,70.0,70.0,完全一致,1.0,医療法人社団整志会 沢田記念高岡整志会病院,,
村上総合病院,新潟県,平成28年度DPC参加病院,150.0,199.0,サフィックス一致,0.9,厚生連村上総合病院,,
社会福祉法人恩賜財団済生会新潟県央基幹病院,新潟県,平成21年度DPC参加病院,400.0,400.0,サフィックス一致,0.9,済生会新潟県央基幹病院,,
富山県厚生農業協同組合連合会滑川病院,富山県,令和2年度DPC参加病院,112.0,199.0,完全一致,1.0,富山県厚生農業協同組合連合会滑川病院,,
黒部市民病院,富山県,平成21年度DPC参加病院,409.0,414.0,完全一致,1.0,黒部市民病院,,
市立砺波総合病院,富山県,平成21年度DPC参加病院,285.0,396.0,完全一致,1.0,市立砺波総合病院,,
公立学校共済組合　北陸中央病院,富山県,平成22年度DPC参加病院,57.0,163.0,完全一致,1.0,公立学校共済組合北陸中央病院,,
かみいち総合病院,富山県,平成24年度DPC参加病院,51.0,199.0,完全一致,1.0,かみいち総合病院,,
真生会　富山病院,富山県,平成21年度DPC参加病院,40.0,99.0,完全一致,1.0,真生会富山病院,,
富山赤十字病院,富山県,平成20年度DPC参加病院,344.0,356.0,完全一致,1.0,富山赤十字病院,,
富山県済生会富山病院,富山県,平成21年度DPC参加病院,204.0,250.0,完全一致,1.0,富山県済生会富山病院,,
金沢市立病院,石川県,平成22年度DPC参加病院,214.0,283.0,完全一致,1.0,金沢市立病院,,
公益社団法人石川勤労者医療協会　城北病院,石川県,平成20年度DPC参加病院,102.0,300.0,完全一致,1.0,公益社団法人石川勤労者医療協会 城北病院,,
金沢赤十字病院,石川県,平成21年度DPC参加病院,120.0,243.0,完全一致,1.0,金沢赤十字病院,,
医療法人社団浅ノ川心臓血管センター金沢循環器病院,石川県,平成30年度DPC参加病院,84.0,184.0,完全一致,1.0,医療法人社団浅ノ川 心臓血管センター金沢循環器病院,,
木島病院,石川県,平成30年度DPC参加病院,44.0,88.0,完全一致,1.0,木島病院,,
石川県済生会金沢病院,石川県,平成21年度DPC参加病院,137.0,257.0,完全一致,1.0,石川県済生会金沢病院,,
独立行政法人労働者健康安全機構　富山労災病院,富山県,平成21年度DPC参加病院,195.0,247.0,完全一致,1.0,独立行政法人労働者健康安全機構富山労災病院,,
金沢医科大学氷見市民病院,富山県,平成21年度DPC参加病院,196.0,250.0,完全一致,1.0,金沢医科大学氷見市民病院,,
医療法人社団三成会新百合ヶ丘総合病院,神奈川県,平成28年度DPC参加病院,442.0,563.0,完全一致,1.0,医療法人社団三成会 新百合ヶ丘総合病院,,
横浜市立脳卒中・神経脊椎センター,神奈川県,平成28年度DPC参加病院,145.0,300.0,完全一致,1.0,横浜市立脳卒中・神経脊椎センター,,
横浜市立みなと赤十字病院,神奈川県,平成18年度DPC参加病院,559.0,634.0,完全一致,1.0,横浜市立みなと赤十字病院,,
独立行政法人国立病院機構　横浜医療センター,神奈川県,平成18年度DPC参加病院,470.0,490.0,完全一致,1.0,独立行政法人国立病院機構横浜医療センター,,
独立行政法人国立病院機構　相模原病院,神奈川県,平成23年度DPC参加病院,458.0,458.0,完全一致,1.0,独立行政法人国立病院機構 相模原病院,,
新潟中央病院,新潟県,平成21年度DPC参加病院,155.0,202.0,完全一致,1.0,新潟中央病院,,
医療法人　誠医会　宮川病院,神奈川県,平成26年度DPC参加病院,73.0,122.0,完全一致,1.0,医療法人 誠医会 宮川病院,,
川崎医療生活協同組合　川崎協同病院,神奈川県,令和6年度DPC参加病院,99.0,267.0,完全一致,1.0,川崎医療生活協同組合 川崎協同病院,,
社会医療法人　桑名恵風会　桑名病院,新潟県,平成23年度DPC参加病院,88.0,184.0,完全一致,1.0,社会医療法人　桑名恵風会　桑名病院,,
新潟臨港病院,新潟県,平成26年度DPC参加病院,147.0,196.0,完全一致,1.0,新潟臨港病院,,
新潟白根総合病院,新潟県,平成30年度DPC参加病院,90.0,179.0,完全一致,1.0,新潟白根総合病院,,
厚生連豊栄病院,新潟県,平成30年度DPC参加病院,48.0,199.0,完全一致,1.0,厚生連豊栄病院,,
医療法人愛仁会　亀田第一病院,新潟県,平成21年度DPC参加病院,156.0,197.0,サフィックス一致,0.9,亀田第一病院,,
社会福祉法人新潟市社会事業協会　信楽園病院,新潟県,平成24年度DPC参加病院,235.0,281.0,サフィックス一致,0.9,信楽園病院,,
帝京大学医学部附属溝口病院,神奈川県,平成18年度DPC参加病院,400.0,400.0,完全一致,1.0,帝京大学医学部附属溝口病院,,
川崎市立多摩病院,神奈川県,平成21年度DPC参加病院,357.0,369.0,完全一致,1.0,川崎市立多摩病院,,
新潟医療生活協同組合木戸病院,新潟県,平成28年度DPC参加病院,103.0,262.0,完全一致,1.0,新潟医療生活協同組合 木戸病院,,
下越病院,新潟県,平成22年度DPC参加病院,140.0,261.0,完全一致,1.0,下越病院,,
新潟南病院,新潟県,平成22年度DPC参加病院,108.0,177.0,完全一致,1.0,新潟南病院,,
長岡赤十字病院,新潟県,平成20年度DPC参加病院,532.0,546.0,完全一致,1.0,長岡赤十字病院,,
立川綜合病院,新潟県,平成21年度DPC参加病院,431.0,431.0,完全一致,1.0,立川綜合病院,,
独立行政法人労働者健康安全機構　新潟労災病院,新潟県,平成18年度DPC参加病院,60.0,106.0,サフィックス一致,0.9,労働者健康安全機構新潟労災病院,,
新潟県立がんセンター新潟病院,新潟県,平成21年度DPC参加病院,346.0,367.0,完全一致,1.0,新潟県立がんセンター新潟病院,,
済生会新潟病院,新潟県,平成18年度DPC参加病院,365.0,406.0,完全一致,1.0,済生会新潟病院,,
済生会三条病院,新潟県,平成26年度DPC参加病院,41.0,120.0,完全一致,1.0,済生会三条病院,,
医療法人積発堂富永草野病院,新潟県,令和2年度DPC参加病院,100.0,100.0,サフィックス一致,0.9,富永草野病院,,
新潟県厚生農業協同組合連合会　柏崎総合医療センター,新潟県,平成24年度DPC参加病院,260.0,352.0,未結合,,,,
新潟県立新発田病院,新潟県,平成22年度DPC参加病院,485.0,530.0,完全一致,1.0,新潟県立新発田病院,,
新潟県厚生農業協同組合連合会　小千谷総合病院,新潟県,令和2年度DPC参加病院,50.0,199.0,未結合,,,,
新潟県立十日町病院,新潟県,平成21年度DPC参加病院,200.0,275.0,完全一致,1.0,新潟県立十日町病院,,
猫山宮尾病院,新潟県,平成28年度DPC参加病院,66.0,66.0,完全一致,1.0,猫山宮尾病院,,
新潟県厚生農業協同組合連合会　新潟医療センター,新潟県,平成26年度DPC参加病院,219.0,265.0,未結合,,,,
社会福祉法人恩賜財団済生会支部神奈川県　済生会横浜市南部病院,神奈川県,平成20年度DPC参加病院,500.0,500.0,完全一致,1.0,社会福祉法人恩賜財団済生会支部神奈川県済生会横浜市南部病院,,
医療法人社団仁明会　秋山脳神経外科病院,神奈川県,平成28年度DPC参加病院,41.0,41.0,完全一致,1.0,医療法人社団仁明会 秋山脳神経外科病院,,
医療法人社団明芳会横浜旭中央総合病院,神奈川県,平成20年度DPC参加病院,397.0,515.0,完全一致,1.0,医療法人社団 明芳会 横浜旭中央総合病院,,
聖マリアンナ医科大学横浜市西部病院,神奈川県,平成18年度DPC参加病院,482.0,482.0,完全一致,1.0,聖マリアンナ医科大学横浜市西部病院,,
医療法人社団恵生会上白根病院,神奈川県,平成20年度DPC参加病院,99.0,150.0,完全一致,1.0,医療法人社団恵生会 上白根病院,,
神奈川県立がんセンター,神奈川県,平成20年度DPC参加病院,395.0,415.0,完全一致,1.0,神奈川県立がんセンター,,
相模原赤十字病院,神奈川県,平成21年度DPC参加病院,92.0,132.0,完全一致,1.0,相模原赤十字病院,,
神奈川県厚生農業協同組合連合会　相模原協同病院,神奈川県,平成18年度DPC参加病院,388.0,398.0,完全一致,1.0,神奈川県厚生農業協同組合連合会相模原協同病院,,
国家公務員共済組合連合会　横浜栄共済病院,神奈川県,平成20年度DPC参加病院,400.0,400.0,完全一致,1.0,国家公務員共済組合連合会 横浜栄共済病院,,
ゆめが丘総合病院,神奈川県,平成22年度DPC参加病院,156.0,156.0,完全一致,1.0,ゆめが丘総合病院,,
社会福祉法人　親善福祉協会　国際親善総合病院,神奈川県,平成21年度DPC参加病院,228.0,287.0,完全一致,1.0,社会福祉法人 親善福祉協会 国際親善総合病院,,
医療法人横浜未来ヘルスケアシステム　戸塚共立いずみ野病院,神奈川県,平成26年度DPC参加病院,42.0,100.0,完全一致,1.0,医療法人横浜未来ヘルスケアシステム 戸塚共立いずみ野病院,,
医療法人社団明芳会横浜新都市脳神経外科病院,神奈川県,平成20年度DPC参加病院,257.0,317.0,完全一致,1.0,医療法人社団明芳会 横浜新都市脳神経外科病院,,
医療法人社団緑成会横浜総合病院,神奈川県,令和4年度DPC参加病院,300.0,300.0,完全一致,1.0,医療法人社団緑成会横浜総合病院,,
医療法人社団哺育会桜ヶ丘中央病院,神奈川県,平成21年度DPC参加病院,45.0,171.0,完全一致,1.0,医療法人社団 哺育会 桜ヶ丘中央病院,,
社会医療法人三栄会　中央林間病院,神奈川県,平成30年度DPC参加病院,47.0,100.0,完全一致,1.0,社会医療法人三栄会 中央林間病院,,
神奈川県厚生農業協同組合連合会　伊勢原協同病院,神奈川県,平成18年度DPC参加病院,291.0,350.0,完全一致,1.0,神奈川県厚生農業協同組合連合会 伊勢原協同病院,,
医療法人興生会　相模台病院,神奈川県,平成21年度DPC参加病院,85.0,306.0,完全一致,1.0,医療法人興生会 相模台病院,,
社会医療法人ジャパンメディカルアライアンス座間総合病院,神奈川県,平成30年度DPC参加病院,88.0,344.0,完全一致,1.0,社会医療法人ｼﾞｬﾊﾟﾝﾒﾃﾞｨｶﾙｱﾗｲｱﾝｽ 座間総合病院,,
社会医療法人　ジャパンメディカルアライアンス　海老名総合病院,神奈川県,平成18年度DPC参加病院,479.0,479.0,完全一致,1.0,社会医療法人ｼﾞｬﾊﾟﾝﾒﾃﾞｨｶﾙｱﾗｲｱﾝｽ 海老名総合病院,,
川崎市立川崎病院,神奈川県,平成21年度DPC参加病院,582.0,618.0,完全一致,1.0,川崎市立川崎病院,,
医療法人愛仁会　太田総合病院,神奈川県,平成21年度DPC参加病院,261.0,261.0,完全一致,1.0,医療法人　愛仁会　太田総合病院,,
医療法人社団武蔵野会　牧野記念病院,神奈川県,平成22年度DPC参加病院,101.0,183.0,完全一致,1.0,医療法人社団武蔵野会 牧野記念病院,,
医療法人社団三喜会横浜新緑総合病院,神奈川県,平成20年度DPC参加病院,159.0,236.0,完全一致,1.0,医療法人社団三喜会横浜新緑総合病院,,
医療法人社団慶友会第一病院,神奈川県,平成30年度DPC参加病院,55.0,55.0,完全一致,1.0,医療法人社団 慶友会 第一病院,,
日本鋼管病院,神奈川県,平成21年度DPC参加病院,310.0,358.0,完全一致,1.0,日本鋼管病院,,
川崎市立井田病院,神奈川県,平成23年度DPC参加病院,275.0,383.0,完全一致,1.0,川崎市立井田病院,,
日本医科大学武蔵小杉病院,神奈川県,平成21年度DPC参加病院,372.0,372.0,完全一致,1.0,日本医科大学武蔵小杉病院,,
医療法人社団亮正会総合高津中央病院,神奈川県,平成21年度DPC参加病院,169.0,210.0,完全一致,1.0,医療法人社団 亮正会 総合高津中央病院,,
国家公務員共済組合連合会　虎の門病院分院,神奈川県,平成20年度DPC参加病院,204.0,300.0,完全一致,1.0,虎の門病院分院,,
医療法人社団　一成会　たちばな台病院,神奈川県,平成26年度DPC参加病院,134.0,134.0,完全一致,1.0,医療法人社団一成会 たちばな台病院,,
昭和医科大学横浜市北部病院,神奈川県,平成18年度DPC参加病院,572.0,689.0,完全一致,1.0,昭和医科大学横浜市北部病院,,
医療法人横浜未来ヘルスケアシステム　戸塚共立第1病院,神奈川県,平成21年度DPC参加病院,148.0,148.0,完全一致,1.0,医療法人横浜未来ヘルスケアシステム 戸塚共立第1病院,,
医療法人横浜未来ヘルスケアシステム　戸塚共立第2病院,神奈川県,平成20年度DPC参加病院,97.0,101.0,完全一致,1.0,医療法人横浜未来ヘルスケアシステム 戸塚共立第2病院,,
西横浜国際総合病院,神奈川県,平成20年度DPC参加病院,58.0,188.0,完全一致,1.0,西横浜国際総合病院,,
医療法人財団明理会東戸塚記念病院,神奈川県,平成20年度DPC参加病院,284.0,304.0,完全一致,1.0,医療法人財団 明理会 東戸塚記念病院,,
医療法人　徳洲会　葉山ハートセンター,神奈川県,平成20年度DPC参加病院,89.0,89.0,完全一致,1.0,医療法人徳洲会葉山ハートセンター,,
医療法人徳洲会　湘南大磯病院,神奈川県,平成23年度DPC参加病院,178.0,178.0,完全一致,1.0,徳洲会湘南大磯病院,,
独立行政法人地域医療機能推進機構　横浜中央病院,神奈川県,平成16年度DPC参加病院,200.0,250.0,完全一致,1.0,独立行政法人地域医療機能推進機構 横浜中央病院,,
神奈川県立こども医療センター,神奈川県,平成26年度DPC参加病院,390.0,430.0,完全一致,1.0,神奈川県立こども医療センター,,
横須賀市立市民病院,神奈川県,平成20年度DPC参加病院,271.0,339.0,完全一致,1.0,横須賀市立市民病院,,
横須賀市立総合医療センター,神奈川県,平成20年度DPC参加病院,409.0,450.0,完全一致,1.0,横須賀市立総合医療センター,,
医療法人横浜未来ヘルスケアシステム　よこすか浦賀病院,神奈川県,平成30年度DPC参加病院,0.0,99.0,完全一致,1.0,医療法人 横浜未来ヘルスケアシステム よこすか浦賀病院,,
平塚市民病院,神奈川県,平成20年度DPC参加病院,410.0,410.0,完全一致,1.0,平塚市民病院,,
大船中央病院,神奈川県,平成23年度DPC参加病院,247.0,247.0,完全一致,1.0,大船中央病院,,
一般財団法人　同友会　藤沢湘南台病院,神奈川県,平成21年度DPC参加病院,218.0,330.0,完全一致,1.0,一般財団法人同友会藤沢湘南台病院,,
独立行政法人労働者健康安全機構　横浜労災病院,神奈川県,平成20年度DPC参加病院,650.0,650.0,完全一致,1.0,独立行政法人労働者健康安全機構 横浜労災病院,,
菊名記念病院,神奈川県,平成18年度DPC参加病院,218.0,218.0,完全一致,1.0,菊名記念病院,,
医療法人尽誠会　山近記念総合病院,神奈川県,平成20年度DPC参加病院,152.0,152.0,完全一致,1.0,医療法人尽誠会 山近記念総合病院,,
茅ケ崎市立病院,神奈川県,平成21年度DPC参加病院,401.0,401.0,未結合,,,,
湘南東部総合病院,神奈川県,平成26年度DPC参加病院,211.0,327.0,完全一致,1.0,湘南東部総合病院,,
医療法人徳洲会茅ヶ崎徳洲会病院,神奈川県,令和2年度DPC参加病院,132.0,132.0,完全一致,1.0,医療法人徳洲会 茅ヶ崎徳洲会病院,,
医療法人社団相和会渕野辺総合病院,神奈川県,平成20年度DPC参加病院,133.0,161.0,サフィックス一致,0.9,渕野辺総合病院,,
独立行政法人地域医療機能推進機構　相模野病院,神奈川県,平成18年度DPC参加病院,178.0,212.0,完全一致,1.0,独立行政法人地域医療機能推進機構 相模野病院,,
神奈川県立足柄上病院,神奈川県,平成22年度DPC参加病院,204.0,264.0,完全一致,1.0,神奈川県立足柄上病院,,
社会福祉法人　日本医療伝道会　衣笠病院,神奈川県,平成21年度DPC参加病院,50.0,194.0,未結合,,,,
秦野赤十字病院,神奈川県,平成18年度DPC参加病院,216.0,262.0,完全一致,1.0,秦野赤十字病院,,
東名厚木病院,神奈川県,平成20年度DPC参加病院,208.0,282.0,完全一致,1.0,東名厚木病院,,
厚木市立病院,神奈川県,平成21年度DPC参加病院,347.0,347.0,完全一致,1.0,厚木市立病院,,
医療法人徳洲会　湘南厚木病院,神奈川県,平成21年度DPC参加病院,170.0,253.0,完全一致,1.0,医療法人徳洲会　湘南厚木病院,,
大和市立病院,神奈川県,平成24年度DPC参加病院,403.0,403.0,完全一致,1.0,大和市立病院,,
医療法人徳洲会　大和徳洲会病院,神奈川県,平成21年度DPC参加病院,207.0,248.0,完全一致,1.0,医療法人 徳洲会 大和徳洲会病院,,
医療法人徳洲会　湘南藤沢徳洲会病院,神奈川県,平成21年度DPC参加病院,419.0,419.0,完全一致,1.0,医療法人徳洲会 湘南藤沢徳洲会病院,,
小田原市立病院,神奈川県,平成20年度DPC参加病院,417.0,417.0,完全一致,1.0,小田原市立病院,,
東京慈恵会医科大学附属第三病院,東京都,平成20年度DPC参加病院,534.0,534.0,完全一致,1.0,東京慈恵会医科大学附属第三病院,,
社会医療法人財団　大和会　東大和病院,東京都,平成18年度DPC参加病院,284.0,284.0,サフィックス一致,0.9,東大和病院,,
公益財団法人　結核予防会　複十字病院,東京都,平成21年度DPC参加病院,248.0,334.0,完全一致,1.0,公益財団法人結核予防会 複十字病院,,
社会医療法人財団　大和会　武蔵村山病院,東京都,平成21年度DPC参加病院,144.0,300.0,サフィックス一致,0.9,武蔵村山病院,,
日本医科大学多摩永山病院,東京都,平成21年度DPC参加病院,405.0,405.0,完全一致,1.0,日本医科大学多摩永山病院,,
地方独立行政法人　東京都立病院機構　東京都立多摩南部地域病院,東京都,平成21年度DPC参加病院,261.0,277.0,完全一致,1.0,地方独立行政法人東京都立病院機構　東京都立多摩南部地域病院,,
医療法人社団　永寿会三鷹中央病院,東京都,平成22年度DPC参加病院,75.0,122.0,完全一致,1.0,医療法人社団永寿会三鷹中央病院,,
府中恵仁会病院,東京都,平成22年度DPC参加病院,154.0,217.0,完全一致,1.0,府中恵仁会病院,,
医療法人徳洲会　武蔵野徳洲会病院,東京都,令和2年度DPC参加病院,253.0,303.0,完全一致,1.0,医療法人徳洲会 武蔵野徳洲会病院,,
医療法人社団下田緑眞会　世田谷北部病院,東京都,平成24年度DPC参加病院,42.0,94.0,完全一致,1.0,医療法人社団下田緑眞会 世田谷北部病院,,
社会医療法人財団　仁医会　牧田総合病院,東京都,平成28年度DPC参加病院,290.0,290.0,完全一致,1.0,社会医療法人財団仁医会　牧田総合病院,,
地方独立行政法人東京都立病院機構　東京都立荏原病院,東京都,平成21年度DPC参加病院,293.0,323.0,完全一致,1.0,地方独立行政法人東京都立病院機構　東京都立荏原病院,,
地方独立行政法人東京都立病院機構東京都立大久保病院,東京都,平成20年度DPC参加病院,153.0,202.0,完全一致,1.0,地方独立行政法人東京都立病院機構　東京都立大久保病院,,
地方独立行政法人東京都立病院機構　東京都立広尾病院,東京都,平成21年度DPC参加病院,279.0,309.0,完全一致,1.0,地方独立行政法人東京都立病院機構　東京都立広尾病院,,
医療法人社団武蔵野会　一橋病院,東京都,平成23年度DPC参加病院,89.0,99.0,完全一致,1.0,医療法人社団武蔵野会一橋病院,,
公立福生病院,東京都,平成21年度DPC参加病院,271.0,316.0,完全一致,1.0,公立福生病院,,
独立行政法人国立病院機構　村山医療センター,東京都,平成30年度DPC参加病院,143.0,303.0,完全一致,1.0,独立行政法人国立病院機構村山医療センター,,
独立行政法人国立病院機構東京病院,東京都,平成26年度DPC参加病院,302.0,472.0,完全一致,1.0,独立行政法人国立病院機構東京病院,,
東京逓信病院,東京都,平成21年度DPC参加病院,363.0,420.0,完全一致,1.0,東京逓信病院,,
汐田総合病院,神奈川県,平成22年度DPC参加病院,104.0,324.0,完全一致,1.0,汐田総合病院,,
社会福祉法人恩賜財団済生会支部神奈川県済生会神奈川県病院,神奈川県,平成30年度DPC参加病院,72.0,199.0,完全一致,1.0,社会福祉法人恩賜財団済生会支部神奈川県済生会神奈川県病院,,
一般財団法人神奈川県警友会　けいゆう病院,神奈川県,平成21年度DPC参加病院,410.0,410.0,完全一致,1.0,一般財団法人神奈川県警友会 けいゆう病院,,
稲城市立病院,東京都,平成21年度DPC参加病院,290.0,290.0,完全一致,1.0,稲城市立病院,,
公立阿伎留医療センター,東京都,平成22年度DPC参加病院,163.0,262.0,完全一致,1.0,公立阿伎留医療センター,,
横浜保土ケ谷中央病院,神奈川県,平成23年度DPC参加病院,205.0,236.0,サフィックス一致,0.9,独立行政法人地域医療機能推進機構 横浜保土ケ谷中央病院,,
医療法人社団明芳会イムス横浜狩場脳神経外科病院,神奈川県,令和2年度DPC参加病院,57.0,147.0,完全一致,1.0,医療法人社団明芳会　イムス横浜狩場脳神経外科病院,,
聖隷横浜病院,神奈川県,平成20年度DPC参加病院,249.0,367.0,完全一致,1.0,聖隷横浜病院,,
磯子中央病院,神奈川県,平成30年度DPC参加病院,60.0,180.0,完全一致,1.0,磯子中央病院,,
医療法人社団協友会　金沢文庫病院,神奈川県,平成21年度DPC参加病院,51.0,147.0,完全一致,1.0,医療法人社団協友会金沢文庫病院,,
神奈川県立循環器呼吸器病センター,神奈川県,平成21年度DPC参加病院,137.0,197.0,完全一致,1.0,神奈川県立循環器呼吸器病センター,,
国立研究開発法人　国立成育医療研究センター,東京都,平成21年度DPC参加病院,490.0,490.0,完全一致,1.0,国立研究開発法人 国立成育医療研究センター,,
独立行政法人　国立病院機構　災害医療センター,東京都,平成21年度DPC参加病院,455.0,455.0,サフィックス一致,0.9,独立行政法人国立病院機構災害医療センター,,
社会医療法人社団　正志会　平成立石病院,東京都,平成20年度DPC参加病院,171.0,203.0,完全一致,1.0,社会医療法人社団正志会　平成立石病院,,
医療法人社団　明芳会イムス葛飾ハートセンター,東京都,平成24年度DPC参加病院,50.0,50.0,完全一致,1.0,医療法人社団明芳会 イムス葛飾ハートセンター,,
医療法人社団明芳会イムス東京葛飾総合病院,東京都,令和2年度DPC参加病院,277.0,377.0,サフィックス一致,0.9,イムス東京葛飾総合病院,,
東京かつしか赤十字母子医療センター,東京都,令和2年度DPC参加病院,104.0,104.0,完全一致,1.0,東京かつしか赤十字母子医療センター,,
地方独立行政法人東京都立病院機構　東京都立東部地域病院,東京都,平成21年度DPC参加病院,314.0,314.0,完全一致,1.0,地方独立行政法人東京都立病院機構　東京都立東部地域病院,,
社会福祉法人　仁生社江戸川病院,東京都,平成18年度DPC参加病院,447.0,447.0,完全一致,1.0,社会福祉法人仁生社江戸川病院,,
順天堂大学医学部附属練馬病院,東京都,平成20年度DPC参加病院,490.0,490.0,完全一致,1.0,順天堂大学医学部附属練馬病院,,
公益財団法人東京都医療保健協会　練馬総合病院,東京都,平成18年度DPC参加病院,224.0,224.0,完全一致,1.0,公益財団法人東京都医療保健協会練馬総合病院,,
日本私立学校振興・共済事業団　東京臨海病院,東京都,平成21年度DPC参加病院,330.0,330.0,完全一致,1.0,日本私立学校振興・共済事業団 東京臨海病院,,
社会医療法人社団森山医会　森山記念病院,東京都,平成21年度DPC参加病院,255.0,295.0,完全一致,1.0,社会医療法人社団 森山医会 森山記念病院,,
公益財団法人結核予防会　新山手病院,東京都,平成26年度DPC参加病院,145.0,180.0,完全一致,1.0,公益財団法人結核予防会 新山手病院,,
地方独立行政法人東京都立病院機構　東京都立多摩北部医療センター,東京都,平成21年度DPC参加病院,337.0,337.0,完全一致,1.0,地方独立行政法人東京都立病院機構　東京都立多摩北部医療センター,,
医療法人社団　仁成会高木病院,東京都,平成21年度DPC参加病院,120.0,180.0,完全一致,1.0,医療法人社団仁成会 高木病院,,
東海大学医学部付属八王子病院,東京都,平成20年度DPC参加病院,500.0,500.0,完全一致,1.0,東海大学医学部付属八王子病院,,
東京女子医科大学附属足立医療センター,東京都,平成28年度DPC参加病院,450.0,450.0,完全一致,1.0,東京女子医科大学附属足立医療センター,,
東京慈恵会医科大学葛飾医療センター,東京都,平成20年度DPC参加病院,371.0,371.0,完全一致,1.0,東京慈恵会医科大学葛飾医療センター,,
国家公務員共済組合連合会　立川病院,東京都,平成20年度DPC参加病院,412.0,450.0,完全一致,1.0,国家公務員共済組合連合会立川病院,,
立川相互病院,東京都,平成20年度DPC参加病院,287.0,287.0,完全一致,1.0,立川相互病院,,
町田市民病院,東京都,平成21年度DPC参加病院,420.0,438.0,完全一致,1.0,町田市民病院,,
社会医療法人社団　正志会南町田病院,東京都,平成20年度DPC参加病院,76.0,222.0,完全一致,1.0,社会医療法人社団正志会 南町田病院,,
日野市立病院,東京都,平成21年度DPC参加病院,300.0,300.0,完全一致,1.0,日野市立病院,,
医療法人財団慈生会　野村病院,東京都,平成26年度DPC参加病院,34.0,133.0,完全一致,1.0,医療法人財団慈生会 野村病院,,
医療法人社団同愛会病院,東京都,令和6年度DPC参加病院,149.0,149.0,完全一致,1.0,医療法人社団 同愛会病院,,
医療法人社団　昌医会葛西昌医会病院,東京都,平成21年度DPC参加病院,111.0,143.0,完全一致,1.0,医療法人社団昌医会 葛西昌医会病院,,
公益財団法人榊原記念財団　附属榊原記念病院,東京都,平成28年度DPC参加病院,303.0,303.0,完全一致,1.0,公益財団法人榊原記念財団附属榊原記念病院,,
地方独立行政法人東京都立病院機構　東京都立小児総合医療センター,東京都,平成26年度DPC参加病院,337.0,489.0,完全一致,1.0,地方独立行政法人東京都立病院機構　東京都立小児総合医療センター,,
医療法人社団　時正会　佐々総合病院,東京都,平成21年度DPC参加病院,183.0,183.0,完全一致,1.0,医療法人社団時正会 佐々総合病院,,
医療法人社団　東光会西東京中央総合病院,東京都,平成21年度DPC参加病院,182.0,257.0,完全一致,1.0,医療法人社団東光会西東京中央総合病院,,
社会福祉法人　恩賜財団東京都同胞援護会昭島病院,東京都,平成21年度DPC参加病院,50.0,199.0,完全一致,1.0,社会福祉法人恩賜財団東京都同胞援護会 昭島病院,,
医療法人　徳洲会　東京西徳洲会病院,東京都,平成21年度DPC参加病院,492.0,524.0,完全一致,1.0,医療法人徳洲会 東京西徳洲会病院,,
医療法人社団　永生会　南多摩病院,東京都,平成26年度DPC参加病院,148.0,170.0,完全一致,1.0,医療法人社団永生会 南多摩病院,,
医療法人社団　東光会　八王子山王病院,東京都,平成21年度DPC参加病院,80.0,157.0,完全一致,1.0,医療法人社団東光会 八王子山王病院,,
公立学校共済組合　関東中央病院,東京都,平成21年度DPC参加病院,325.0,365.0,完全一致,1.0,公立学校共済組合関東中央病院,,
社会福祉法人　康和会久我山病院,東京都,平成21年度DPC参加病院,199.0,199.0,完全一致,1.0,社会福祉法人康和会久我山病院,,
医療法人横浜未来ヘルスケアシステム　奥沢病院,東京都,平成21年度DPC参加病院,0.0,62.0,完全一致,1.0,医療法人横浜未来ヘルスケアシステム 奥沢病院,,
ＪＲ東京総合病院,東京都,平成22年度DPC参加病院,333.0,381.0,完全一致,1.0,ＪＲ東京総合病院,,
伊藤病院,東京都,平成20年度DPC参加病院,60.0,60.0,完全一致,1.0,伊藤病院,,
東京医療生活協同組合新渡戸記念中野総合病院,東京都,平成16年度DPC参加病院,296.0,296.0,サフィックス一致,0.9,新渡戸記念中野総合病院,,
東邦大学医療センター大橋病院,東京都,平成22年度DPC参加病院,320.0,320.0,完全一致,1.0,東邦大学医療センター大橋病院,,
医療法人　横浜未来ヘルスケアシステム　大田池上病院,東京都,平成23年度DPC参加病院,54.0,144.0,完全一致,1.0,医療法人横浜未来ヘルスケアシステム 大田池上病院,,
河北総合病院,東京都,平成16年度DPC参加病院,331.0,331.0,完全一致,1.0,河北総合病院,,
医療法人財団　荻窪病院,東京都,平成21年度DPC参加病院,252.0,252.0,完全一致,1.0,医療法人財団荻窪病院,,
医療法人財団アドベンチスト会　東京衛生アドベンチスト病院,東京都,平成20年度DPC参加病院,143.0,186.0,完全一致,1.0,医療法人財団アドベンチスト会 東京衛生アドベンチスト病院,,
ニューハート・ワタナベ国際病院,東京都,令和6年度DPC参加病院,44.0,44.0,完全一致,1.0,ニューハート・ワタナベ国際病院,,
杏林大学医学部付属杉並病院,東京都,平成20年度DPC参加病院,291.0,340.0,完全一致,1.0,杏林大学医学部付属杉並病院,,
地方独立行政法人東京都立病院機構　東京都立大塚病院,東京都,平成20年度DPC参加病院,369.0,369.0,完全一致,1.0,地方独立行政法人東京都立病院機構　東京都立大塚病院,,
東急株式会社　東急病院,東京都,平成28年度DPC参加病院,75.0,135.0,完全一致,1.0,東急株式会社 東急病院,,
公益財団法人日産厚生会玉川病院,東京都,平成20年度DPC参加病院,340.0,381.0,完全一致,1.0,公益財団法人日産厚生会玉川病院,,
医療法人社団　明芳会板橋中央総合病院,東京都,平成18年度DPC参加病院,569.0,569.0,完全一致,1.0,医療法人社団明芳会 板橋中央総合病院,,
医療法人社団　明芳会イムス記念病院,東京都,平成21年度DPC参加病院,50.0,72.0,完全一致,1.0,医療法人社団明芳会 イムス記念病院,,
東京都健康長寿医療センター,東京都,平成21年度DPC参加病院,440.0,527.0,完全一致,1.0,地方独立行政法人 東京都健康長寿医療センター,,
医療法人財団明理会　明理会東京大和病院,東京都,平成30年度DPC参加病院,126.0,168.0,完全一致,1.0,医療法人財団明理会 明理会東京大和病院,,
医療法人社団　明芳会高島平中央総合病院,東京都,平成21年度DPC参加病院,235.0,235.0,完全一致,1.0,医療法人社団 明芳会 高島平中央総合病院,,
地方独立行政法人　東京都立病院機構　東京都立豊島病院,東京都,平成18年度DPC参加病院,386.0,438.0,完全一致,1.0,地方独立行政法人東京都立病院機構　東京都立豊島病院,,
一般財団法人自警会　東京警察病院,東京都,平成20年度DPC参加病院,383.0,415.0,完全一致,1.0,一般財団法人自警会 東京警察病院,,
医療法人財団　健貢会総合東京病院,東京都,平成20年度DPC参加病院,292.0,451.0,完全一致,1.0,医療法人財団健貢会 総合東京病院,,
公益社団法人地域医療振興協会練馬光が丘病院,東京都,平成28年度DPC参加病院,405.0,457.0,完全一致,1.0,公益社団法人地域医療振興協会練馬光が丘病院,,
博慈会記念総合病院,東京都,平成21年度DPC参加病院,282.0,282.0,完全一致,1.0,博慈会記念総合病院,,
社会医療法人社団　慈生会　等潤病院,東京都,平成21年度DPC参加病院,78.0,150.0,完全一致,1.0,社会医療法人社団 慈生会 等潤病院,,
医療法人社団　けいせい会　東京北部病院,東京都,平成24年度DPC参加病院,108.0,136.0,完全一致,1.0,医療法人社団けいせい会 東京北部病院,,
医療法人社団　苑田会苑田第一病院,東京都,平成22年度DPC参加病院,221.0,221.0,完全一致,1.0,医療法人社団苑田会 苑田第一病院,,
綾瀬循環器病院,東京都,平成28年度DPC参加病院,76.0,76.0,完全一致,1.0,綾瀬循環器病院,,
公益社団法人地域医療振興協会　東京北医療センター,東京都,平成21年度DPC参加病院,351.0,351.0,完全一致,1.0,公益社団法人地域医療振興協会 東京北医療センター,,
医療法人財団明理会　明理会中央総合病院,東京都,平成20年度DPC参加病院,252.0,312.0,完全一致,1.0,医療法人財団明理会 明理会中央総合病院,,
独立行政法人地域医療機能推進機構　東京新宿メディカルセンター,東京都,平成20年度DPC参加病院,336.0,436.0,完全一致,1.0,独立行政法人地域医療機能推進機構 東京新宿メディカルセンター,,
独立行政法人地域医療機能推進機構　東京山手メディカルセンター,東京都,平成16年度DPC参加病院,398.0,398.0,完全一致,1.0,独立行政法人地域医療機能推進機構 東京山手メディカルセンター,,
医療法人社団大坪会　東都文京病院,東京都,平成21年度DPC参加病院,126.0,126.0,完全一致,1.0,医療法人社団大坪会 東都文京病院,,
公益財団法人ライフ・エクステンション研究所付属　永寿総合病院,東京都,平成20年度DPC参加病院,384.0,400.0,完全一致,1.0,公益財団法人ライフ・エクステンション研究所付属永寿総合病院,,
医療法人社団　哺育会浅草病院,東京都,平成21年度DPC参加病院,74.0,136.0,完全一致,1.0,医療法人社団哺育会浅草病院,,
社会福祉法人　賛育会賛育会病院,東京都,平成20年度DPC参加病院,149.0,199.0,完全一致,1.0,社会福祉法人賛育会 賛育会病院,,
さんむ医療センター,千葉県,平成24年度DPC参加病院,95.0,199.0,完全一致,1.0,さんむ医療センター,,
独立行政法人　国立病院機構　千葉医療センター,千葉県,平成16年度DPC参加病院,390.0,410.0,サフィックス一致,0.9,独立行政法人国立病院機構 千葉医療センター,,
地方独立行政法人東京都立病院機構　東京都立墨東病院,東京都,平成21年度DPC参加病院,679.0,715.0,完全一致,1.0,地方独立行政法人東京都立病院機構　東京都立墨東病院,,
社会医療法人社団　順江会　江東病院,東京都,平成20年度DPC参加病院,256.0,286.0,完全一致,1.0,社会医療法人社団 順江会 江東病院,,
社会福祉法人あそか会あそか病院,東京都,平成30年度DPC参加病院,91.0,271.0,完全一致,1.0,社会福祉法人あそか会あそか病院,,
独立行政法人地域医療機能推進機構　東京城東病院,東京都,平成16年度DPC参加病院,43.0,117.0,完全一致,1.0,独立行政法人地域医療機能推進機構 東京城東病院,,
医療法人社団　青藍会鈴木病院,東京都,平成21年度DPC参加病院,48.0,48.0,サフィックス一致,0.9,医社）青藍会 鈴木病院,,
医療法人社団　藤﨑病院,東京都,平成20年度DPC参加病院,119.0,145.0,完全一致,1.0,医療法人社団藤﨑病院,,
北里大学北里研究所病院,東京都,平成21年度DPC参加病院,219.0,257.0,完全一致,1.0,北里大学北里研究所病院,,
社会福祉法人　聖母会聖母病院,東京都,平成21年度DPC参加病院,107.0,154.0,完全一致,1.0,社会福祉法人 聖母会 聖母病院,,
公益財団法人河野臨牀医学研究所附属第三北品川病院,東京都,平成21年度DPC参加病院,114.0,114.0,完全一致,1.0,公益財団法人河野臨牀医学研究所附属第三北品川病院,,
昭和医科大学病院附属東病院,東京都,平成21年度DPC参加病院,199.0,199.0,完全一致,1.0,昭和医科大学病院附属東病院,,
社会医療法人社団東京巨樹の会　東京品川病院,東京都,平成16年度DPC参加病院,336.0,440.0,完全一致,1.0,社会医療法人社団東京巨樹の会　東京品川病院,,
国家公務員共済組合連合会　東京共済病院,東京都,平成18年度DPC参加病院,239.0,350.0,完全一致,1.0,国家公務員共済組合連合会 東京共済病院,,
国家公務員共済組合連合会　三宿病院,東京都,平成22年度DPC参加病院,206.0,244.0,完全一致,1.0,国家公務員共済組合連合会三宿病院,,
総合病院厚生中央病院,東京都,平成21年度DPC参加病院,257.0,302.0,完全一致,1.0,総合病院厚生中央病院,,
同愛記念病院,東京都,平成21年度DPC参加病院,330.0,360.0,完全一致,1.0,同愛記念病院,,
医療法人　伯鳳会　東京曳舟病院,東京都,平成30年度DPC参加病院,200.0,200.0,完全一致,1.0,医療法人伯鳳会 東京曳舟病院,,
東京労災病院,東京都,平成20年度DPC参加病院,348.0,400.0,サフィックス一致,0.9,独立行政法人労働者健康安全機構東京労災病院,,
日本赤十字社東京都支部　大森赤十字病院,東京都,平成20年度DPC参加病院,327.0,340.0,完全一致,1.0,日本赤十字社東京都支部大森赤十字病院,,
独立行政法人地域医療機能推進機構　東京蒲田医療センター,東京都,平成20年度DPC参加病院,176.0,225.0,完全一致,1.0,独立行政法人地域医療機能推進機構 東京蒲田医療センター,,
医療法人社団　七仁会田園調布中央病院,東京都,平成20年度DPC参加病院,48.0,100.0,完全一致,1.0,医療法人社団七仁会 田園調布中央病院,,
大田病院,東京都,平成28年度DPC参加病院,67.0,189.0,完全一致,1.0,大田病院,,
医療法人社団　松和会池上総合病院,東京都,平成22年度DPC参加病院,248.0,384.0,完全一致,1.0,医療法人社団松和会 池上総合病院,,
順天堂大学医学部附属順天堂東京江東高齢者医療センター,東京都,平成21年度DPC参加病院,227.0,404.0,完全一致,1.0,順天堂大学医学部附属順天堂東京江東高齢者医療センター,,
昭和医科大学江東豊洲病院,東京都,平成28年度DPC参加病院,400.0,400.0,完全一致,1.0,昭和医科大学江東豊洲病院,,
医療法人財団松圓会東葛クリニック病院,千葉県,平成30年度DPC参加病院,48.0,95.0,完全一致,1.0,医療法人財団松圓会東葛クリニック病院,,
医療法人社団　誠馨会新東京病院,千葉県,平成21年度DPC参加病院,430.0,430.0,完全一致,1.0,医療法人社団誠馨会新東京病院,,
松戸市立総合医療センター,千葉県,平成21年度DPC参加病院,600.0,600.0,完全一致,1.0,松戸市立総合医療センター,,
医療法人社団　創造会平和台病院,千葉県,平成23年度DPC参加病院,86.0,188.0,完全一致,1.0,医療法人社団創造会平和台病院,,
医療法人社団聖仁会我孫子聖仁会病院,千葉県,令和2年度DPC参加病院,50.0,168.0,完全一致,1.0,医療法人社団聖仁会我孫子聖仁会病院,,
医療法人徳洲会　鎌ケ谷総合病院,千葉県,平成22年度DPC参加病院,272.0,331.0,完全一致,1.0,医療法人徳洲会鎌ケ谷総合病院,,
国保直営総合病院　君津中央病院,千葉県,平成20年度DPC参加病院,622.0,660.0,完全一致,1.0,国保直営総合病院君津中央病院,,
公益社団法人地域医療振興協会　東京ベイ・浦安市川医療センター,千葉県,平成23年度DPC参加病院,344.0,344.0,サフィックス一致,0.9,東京ベイ・浦安市川医療センター,,
独立行政法人地域医療機能推進機構　船橋中央病院,千葉県,平成20年度DPC参加病院,321.0,355.0,完全一致,1.0,独立行政法人地域医療機能推進機構船橋中央病院,,
社会医療法人社団　千葉県勤労者医療協会船橋二和病院,千葉県,平成23年度DPC参加病院,141.0,271.0,完全一致,1.0,社会医療法人社団千葉県勤労者医療協会船橋二和病院,,
医療法人社団　誠馨会セコメディック病院,千葉県,平成21年度DPC参加病院,207.0,282.0,完全一致,1.0,医療法人社団誠馨会セコメディック病院,,
医療法人社団　紺整会船橋整形外科病院,千葉県,平成21年度DPC参加病院,106.0,106.0,完全一致,1.0,医療法人社団紺整会船橋整形外科病院,,
医療法人社団協友会船橋総合病院,千葉県,平成21年度DPC参加病院,150.0,246.0,完全一致,1.0,医療法人社団協友会船橋総合病院,,
医療法人　徳洲会　千葉徳洲会病院,千葉県,平成20年度DPC参加病院,321.0,447.0,完全一致,1.0,医療法人徳洲会千葉徳洲会病院,,
医療法人財団東京勤労者医療会　東葛病院,千葉県,平成21年度DPC参加病院,228.0,366.0,完全一致,1.0,医療法人財団東京勤労者医療会東葛病院,,
医療法人財団明理会新松戸中央総合病院,千葉県,平成20年度DPC参加病院,342.0,342.0,完全一致,1.0,医療法人財団明理会新松戸中央総合病院,,
日本医科大学千葉北総病院,千葉県,平成18年度DPC参加病院,574.0,574.0,完全一致,1.0,日本医科大学千葉北総病院,,
社会福祉法人　聖隷福祉事業団　聖隷佐倉市民病院,千葉県,平成21年度DPC参加病院,342.0,393.0,サフィックス一致,0.9,聖隷佐倉市民病院,,
医療法人　徳洲会　四街道徳洲会病院,千葉県,平成28年度DPC参加病院,185.0,220.0,完全一致,1.0,医療法人徳洲会四街道徳洲会病院,,
医療法人社団東光会北総白井病院,千葉県,平成22年度DPC参加病院,53.0,158.0,完全一致,1.0,医療法人社団東光会北総白井病院,,
医療法人徳洲会成田富里徳洲会病院,千葉県,平成30年度DPC参加病院,216.0,326.0,完全一致,1.0,医療法人徳洲会成田富里徳洲会病院,,
千葉県立佐原病院,千葉県,平成21年度DPC参加病院,97.0,141.0,完全一致,1.0,千葉県立佐原病院,,
東京歯科大学市川総合病院,千葉県,平成20年度DPC参加病院,511.0,511.0,完全一致,1.0,東京歯科大学市川総合病院,,
医療法人財団明理会行徳総合病院,千葉県,平成20年度DPC参加病院,262.0,307.0,完全一致,1.0,医療法人財団明理会行徳総合病院,,
国立健康危機管理研究機構国立国府台医療センター,千葉県,平成30年度DPC参加病院,204.0,344.0,完全一致,1.0,国立健康危機管理研究機構国立国府台医療センター,,
公益社団法人　東京都教職員互助会　三楽病院,東京都,平成21年度DPC参加病院,119.0,179.0,完全一致,1.0,公益社団法人東京都教職員互助会 三楽病院,,
日本大学病院,東京都,平成23年度DPC参加病院,320.0,320.0,完全一致,1.0,日本大学病院,,
独立行政法人地域医療機能推進機構　東京高輪病院,東京都,平成21年度DPC参加病院,143.0,192.0,完全一致,1.0,独立行政法人地域医療機能推進機構 東京高輪病院,,
東京都済生会中央病院,東京都,平成20年度DPC参加病院,523.0,523.0,サフィックス一致,0.9,社会福祉法人恩賜財団済生会支部東京都済生会 東京都済生会中央病院,,
国際医療福祉大学三田病院,東京都,平成20年度DPC参加病院,276.0,276.0,完全一致,1.0,国際医療福祉大学三田病院,,
医療法人ＳＨＩＯＤＡ塩田記念病院,千葉県,令和2年度DPC参加病院,109.0,109.0,完全一致,1.0,医療法人ＳＨＩＯＤＡ塩田記念病院,,
社会福祉法人　太陽会安房地域医療センター,千葉県,平成22年度DPC参加病院,100.0,149.0,完全一致,1.0,社会福祉法人太陽会安房地域医療センター,,
独立行政法人　国立病院機構　埼玉病院,埼玉県,平成16年度DPC参加病院,530.0,550.0,未結合,,,,
独立行政法人　国立病院機構　西埼玉中央病院,埼玉県,平成21年度DPC参加病院,322.0,322.0,サフィックス一致,0.9,独立行政法人国立病院機構西埼玉中央病院,,
医療法人社団普照会井上記念病院,千葉県,平成22年度DPC参加病院,69.0,171.0,完全一致,1.0,医療法人社団普照会 井上記念病院,,
独立行政法人地域医療機能推進機構　千葉病院,千葉県,平成18年度DPC参加病院,104.0,156.0,完全一致,1.0,独立行政法人地域医療機能推進機構 千葉病院,,
千葉市立海浜病院,千葉県,平成26年度DPC参加病院,293.0,293.0,完全一致,1.0,千葉市立海浜病院,,
千葉県こども病院,千葉県,平成23年度DPC参加病院,204.0,204.0,完全一致,1.0,千葉県こども病院,,
学校法人北里研究所　北里大学メディカルセンター,埼玉県,平成21年度DPC参加病院,372.0,372.0,サフィックス一致,0.9,北里大学メディカルセンター,,
蓮田病院,埼玉県,平成26年度DPC参加病院,139.0,270.0,完全一致,1.0,蓮田病院,,
社会医療法人社団　健脳会　千葉脳神経外科病院,千葉県,平成21年度DPC参加病院,50.0,97.0,完全一致,1.0,社会医療法人社団健脳会千葉脳神経外科病院,,
医療法人社団創進会みつわ台総合病院,千葉県,平成30年度DPC参加病院,205.0,255.0,完全一致,1.0,医療法人社団創進会みつわ台総合病院,,
千葉市立青葉病院,千葉県,平成21年度DPC参加病院,313.0,369.0,完全一致,1.0,千葉市立青葉病院,,
医療法人社団誠仁会みはま病院,千葉県,令和6年度DPC参加病院,50.0,50.0,完全一致,1.0,医療法人社団誠仁会みはま病院,,
医療法人社団淳英会おゆみの中央病院,千葉県,令和2年度DPC参加病院,50.0,170.0,完全一致,1.0,医療法人社団淳英会おゆみの中央病院,,
医療法人社団誠馨会千葉メディカルセンター,千葉県,平成18年度DPC参加病院,348.0,348.0,完全一致,1.0,医療法人社団誠馨会 千葉メディカルセンター,,
独立行政法人地域医療機能推進機構　さいたま北部医療センター,埼玉県,平成16年度DPC参加病院,90.0,148.0,完全一致,1.0,独立行政法人地域医療機能推進機構さいたま北部医療センター,,
埼玉県立小児医療センター,埼玉県,平成26年度DPC参加病院,316.0,316.0,完全一致,1.0,埼玉県立小児医療センター,,
社会福祉法人恩賜財団済生会　支部千葉県済生会　千葉県済生会習志野病院,千葉県,平成21年度DPC参加病院,400.0,400.0,未結合,,,,
学校法人　東京女子医科大学　東京女子医科大学附属八千代医療センター,千葉県,平成23年度DPC参加病院,500.0,500.0,サフィックス一致,0.9,東京女子医科大学附属八千代医療センター,,
独立行政法人労働者健康安全機構　千葉労災病院,千葉県,平成18年度DPC参加病院,367.0,400.0,完全一致,1.0,独立行政法人労働者健康安全機構千葉労災病院,,
千葉県循環器病センター,千葉県,平成26年度DPC参加病院,167.0,200.0,完全一致,1.0,千葉県循環器病センター,,
帝京大学ちば総合医療センター,千葉県,平成21年度DPC参加病院,388.0,388.0,完全一致,1.0,帝京大学ちば総合医療センター,,
東千葉メディカルセンター,千葉県,平成30年度DPC参加病院,303.0,303.0,完全一致,1.0,東千葉メディカルセンター,,
医療法人社団翠明会山王病院,千葉県,平成21年度DPC参加病院,216.0,239.0,完全一致,1.0,医療法人社団翠明会山王病院,,
医療法人社団誠馨会千葉中央メディカルセンター,千葉県,平成20年度DPC参加病院,212.0,272.0,完全一致,1.0,医療法人社団誠馨会千葉中央メディカルセンター,,
キッコーマン総合病院,千葉県,平成28年度DPC参加病院,83.0,129.0,完全一致,1.0,キッコーマン総合病院,,
医療法人徳洲会　野田総合病院,千葉県,平成18年度DPC参加病院,245.0,245.0,完全一致,1.0,医療法人徳洲会　野田総合病院,,
医療法人社団　誠高会おおたかの森病院,千葉県,平成22年度DPC参加病院,245.0,288.0,完全一致,1.0,医療法人社団誠高会おおたかの森病院,,
医療法人社団協友会柏厚生総合病院,千葉県,平成21年度DPC参加病院,322.0,416.0,完全一致,1.0,医療法人社団協友会柏厚生総合病院,,
社会医療法人社団蛍水会名戸ケ谷病院,千葉県,令和6年度DPC参加病院,254.0,290.0,未結合,,,,
医療法人社団協友会　千葉愛友会記念病院,千葉県,平成21年度DPC参加病院,88.0,224.0,完全一致,1.0,医療法人社団協友会千葉愛友会記念病院,,
医療法人社団保健会谷津保健病院,千葉県,平成21年度DPC参加病院,148.0,237.0,完全一致,1.0,医療法人社団保健会谷津保健病院,,
医療法人社団愛友会津田沼中央総合病院,千葉県,平成20年度DPC参加病院,206.0,314.0,完全一致,1.0,医療法人社団愛友会津田沼中央総合病院,,
医療法人社団愛友会　伊奈病院,埼玉県,平成21年度DPC参加病院,102.0,181.0,完全一致,1.0,医療法人社団愛友会伊奈病院,,
埼玉県立がんセンター,埼玉県,平成26年度DPC参加病院,467.0,503.0,完全一致,1.0,埼玉県立がんセンター,,
医療法人社団　愛友会上尾中央総合病院,埼玉県,平成18年度DPC参加病院,660.0,733.0,完全一致,1.0,医療法人社団愛友会上尾中央総合病院,,
草加市立病院,埼玉県,平成22年度DPC参加病院,349.0,370.0,完全一致,1.0,草加市立病院,,
医療法人社団　東光会戸田中央総合病院,埼玉県,平成16年度DPC参加病院,466.0,484.0,完全一致,1.0,医療法人社団東光会戸田中央総合病院,,
医療法人社団武蔵野会ＴＭＧあさか医療センター,埼玉県,平成21年度DPC参加病院,434.0,454.0,完全一致,1.0,医療法人社団武蔵野会ＴＭＧあさか医療センター,,
春日部市立医療センター,埼玉県,平成21年度DPC参加病院,362.0,362.0,完全一致,1.0,春日部市立医療センター,,
医療法人　慈正会　丸山記念総合病院,埼玉県,平成23年度DPC参加病院,149.0,215.0,サフィックス一致,0.9,丸山記念総合病院,,
所沢美原総合病院,埼玉県,平成30年度DPC参加病院,221.0,221.0,サフィックス一致,0.9,社会医療法人社団埼玉巨樹の会所沢美原総合病院,,
医療法人財団　明理会イムス富士見総合病院,埼玉県,平成21年度DPC参加病院,301.0,341.0,完全一致,1.0,医療法人財団明理会イムス富士見総合病院,,
埼玉慈恵病院,埼玉県,平成21年度DPC参加病院,110.0,160.0,完全一致,1.0,埼玉慈恵病院,,
医療法人熊谷総合病院,埼玉県,平成21年度DPC参加病院,253.0,310.0,完全一致,1.0,社会医療法人熊谷総合病院,,
埼玉県立循環器・呼吸器病センター,埼玉県,平成21年度DPC参加病院,274.0,304.0,完全一致,1.0,埼玉県立循環器・呼吸器病センター,,
小川赤十字病院,埼玉県,平成28年度DPC参加病院,168.0,302.0,完全一致,1.0,小川赤十字病院,,
医療法人社団　愛友会三郷中央総合病院,埼玉県,平成21年度DPC参加病院,231.0,289.0,完全一致,1.0,医療法人社団愛友会三郷中央総合病院,,
三愛会総合病院,埼玉県,平成20年度DPC参加病院,162.0,286.0,完全一致,1.0,三愛会総合病院,,
社会福祉法人　恩賜財団　済生会支部埼玉県済生会加須病院,埼玉県,平成20年度DPC参加病院,304.0,304.0,完全一致,1.0,社会福祉法人恩賜財団済生会支部埼玉県済生会加須病院,,
医療法人　徳洲会　羽生総合病院,埼玉県,平成21年度DPC参加病院,261.0,391.0,完全一致,1.0,医療法人徳洲会　羽生総合病院,,
深谷赤十字病院,埼玉県,平成20年度DPC参加病院,415.0,430.0,完全一致,1.0,深谷赤十字病院,,
医療法人徳洲会　皆野病院,埼玉県,平成30年度DPC参加病院,60.0,150.0,完全一致,1.0,医療法人徳洲会皆野病院,,
秩父市立病院,埼玉県,平成26年度DPC参加病院,100.0,136.0,完全一致,1.0,秩父市立病院,,
医療法人社団　武蔵野会　新座志木中央総合病院,埼玉県,平成21年度DPC参加病院,282.0,368.0,完全一致,1.0,医療法人社団武蔵野会新座志木中央総合病院,,
医療法人社団　明芳会イムス三芳総合病院,埼玉県,平成21年度DPC参加病院,227.0,273.0,完全一致,1.0,医療法人社団明芳会イムス三芳総合病院,,
社会医療法人至仁会　圏央所沢病院,埼玉県,平成21年度DPC参加病院,112.0,282.0,完全一致,1.0,社会医療法人至仁会圏央所沢病院,,
社会医療法人　ジャパンメディカルアライアンス　東埼玉総合病院,埼玉県,平成20年度DPC参加病院,147.0,189.0,完全一致,1.0,社会医療法人ジャパンメディカルアライアンス東埼玉総合病院,,
医療法人　関越病院,埼玉県,平成21年度DPC参加病院,192.0,229.0,完全一致,1.0,医療法人関越病院,,
医療法人社団　協友会　吉川中央総合病院,埼玉県,平成21年度DPC参加病院,130.0,272.0,完全一致,1.0,医療法人社団協友会吉川中央総合病院,,
さいたま市立病院,埼玉県,平成21年度DPC参加病院,563.0,633.0,完全一致,1.0,さいたま市立病院,,
社会医療法人さいたま市民医療センター　さいたま市民医療センター,埼玉県,平成30年度DPC参加病院,293.0,340.0,サフィックス一致,0.9,さいたま市民医療センター,,
医療法人社団　協友会　彩の国東大宮メディカルセンター,埼玉県,平成20年度DPC参加病院,315.0,337.0,完全一致,1.0,医療法人社団協友会彩の国東大宮メディカルセンター,,
医療法人　埼玉成恵会病院,埼玉県,平成21年度DPC参加病院,122.0,169.0,完全一致,1.0,医療法人埼玉成恵会病院,,
社会医療法人　壮幸会行田総合病院,埼玉県,平成18年度DPC参加病院,310.0,504.0,完全一致,1.0,社会医療法人壮幸会行田総合病院,,
医療法人社団三思会東邦病院,群馬県,令和2年度DPC参加病院,150.0,443.0,完全一致,1.0,医療法人社団三思会東邦病院,,
医療法人社団東郷会　恵愛堂病院,群馬県,平成28年度DPC参加病院,56.0,270.0,完全一致,1.0,医療法人社団東郷会恵愛堂病院,,
群馬県立心臓血管センター,群馬県,平成23年度DPC参加病院,190.0,190.0,完全一致,1.0,群馬県立心臓血管センター,,
群馬県立がんセンター,群馬県,平成28年度DPC参加病院,244.0,269.0,完全一致,1.0,群馬県立がんセンター,,
群馬県立小児医療センター,群馬県,平成26年度DPC参加病院,150.0,150.0,完全一致,1.0,群馬県立小児医療センター,,
独立行政法人国立病院機構高崎総合医療センター,群馬県,平成21年度DPC参加病院,485.0,485.0,完全一致,1.0,独立行政法人国立病院機構高崎総合医療センター,,
北関東循環器病院,群馬県,平成21年度DPC参加病院,76.0,120.0,完全一致,1.0,北関東循環器病院,,
医療法人　社団　日高会　日高病院,群馬県,平成20年度DPC参加病院,236.0,287.0,サフィックス一致,0.9,医療法人社団日高会日高病院,,
医療法人社団松弘会三愛病院,埼玉県,令和4年度DPC参加病院,189.0,199.0,完全一致,1.0,医療法人社団松弘会三愛病院,,
社会福祉法人　恩賜財団　済生会支部　埼玉県　済生会　川口総合病院,埼玉県,平成18年度DPC参加病院,424.0,424.0,完全一致,1.0,社会福祉法人恩賜財団済生会支部埼玉県済生会川口総合病院,,
医療法人　健仁会　益子病院,埼玉県,令和6年度DPC参加病院,93.0,115.0,完全一致,1.0,医療法人健仁会益子病院,,
埼玉協同病院,埼玉県,平成16年度DPC参加病院,307.0,377.0,完全一致,1.0,埼玉協同病院,,
医療法人社団　協友会東川口病院,埼玉県,平成21年度DPC参加病院,103.0,198.0,完全一致,1.0,医療法人社団協友会東川口病院,,
川口市立医療センター,埼玉県,平成21年度DPC参加病院,492.0,510.0,完全一致,1.0,川口市立医療センター,,
医療法人財団　明理会　イムス太田中央総合病院,群馬県,平成26年度DPC参加病院,164.0,350.0,完全一致,1.0,医療法人財団明理会イムス太田中央総合病院,,
公立館林厚生病院,群馬県,平成18年度DPC参加病院,233.0,311.0,完全一致,1.0,公立館林厚生病院,,
武蔵野総合病院,埼玉県,平成20年度DPC参加病院,79.0,171.0,完全一致,1.0,医療法人武蔵野総合病院,,
社会医療法人社団尚篤会　赤心堂病院,埼玉県,平成21年度DPC参加病院,166.0,198.0,完全一致,1.0,社会医療法人社団尚篤会赤心堂病院,,
医療法人社団　誠弘会池袋病院,埼玉県,平成20年度DPC参加病院,52.0,76.0,完全一致,1.0,医療法人社団誠弘会池袋病院,,
医療法人社団　哺育会　白岡中央総合病院,埼玉県,平成21年度DPC参加病院,148.0,256.0,完全一致,1.0,医療法人社団哺育会白岡中央総合病院,,
医療法人財団　明理会春日部中央総合病院,埼玉県,平成20年度DPC参加病院,272.0,404.0,完全一致,1.0,医療法人財団明理会春日部中央総合病院,,
秀和総合病院,埼玉県,平成21年度DPC参加病院,208.0,310.0,完全一致,1.0,秀和総合病院,,
独立行政法人国立病院機構　渋川医療センター,群馬県,平成28年度DPC参加病院,269.0,450.0,完全一致,1.0,独立行政法人国立病院機構渋川医療センター,,
独立行政法人地域医療機能推進機構　埼玉メディカルセンター,埼玉県,平成18年度DPC参加病院,349.0,395.0,完全一致,1.0,独立行政法人地域医療機能推進機構埼玉メディカルセンター,,
越谷市立病院,埼玉県,平成20年度DPC参加病院,430.0,430.0,完全一致,1.0,越谷市立病院,,
医療法人社団　協友会　越谷誠和病院,埼玉県,平成21年度DPC参加病院,108.0,195.0,完全一致,1.0,医療法人社団協友会越谷誠和病院,,
医療法人　道心会　埼玉東部循環器病院,埼玉県,平成22年度DPC参加病院,40.0,40.0,完全一致,1.0,医療法人道心会埼玉東部循環器病院,,
医療法人　土屋小児病院,埼玉県,平成23年度DPC参加病院,40.0,40.0,完全一致,1.0,医療法人土屋小児病院,,
医療法人社団　協友会八潮中央総合病院,埼玉県,平成21年度DPC参加病院,186.0,250.0,完全一致,1.0,医療法人社団協友会八潮中央総合病院,,
医療法人財団　健和会みさと健和病院,埼玉県,平成20年度DPC参加病院,172.0,282.0,完全一致,1.0,医療法人財団健和会みさと健和病院,,
川口工業総合病院,埼玉県,平成21年度DPC参加病院,161.0,199.0,未結合,,,,
医療法人　豊仁会　三井病院,埼玉県,平成21年度DPC参加病院,83.0,99.0,完全一致,1.0,医療法人豊仁会三井病院,,
とちぎメディカルセンターしもつが,栃木県,平成20年度DPC参加病院,219.0,263.0,完全一致,1.0,とちぎメディカルセンターしもつが,,
佐野厚生総合病院,栃木県,平成20年度DPC参加病院,410.0,461.0,完全一致,1.0,佐野厚生総合病院,,
上都賀総合病院,栃木県,平成20年度DPC参加病院,254.0,352.0,完全一致,1.0,上都賀総合病院,,
獨協医科大学日光医療センター,栃木県,平成22年度DPC参加病院,199.0,199.0,完全一致,1.0,獨協医科大学日光医療センター,,
新小山市民病院,栃木県,平成26年度DPC参加病院,261.0,300.0,完全一致,1.0,新小山市民病院,,
芳賀赤十字病院,栃木県,平成22年度DPC参加病院,324.0,364.0,完全一致,1.0,芳賀赤十字病院,,
守谷慶友病院,茨城県,平成21年度DPC参加病院,59.0,172.0,完全一致,1.0,守谷慶友病院,,
常陸大宮済生会病院,茨城県,平成21年度DPC参加病院,109.0,144.0,完全一致,1.0,常陸大宮済生会病院,,
黒須病院,栃木県,平成21年度DPC参加病院,98.0,190.0,完全一致,1.0,黒須病院,,
日本赤十字社栃木県支部足利赤十字病院,栃木県,平成18年度DPC参加病院,450.0,540.0,サフィックス一致,0.9,足利赤十字病院,,
那須赤十字病院,栃木県,平成21年度DPC参加病院,406.0,426.0,完全一致,1.0,那須赤十字病院,,
国際医療福祉大学病院,栃木県,平成20年度DPC参加病院,402.0,402.0,完全一致,1.0,国際医療福祉大学病院,,
独立行政法人国立病院機構　栃木医療センター,栃木県,平成24年度DPC参加病院,298.0,350.0,サフィックス一致,0.9,ＮＨＯ栃木医療センター,,
独立行政法人国立病院機構宇都宮病院,栃木県,平成28年度DPC参加病院,130.0,370.0,未結合,,,,
宇都宮記念病院,栃木県,平成30年度DPC参加病院,193.0,193.0,完全一致,1.0,宇都宮記念病院,,
栃木県立がんセンター,栃木県,平成21年度DPC参加病院,192.0,216.0,完全一致,1.0,栃木県立がんセンター,,
公益財団法人　老年病研究所附属病院,群馬県,平成21年度DPC参加病院,108.0,253.0,完全一致,1.0,公益財団法人老年病研究所附属病院,,
医療法人社団善衆会善衆会病院,群馬県,令和2年度DPC参加病院,156.0,198.0,サフィックス一致,0.9,善衆会病院,,
公益財団法人脳血管研究所美原記念病院,群馬県,平成18年度DPC参加病院,45.0,189.0,完全一致,1.0,公益財団法人脳血管研究所美原記念病院,,
伊勢崎市民病院,群馬県,平成18年度DPC参加病院,412.0,429.0,完全一致,1.0,伊勢崎市民病院,,
沼田脳神経外科循環器科病院,群馬県,平成16年度DPC参加病院,84.0,84.0,完全一致,1.0,沼田脳神経外科循環器科病院,,
利根中央病院,群馬県,平成26年度DPC参加病院,178.0,253.0,完全一致,1.0,利根中央病院,,
菅間記念病院,栃木県,平成24年度DPC参加病院,200.0,338.0,完全一致,1.0,菅間記念病院,,
医療法人社団友志会石橋総合病院,栃木県,令和6年度DPC参加病院,94.0,185.0,完全一致,1.0,医療法人社団友志会 石橋総合病院,,
黒沢病院,群馬県,平成20年度DPC参加病院,112.0,130.0,完全一致,1.0,黒沢病院,,
公立藤岡総合病院,群馬県,平成20年度DPC参加病院,295.0,390.0,完全一致,1.0,公立藤岡総合病院,,
公立富岡総合病院,群馬県,平成18年度DPC参加病院,287.0,306.0,完全一致,1.0,公立富岡総合病院,,
日本赤十字社群馬支部原町赤十字病院,群馬県,令和6年度DPC参加病院,135.0,199.0,サフィックス一致,0.9,原町赤十字病院,,
西吾妻福祉病院,群馬県,平成21年度DPC参加病院,37.0,74.0,完全一致,1.0,西吾妻福祉病院,,
桐生厚生総合病院,群馬県,平成21年度DPC参加病院,294.0,369.0,完全一致,1.0,桐生厚生総合病院,,
独立行政法人地域医療機能推進機構　群馬中央病院,群馬県,平成16年度DPC参加病院,273.0,333.0,完全一致,1.0,独立行政法人地域医療機能推進機構 群馬中央病院,,
群馬県済生会前橋病院,群馬県,平成21年度DPC参加病院,301.0,317.0,完全一致,1.0,群馬県済生会前橋病院,,
総合病院水戸協同病院,茨城県,平成24年度DPC参加病院,272.0,312.0,完全一致,1.0,総合病院 水戸協同病院,,
国家公務員共済組合連合会水府病院,茨城県,令和4年度DPC参加病院,46.0,127.0,完全一致,1.0,国家公務員共済組合連合会水府病院,,
医療法人桜丘会水戸ブレインハートセンター,茨城県,平成26年度DPC参加病院,88.0,88.0,完全一致,1.0,医療法人桜丘会水戸ブレインハートセンター,,
株式会社　日立製作所日立総合病院,茨城県,平成16年度DPC参加病院,508.0,568.0,完全一致,1.0,株式会社日立製作所日立総合病院,,
社会医療法人愛宣会ひたち医療センター,茨城県,平成30年度DPC参加病院,132.0,162.0,サフィックス一致,0.9,ひたち医療センター,,
医療法人聖麗会　聖麗メモリアル病院,茨城県,平成21年度DPC参加病院,72.0,72.0,完全一致,1.0,医療法人聖麗会 聖麗メモリアル病院,,
医療法人　徳洲会　古河総合病院,茨城県,平成21年度DPC参加病院,140.0,234.0,完全一致,1.0,医療法人徳洲会古河総合病院,,
公益社団法人　地域医療振興協会　石岡第一病院,茨城県,平成21年度DPC参加病院,86.0,126.0,完全一致,1.0,公益社団法人地域医療振興協会 石岡第一病院,,
地方独立行政法人　茨城県西部医療機構　茨城県西部メディカルセンター,茨城県,令和2年度DPC参加病院,203.0,203.0,サフィックス一致,0.9,茨城県西部メディカルセンター,,
龍ケ崎済生会病院,茨城県,平成20年度DPC参加病院,204.0,204.0,完全一致,1.0,龍ケ崎済生会病院,,
北茨城市民病院,茨城県,平成28年度DPC参加病院,137.0,183.0,完全一致,1.0,北茨城市民病院,,
ＪＡとりで総合医療センター,茨城県,平成18年度DPC参加病院,339.0,384.0,完全一致,1.0,ＪＡとりで総合医療センター,,
社会福祉法人恩賜財団済生会支部　茨城県済生会　水戸済生会総合病院,茨城県,平成20年度DPC参加病院,384.0,400.0,サフィックス一致,0.9,水戸済生会総合病院,,
茨城県立こども病院,茨城県,平成30年度DPC参加病院,115.0,115.0,完全一致,1.0,茨城県立こども病院,,
一般財団法人筑波麓仁会　筑波学園病院,茨城県,平成21年度DPC参加病院,258.0,277.0,サフィックス一致,0.9,筑波学園病院,,
公益財団法人筑波メディカルセンター筑波メディカルセンター病院,茨城県,平成18年度DPC参加病院,388.0,408.0,サフィックス一致,0.9,筑波メディカルセンター病院,,
株式会社日立製作所ひたちなか総合病院,茨城県,平成18年度DPC参加病院,252.0,302.0,完全一致,1.0,株式会社日立製作所ひたちなか総合病院,,
勝田病院,茨城県,平成28年度DPC参加病院,46.0,85.0,サフィックス一致,0.9,医療法人社団愛友会勝田病院,,
医療法人社団善仁会小山記念病院,茨城県,平成28年度DPC参加病院,194.0,224.0,完全一致,1.0,医療法人社団善仁会 小山記念病院,,
社会医療法人社団光仁会　総合守谷第一病院,茨城県,平成21年度DPC参加病院,146.0,199.0,完全一致,1.0,社会医療法人社団光仁会総合守谷第一病院,,
友愛記念病院,茨城県,平成20年度DPC参加病院,163.0,237.0,完全一致,1.0,友愛記念病院,,
古河赤十字病院,茨城県,平成28年度DPC参加病院,150.0,200.0,完全一致,1.0,古河赤十字病院,,
独立行政法人国立病院機構水戸医療センター,茨城県,平成20年度DPC参加病院,467.0,500.0,完全一致,1.0,独立行政法人国立病院機構水戸医療センター,,
村立東海病院,茨城県,平成21年度DPC参加病院,40.0,80.0,完全一致,1.0,村立東海病院,,
東京医科大学茨城医療センター,茨城県,平成28年度DPC参加病院,359.0,398.0,完全一致,1.0,東京医科大学茨城医療センター,,
茨城西南医療センター病院,茨城県,平成20年度DPC参加病院,358.0,358.0,完全一致,1.0,茨城西南医療センター病院,,
独立行政法人国立病院機構霞ヶ浦医療センター,茨城県,平成28年度DPC参加病院,250.0,250.0,完全一致,1.0,独立行政法人国立病院機構 霞ヶ浦医療センター,,
うつのみや病院,栃木県,平成26年度DPC参加病院,98.0,193.0,サフィックス一致,0.9,ＪＣＨＯうつのみや病院,,
医療法人社団常仁会牛久愛和総合病院,茨城県,平成21年度DPC参加病院,269.0,457.0,サフィックス一致,0.9,牛久愛和総合病院,,
社会医療法人若竹会つくばセントラル病院,茨城県,平成20年度DPC参加病院,203.0,313.0,サフィックス一致,0.9,つくばセントラル病院,,
社会医療法人明和会中通総合病院,秋田県,平成21年度DPC参加病院,346.0,398.0,サフィックス一致,0.9,中通総合病院,,
国家公務員共済組合連合会　東北公済病院,宮城県,平成26年度DPC参加病院,293.0,368.0,完全一致,1.0,国家公務員共済組合連合会東北公済病院,,
独立行政法人労働者健康安全機構　東北労災病院,宮城県,平成18年度DPC参加病院,399.0,454.0,完全一致,1.0,独立行政法人労働者健康安全機構東北労災病院,,
ＪＲ仙台病院,宮城県,平成26年度DPC参加病院,82.0,123.0,完全一致,1.0,ＪＲ仙台病院,,
宮城県立こども病院,宮城県,平成28年度DPC参加病院,241.0,241.0,完全一致,1.0,宮城県立こども病院,,
医療法人財団明理会イムス明理会仙台総合病院,宮城県,平成30年度DPC参加病院,90.0,130.0,完全一致,1.0,医療法人財団明理会イムス明理会仙台総合病院,,
公益財団法人仙台市医療センター仙台オープン病院,宮城県,平成21年度DPC参加病院,299.0,320.0,完全一致,1.0,公益財団法人 仙台市医療センター 仙台オープン病院,,
中嶋病院,宮城県,平成21年度DPC参加病院,101.0,151.0,完全一致,1.0,中嶋病院,,
平鹿総合病院,秋田県,平成21年度DPC参加病院,289.0,351.0,完全一致,1.0,平鹿総合病院,,
仙台赤十字病院,宮城県,平成20年度DPC参加病院,272.0,302.0,完全一致,1.0,仙台赤十字病院,,
仙台市立病院,宮城県,平成18年度DPC参加病院,464.0,514.0,完全一致,1.0,仙台市立病院,,
医療法人松田会松田病院,宮城県,平成21年度DPC参加病院,49.0,125.0,完全一致,1.0,医療法人松田会 松田病院,,
一般財団法人宮城県成人病予防協会附属　仙台循環器病センター,宮城県,平成21年度DPC参加病院,116.0,116.0,完全一致,1.0,一般財団法人宮城県成人病予防協会附属仙台循環器病センター,,
独立行政法人地域医療機能推進機構　仙台病院,宮城県,平成16年度DPC参加病院,336.0,384.0,完全一致,1.0,独立行政法人地域医療機能推進機構 仙台病院,,
医療法人徳洲会仙台徳洲会病院,宮城県,平成28年度DPC参加病院,271.0,347.0,完全一致,1.0,医療法人 徳洲会 仙台徳洲会病院,,
独立行政法人国立病院機構仙台西多賀病院,宮城県,令和2年度DPC参加病院,50.0,440.0,完全一致,1.0,独立行政法人国立病院機構仙台西多賀病院,,
北秋田市民病院,秋田県,平成26年度DPC参加病院,170.0,222.0,完全一致,1.0,北秋田市民病院,,
秋田赤十字病院,秋田県,平成20年度DPC参加病院,423.0,423.0,完全一致,1.0,秋田赤十字病院,,
秋田厚生医療センター,秋田県,平成21年度DPC参加病院,331.0,381.0,完全一致,1.0,秋田厚生医療センター,,
市立秋田総合病院,秋田県,平成20年度DPC参加病院,322.0,396.0,完全一致,1.0,市立秋田総合病院,,
能代山本医師会病院,秋田県,平成30年度DPC参加病院,138.0,197.0,完全一致,1.0,能代山本医師会病院,,
能代厚生医療センター,秋田県,平成22年度DPC参加病院,285.0,378.0,完全一致,1.0,能代厚生医療センター,,
独立行政法人地域医療機能推進機構　秋田病院,秋田県,平成24年度DPC参加病院,53.0,163.0,完全一致,1.0,独立行政法人地域医療機能推進機構 秋田病院,,
市立横手病院,秋田県,平成21年度DPC参加病院,148.0,195.0,完全一致,1.0,市立横手病院,,
つがる西北五広域連合つがる総合病院,青森県,平成26年度DPC参加病院,361.0,422.0,完全一致,1.0,つがる西北五広域連合つがる総合病院,,
大館市立総合病院,秋田県,平成24年度DPC参加病院,318.0,443.0,完全一致,1.0,大館市立総合病院,,
本荘第一病院,秋田県,平成18年度DPC参加病院,102.0,142.0,完全一致,1.0,本荘第一病院,,
由利組合総合病院,秋田県,平成21年度DPC参加病院,275.0,335.0,完全一致,1.0,由利組合総合病院,,
雄勝中央病院,秋田県,平成23年度DPC参加病院,117.0,170.0,完全一致,1.0,雄勝中央病院,,
大曲厚生医療センター,秋田県,平成21年度DPC参加病院,315.0,437.0,完全一致,1.0,大曲厚生医療センター,,
かづの厚生病院,秋田県,平成28年度DPC参加病院,101.0,161.0,完全一致,1.0,かづの厚生病院,,
藤原記念病院,秋田県,平成26年度DPC参加病院,92.0,140.0,完全一致,1.0,藤原記念病院,,
岩手県立大船渡病院,岩手県,平成21年度DPC参加病院,254.0,359.0,完全一致,1.0,岩手県立大船渡病院,,
鳴海病院,青森県,平成22年度DPC参加病院,32.0,106.0,完全一致,1.0,鳴海病院,,
弘前中央病院,青森県,平成28年度DPC参加病院,114.0,173.0,完全一致,1.0,弘前中央病院,,
津軽保健生活協同組合健生病院,青森県,平成22年度DPC参加病院,180.0,282.0,完全一致,1.0,津軽保健生活協同組合 健生病院,,
独立行政法人労働者健康安全機構　青森労災病院,青森県,平成21年度DPC参加病院,201.0,248.0,完全一致,1.0,独立行政法人労働者健康安全機構青森労災病院,,
八戸赤十字病院,青森県,平成21年度DPC参加病院,371.0,371.0,完全一致,1.0,八戸赤十字病院,,
八戸平和病院,青森県,平成21年度DPC参加病院,101.0,101.0,完全一致,1.0,八戸平和病院,,
黒石市国民健康保険黒石病院,青森県,平成28年度DPC参加病院,114.0,197.0,完全一致,1.0,黒石市国民健康保険黒石病院,,
公益財団法人宮城厚生協会　坂総合病院,宮城県,平成18年度DPC参加病院,285.0,357.0,完全一致,1.0,公益財団法人宮城厚生協会 坂総合病院,,
十和田市立中央病院,青森県,平成20年度DPC参加病院,273.0,323.0,完全一致,1.0,十和田市立中央病院,,
むつ総合病院,青森県,平成28年度DPC参加病院,311.0,419.0,完全一致,1.0,むつ総合病院,,
独立行政法人国立病院機構弘前総合医療センター,青森県,平成24年度DPC参加病院,442.0,442.0,完全一致,1.0,独立行政法人国立病院機構弘前総合医療センター,,
盛岡友愛病院,岩手県,平成22年度DPC参加病院,90.0,386.0,サフィックス一致,0.9,医療法人友愛会 盛岡友愛病院,,
盛岡赤十字病院,岩手県,平成18年度DPC参加病院,270.0,292.0,完全一致,1.0,盛岡赤十字病院,,
盛岡市立病院,岩手県,令和4年度DPC参加病院,120.0,250.0,完全一致,1.0,盛岡市立病院,,
岩手県立宮古病院,岩手県,平成22年度DPC参加病院,233.0,238.0,完全一致,1.0,岩手県立宮古病院,,
仙台厚生病院,宮城県,平成21年度DPC参加病院,409.0,409.0,完全一致,1.0,仙台厚生病院,,
岩手県立中部病院,岩手県,平成22年度DPC参加病院,390.0,434.0,完全一致,1.0,岩手県立中部病院,,
社会福祉法人　恩賜財団　済生会北上済生会病院,岩手県,平成26年度DPC参加病院,164.0,224.0,完全一致,1.0,社会福祉法人恩賜財団済生会北上済生会病院,,
岩手県立久慈病院,岩手県,平成20年度DPC参加病院,187.0,246.0,完全一致,1.0,岩手県立久慈病院,,
岩手県立磐井病院,岩手県,平成21年度DPC参加病院,281.0,315.0,完全一致,1.0,岩手県立磐井病院,,
岩手県立釜石病院,岩手県,平成22年度DPC参加病院,161.0,180.0,完全一致,1.0,岩手県立釜石病院,,
岩手県立二戸病院,岩手県,平成21年度DPC参加病院,175.0,230.0,完全一致,1.0,岩手県立二戸病院,,
岩手県立胆沢病院,岩手県,平成21年度DPC参加病院,337.0,346.0,完全一致,1.0,岩手県立胆沢病院,,
公益財団法人北海道医療団　帯広第一病院,北海道,平成22年度DPC参加病院,96.0,199.0,完全一致,1.0,公益財団法人北海道医療団帯広第一病院,,
気仙沼市立病院,宮城県,令和4年度DPC参加病院,240.0,340.0,完全一致,1.0,気仙沼市立病院,,
公立刈田綜合病院,宮城県,平成21年度DPC参加病院,53.0,152.0,完全一致,1.0,公立刈田綜合病院,,
宮城県立がんセンター,宮城県,平成20年度DPC参加病院,308.0,333.0,完全一致,1.0,宮城県立がんセンター,,
総合南東北病院,宮城県,平成20年度DPC参加病院,181.0,271.0,完全一致,1.0,総合南東北病院,,
栗原市立栗原中央病院,宮城県,平成23年度DPC参加病院,99.0,237.0,完全一致,1.0,栗原市立栗原中央病院,,
みやぎ県南中核病院,宮城県,平成18年度DPC参加病院,287.0,299.0,完全一致,1.0,みやぎ県南中核病院,,
公立黒川病院,宮城県,平成28年度DPC参加病院,55.0,170.0,完全一致,1.0,公立黒川病院,,
ＪＡ北海道厚生連　遠軽厚生病院,北海道,平成21年度DPC参加病院,114.0,160.0,完全一致,1.0,ＪＡ北海道厚生連遠軽厚生病院,,
苫小牧市立病院,北海道,平成21年度DPC参加病院,356.0,356.0,完全一致,1.0,苫小牧市立病院,,
総合病院　伊達赤十字病院,北海道,平成22年度DPC参加病院,91.0,177.0,完全一致,1.0,総合病院伊達赤十字病院,,
総合病院　釧路赤十字病院,北海道,平成20年度DPC参加病院,317.0,371.0,完全一致,1.0,総合病院釧路赤十字病院,,
独立行政法人労働者健康安全機構　釧路労災病院,北海道,平成20年度DPC参加病院,308.0,391.0,完全一致,1.0,独立行政法人労働者健康安全機構釧路労災病院,,
市立釧路総合病院,北海道,平成21年度DPC参加病院,440.0,521.0,完全一致,1.0,市立釧路総合病院,,
社会医療法人孝仁会釧路孝仁会記念病院,北海道,平成18年度DPC参加病院,199.0,199.0,完全一致,1.0,社会医療法人孝仁会 釧路孝仁会記念病院,,
社会医療法人　北斗　北斗病院,北海道,平成20年度DPC参加病院,210.0,260.0,完全一致,1.0,社会医療法人 北斗 北斗病院,,
独立行政法人国立病院機構　北海道がんセンター,北海道,平成28年度DPC参加病院,404.0,430.0,完全一致,1.0,独立行政法人国立病院機構北海道がんセンター,,
社会医療法人　博愛会　開西病院,北海道,平成26年度DPC参加病院,81.0,199.0,完全一致,1.0,社会医療法人博愛会開西病院,,
社会福祉法人　北海道社会事業協会　帯広病院,北海道,平成21年度DPC参加病院,300.0,300.0,完全一致,1.0,社会福祉法人北海道社会事業協会帯広病院,,
帯広中央病院,北海道,令和4年度DPC参加病院,55.0,148.0,完全一致,1.0,帯広中央病院,,
医療法人徳洲会　帯広徳洲会病院,北海道,平成26年度DPC参加病院,60.0,120.0,完全一致,1.0,医療法人徳洲会帯広徳洲会病院,,
北見赤十字病院,北海道,平成18年度DPC参加病院,472.0,532.0,完全一致,1.0,北見赤十字病院,,
美幌町立国民健康保険病院,北海道,令和2年度DPC参加病院,91.0,99.0,完全一致,1.0,美幌町立国民健康保険病院,,
ＪＡ北海道厚生連　網走厚生病院,北海道,平成21年度DPC参加病院,150.0,199.0,完全一致,1.0,ＪＡ北海道厚生連網走厚生病院,,
医療法人雄心会青森新都市病院,青森県,令和2年度DPC参加病院,146.0,191.0,完全一致,1.0,医療法人雄心会 青森新都市病院,,
独立行政法人労働者健康安全機構　北海道中央労災病院,北海道,平成26年度DPC参加病院,82.0,117.0,完全一致,1.0,独立行政法人労働者健康安全機構北海道中央労災病院,,
岩見沢市立総合病院,北海道,平成30年度DPC参加病院,369.0,484.0,完全一致,1.0,岩見沢市立総合病院,,
留萌市立病院,北海道,平成21年度DPC参加病院,144.0,144.0,完全一致,1.0,留萌市立病院,,
市立稚内病院,北海道,平成23年度DPC参加病院,170.0,205.0,完全一致,1.0,市立稚内病院,,
砂川市立病院,北海道,平成21年度DPC参加病院,325.0,365.0,完全一致,1.0,砂川市立病院,,
深川市立病院,北海道,平成30年度DPC参加病院,153.0,195.0,完全一致,1.0,深川市立病院,,
滝川市立病院,北海道,平成21年度DPC参加病院,181.0,270.0,完全一致,1.0,滝川市立病院,,
社会医療法人北晨会　恵み野病院,北海道,平成18年度DPC参加病院,150.0,199.0,完全一致,1.0,社会医療法人　北晨会　恵み野病院,,
独立行政法人国立病院機構　北海道医療センター,北海道,平成24年度DPC参加病院,318.0,643.0,完全一致,1.0,独立行政法人国立病院機構 北海道医療センター,,
独立行政法人国立病院機構函館医療センター,北海道,令和6年度DPC参加病院,253.0,360.0,完全一致,1.0,独立行政法人国立病院機構函館医療センター,,
独立行政法人国立病院機構　旭川医療センター,北海道,平成21年度DPC参加病院,190.0,310.0,完全一致,1.0,独立行政法人国立病院機構旭川医療センター,,
独立行政法人国立病院機構帯広病院,北海道,平成28年度DPC参加病院,60.0,280.0,完全一致,1.0,独立行政法人国立病院機構帯広病院,,
青森市民病院,青森県,平成23年度DPC参加病院,352.0,352.0,完全一致,1.0,青森市民病院,,
社団法人慈恵会　青森慈恵会病院,青森県,平成21年度DPC参加病院,132.0,332.0,サフィックス一致,0.9,青森慈恵会病院,,
あおもり協立病院,青森県,平成23年度DPC参加病院,96.0,223.0,完全一致,1.0,あおもり協立病院,,
市立函館病院,北海道,平成20年度DPC参加病院,520.0,530.0,完全一致,1.0,市立函館病院,,
医療法人　徳洲会　札幌徳洲会病院,北海道,平成21年度DPC参加病院,301.0,301.0,完全一致,1.0,医療法人徳洲会 札幌徳洲会病院,,
社会医療法人　恵佑会札幌病院,北海道,平成20年度DPC参加病院,209.0,229.0,完全一致,1.0,社会医療法人恵佑会札幌病院,,
国家公務員共済組合連合会　斗南病院,北海道,平成21年度DPC参加病院,283.0,283.0,完全一致,1.0,国家公務員共済組合連合会 斗南病院,,
社会医療法人禎心会　札幌禎心会病院,北海道,平成16年度DPC参加病院,187.0,271.0,完全一致,1.0,社会医療法人禎心会 札幌禎心会病院,,
江別市立病院,北海道,平成28年度DPC参加病院,184.0,267.0,完全一致,1.0,江別市立病院,,
医療法人　渓和会　江別病院,北海道,平成21年度DPC参加病院,150.0,199.0,完全一致,1.0,医療法人渓和会江別病院,,
市立千歳市民病院,北海道,平成21年度DPC参加病院,174.0,190.0,完全一致,1.0,市立千歳市民病院,,
市立旭川病院,北海道,平成18年度DPC参加病院,327.0,427.0,完全一致,1.0,市立旭川病院,,
医療法人社団　我汝会えにわ病院,北海道,平成21年度DPC参加病院,150.0,150.0,完全一致,1.0,医療法人社団我汝会えにわ病院,,
社会医療法人　即仁会　北広島病院,北海道,平成24年度DPC参加病院,43.0,90.0,完全一致,1.0,社会医療法人即仁会北広島病院,,
社会福祉法人　函館厚生院　函館五稜郭病院,北海道,平成20年度DPC参加病院,480.0,480.0,サフィックス一致,0.9,函館五稜郭病院,,
函館中央病院,北海道,平成20年度DPC参加病院,527.0,527.0,完全一致,1.0,函館中央病院,,
函館市医師会病院,北海道,平成21年度DPC参加病院,82.0,199.0,完全一致,1.0,函館市医師会病院,,
社会医療法人函館脳神経外科　函館脳神経外科病院,北海道,平成30年度DPC参加病院,93.0,128.0,完全一致,1.0,社会医療法人函館脳神経外科　函館脳神経外科病院,,
医療法人　雄心会　函館新都市病院,北海道,平成20年度DPC参加病院,105.0,155.0,完全一致,1.0,医療法人雄心会函館新都市病院,,
王子総合病院,北海道,平成21年度DPC参加病院,440.0,440.0,完全一致,1.0,王子総合病院,,
共愛会病院,北海道,平成22年度DPC参加病院,139.0,362.0,完全一致,1.0,共愛会病院,,
社会福祉法人　北海道社会事業協会　小樽病院,北海道,平成21年度DPC参加病院,180.0,240.0,完全一致,1.0,社会福祉法人 北海道社会事業協会小樽病院,,
社会福祉法人恩賜財団済生会支部北海道済生会小樽病院,北海道,平成30年度DPC参加病院,155.0,378.0,完全一致,1.0,社会福祉法人 恩賜財団 済生会支部 北海道済生会小樽病院,,
小樽市立病院,北海道,平成24年度DPC参加病院,304.0,388.0,完全一致,1.0,小樽市立病院,,
小樽掖済会病院,北海道,令和4年度DPC参加病院,138.0,138.0,サフィックス一致,0.9,公益社団法人日本海員掖済会 小樽掖済会病院,,
ＪＡ北海道厚生連　ニセコ羊蹄広域　倶知安厚生病院,北海道,平成21年度DPC参加病院,47.0,199.0,完全一致,1.0,ＪＡ北海道厚生連ニセコ羊蹄広域倶知安厚生病院,,
社会福祉法人　北海道社会事業協会　余市病院,北海道,平成26年度DPC参加病院,58.0,163.0,完全一致,1.0,社会福祉法人北海道社会事業協会余市病院,,
市立札幌病院,北海道,平成20年度DPC参加病院,634.0,672.0,完全一致,1.0,市立札幌病院,,
ＪＡ北海道厚生連　旭川厚生病院,北海道,平成21年度DPC参加病院,406.0,406.0,完全一致,1.0,ＪＡ北海道厚生連旭川厚生病院,,
医療法人社団慶友会吉田病院,北海道,令和4年度DPC参加病院,104.0,263.0,完全一致,1.0,医療法人社団慶友会吉田病院,,
社会福祉法人　北海道社会事業協会富良野病院,北海道,平成23年度DPC参加病院,104.0,199.0,完全一致,1.0,社会福祉法人北海道社会事業協会富良野病院,,
名寄市立総合病院,北海道,平成21年度DPC参加病院,202.0,297.0,完全一致,1.0,名寄市立総合病院,,
社会医療法人　母恋日鋼記念病院,北海道,平成16年度DPC参加病院,217.0,315.0,サフィックス一致,0.9,日鋼記念病院,,
市立室蘭総合病院,北海道,平成22年度DPC参加病院,255.0,442.0,完全一致,1.0,市立室蘭総合病院,,
社会医療法人　平成醫塾　苫小牧東病院,北海道,平成21年度DPC参加病院,50.0,260.0,完全一致,1.0,社会医療法人平成醫塾苫小牧東病院,,
ＫＫＲ札幌医療センター,北海道,平成20年度DPC参加病院,384.0,410.0,完全一致,1.0,ＫＫＲ札幌医療センター,,
友愛医療センター,沖縄県,平成18年度DPC参加病院,388.0,388.0,サフィックス一致,0.9,社会医療法人 友愛会 友愛医療センター,,
沖縄県立南部医療センター・こども医療センター,沖縄県,平成20年度DPC参加病院,375.0,380.0,完全一致,1.0,沖縄県立南部医療センター・こども医療センター,,
ＮＴＴ東日本札幌病院,北海道,平成26年度DPC参加病院,301.0,301.0,完全一致,1.0,ＮＴＴ東日本札幌病院,,
ＪＲ札幌病院,北海道,平成26年度DPC参加病院,238.0,238.0,完全一致,1.0,ＪＲ札幌病院,,
社会医療法人　北海道循環器病院,北海道,平成20年度DPC参加病院,95.0,95.0,完全一致,1.0,社会医療法人北海道循環器病院,,
社会医療法人医仁会　中村記念病院,北海道,平成18年度DPC参加病院,214.0,449.0,完全一致,1.0,社会医療法人 医仁会 中村記念病院,,
ＪＡ北海道厚生連　札幌厚生病院,北海道,平成21年度DPC参加病院,365.0,390.0,完全一致,1.0,ＪＡ北海道厚生連札幌厚生病院,,
社会医療法人　北楡会札幌北楡病院,北海道,平成20年度DPC参加病院,270.0,279.0,完全一致,1.0,社会医療法人北楡会 札幌北楡病院,,
札幌南三条病院,北海道,平成20年度DPC参加病院,99.0,99.0,完全一致,1.0,札幌南三条病院,,
北光記念病院,北海道,平成21年度DPC参加病院,145.0,145.0,完全一致,1.0,北光記念病院,,
社会医療法人社団愛心館　愛心メモリアル病院,北海道,平成21年度DPC参加病院,71.0,71.0,完全一致,1.0,社会医療法人社団愛心館 愛心メモリアル病院,,
天使病院,北海道,平成20年度DPC参加病院,258.0,258.0,完全一致,1.0,天使病院,,
札幌心臓血管クリニック,北海道,平成30年度DPC参加病院,107.0,107.0,完全一致,1.0,札幌心臓血管クリニック,,
勤医協中央病院,北海道,平成18年度DPC参加病院,376.0,450.0,完全一致,1.0,勤医協中央病院,,
社会医療法人医翔会　札幌白石記念病院,北海道,平成26年度DPC参加病院,70.0,103.0,サフィックス一致,0.9,札幌白石記念病院,,
独立行政法人地域医療機能推進機構　北海道病院,北海道,平成16年度DPC参加病院,304.0,314.0,完全一致,1.0,独立行政法人地域医療機能推進機構北海道病院,,
社会医療法人柏葉会　札幌柏葉会病院,北海道,平成21年度DPC参加病院,93.0,167.0,完全一致,1.0,社会医療法人柏葉会　札幌柏葉会病院,,
社会医療法人　恵和会西岡病院,北海道,平成21年度DPC参加病院,48.0,98.0,サフィックス一致,0.9,西岡病院,,
新札幌循環器病院,北海道,平成24年度DPC参加病院,99.0,99.0,完全一致,1.0,新札幌循環器病院,,
医療法人社団　エス・エス・ジェイ　札幌整形循環器病院,北海道,平成21年度DPC参加病院,120.0,120.0,完全一致,1.0,医療法人社団エス・エス・ジェイ 札幌整形循環器病院,,
医療法人　北海道整形外科記念病院,北海道,平成22年度DPC参加病院,121.0,160.0,完全一致,1.0,医療法人北海道整形外科記念病院,,
独立行政法人地域医療機能推進機構　札幌北辰病院,北海道,平成16年度DPC参加病院,177.0,206.0,完全一致,1.0,独立行政法人地域医療機能推進機構札幌北辰病院,,
徳島赤十字病院,徳島県,平成18年度DPC参加病院,405.0,405.0,完全一致,1.0,徳島赤十字病院,,
社会医療法人　康和会札幌しらかば台病院,北海道,平成21年度DPC参加病院,56.0,262.0,完全一致,1.0,社会医療法人康和会 札幌しらかば台病院,,
医療法人社団明生会イムス札幌消化器中央総合病院,北海道,平成21年度DPC参加病院,147.0,183.0,完全一致,1.0,医療法人社団 明生会 イムス札幌消化器中央総合病院,,
手稲渓仁会病院,北海道,平成16年度DPC参加病院,670.0,670.0,完全一致,1.0,手稲渓仁会病院,,
北海道立子ども総合医療・療育センター,北海道,令和6年度DPC参加病院,102.0,212.0,完全一致,1.0,北海道立子ども総合医療・療育センター,,
社会医療法人孝仁会　札幌孝仁会記念病院,北海道,平成20年度DPC参加病院,265.0,265.0,完全一致,1.0,社会医療法人孝仁会　札幌孝仁会記念病院,,
社会医療法人北腎会　坂泌尿器科病院,北海道,平成21年度DPC参加病院,59.0,59.0,完全一致,1.0,社会医療法人　北腎会　坂泌尿器科病院,,
医療法人徳洲会　札幌真駒内病院,北海道,平成20年度DPC参加病院,48.0,48.0,完全一致,1.0,医療法人徳洲会 札幌真駒内病院,,
福岡和白病院,福岡県,平成20年度DPC参加病院,343.0,369.0,完全一致,1.0,福岡和白病院,,
独立行政法人国立病院機構　岡山医療センター,岡山県,平成16年度DPC参加病院,589.0,589.0,完全一致,1.0,独立行政法人国立病院機構岡山医療センター,,
県立広島病院,広島県,平成18年度DPC参加病院,537.0,607.0,完全一致,1.0,県立広島病院,,
地方独立行政法人　広島市立病院機構　広島市立広島市民病院,広島県,平成20年度DPC参加病院,715.0,743.0,完全一致,1.0,地方独立行政法人 広島市立病院機構 広島市立広島市民病院,,
地方独立行政法人広島市立病院機構　広島市立北部医療センター安佐市民病院,広島県,平成20年度DPC参加病院,414.0,434.0,完全一致,1.0,地方独立行政法人 広島市立病院機構 広島市立北部医療センター安佐市民病院,,
福山市民病院,広島県,平成20年度DPC参加病院,490.0,506.0,完全一致,1.0,福山市民病院,,
独立行政法人国立病院機構　呉医療センター,広島県,平成18年度DPC参加病院,575.0,624.0,完全一致,1.0,独立行政法人国立病院機構呉医療センター,,
独立行政法人国立病院機構　東広島医療センター,広島県,平成22年度DPC参加病院,385.0,401.0,完全一致,1.0,独立行政法人国立病院機構東広島医療センター,,
独立行政法人国立病院機構　九州医療センター,福岡県,平成16年度DPC参加病院,652.0,702.0,完全一致,1.0,独立行政法人国立病院機構九州医療センター,,
高松赤十字病院,香川県,平成18年度DPC参加病院,461.0,463.0,完全一致,1.0,高松赤十字病院,,
香川県立中央病院,香川県,平成21年度DPC参加病院,513.0,533.0,完全一致,1.0,香川県立中央病院,,
松山赤十字病院,愛媛県,平成20年度DPC参加病院,585.0,585.0,完全一致,1.0,松山赤十字病院,,
愛媛県立中央病院,愛媛県,平成24年度DPC参加病院,776.0,776.0,完全一致,1.0,愛媛県立中央病院,,
社会医療法人　近森会近森病院,高知県,平成18年度DPC参加病院,414.0,474.0,サフィックス一致,0.9,近森病院,,
高知県・高知市病院企業団立高知医療センター,高知県,平成21年度DPC参加病院,556.0,620.0,完全一致,1.0,高知県・高知市病院企業団立高知医療センター,,
高知赤十字病院,高知県,平成18年度DPC参加病院,376.0,376.0,完全一致,1.0,高知赤十字病院,,
独立行政法人　国立病院機構　鹿児島医療センター,鹿児島県,平成20年度DPC参加病院,405.0,405.0,サフィックス一致,0.9,独立行政法人国立病院機構鹿児島医療センター,,
福岡県済生会福岡総合病院,福岡県,平成18年度DPC参加病院,369.0,369.0,完全一致,1.0,福岡県済生会福岡総合病院,,
福岡赤十字病院,福岡県,平成20年度DPC参加病院,511.0,511.0,完全一致,1.0,福岡赤十字病院,,
医療法人　徳洲会　福岡徳洲会病院,福岡県,平成20年度DPC参加病院,602.0,602.0,完全一致,1.0,医療法人徳洲会福岡徳洲会病院,,
新古賀病院,福岡県,平成18年度DPC参加病院,260.0,260.0,サフィックス一致,0.9,社会医療法人天神会新古賀病院,,
飯塚病院,福岡県,平成16年度DPC参加病院,878.0,993.0,完全一致,1.0,飯塚病院,,
独立行政法人地域医療機能推進機構　九州病院,福岡県,平成18年度DPC参加病院,561.0,575.0,完全一致,1.0,独立行政法人地域医療機能推進機構 九州病院,,
小倉記念病院,福岡県,平成26年度DPC参加病院,656.0,656.0,完全一致,1.0,小倉記念病院,,
大阪市立総合医療センター,大阪府,平成21年度DPC参加病院,938.0,1017.0,完全一致,1.0,大阪市立総合医療センター,,
佐賀県医療センター好生館,佐賀県,平成18年度DPC参加病院,430.0,445.0,完全一致,1.0,佐賀県医療センター好生館,,
独立行政法人国立病院機構　長崎医療センター,長崎県,平成18年度DPC参加病院,610.0,643.0,完全一致,1.0,独立行政法人国立病院機構　長崎医療センター,,
佐世保市総合医療センター,長崎県,平成18年度DPC参加病院,543.0,563.0,完全一致,1.0,佐世保市総合医療センター,,
熊本赤十字病院,熊本県,平成18年度DPC参加病院,490.0,490.0,完全一致,1.0,熊本赤十字病院,,
済生会熊本病院,熊本県,平成18年度DPC参加病院,400.0,400.0,完全一致,1.0,済生会熊本病院,,
大分県立病院,大分県,平成20年度DPC参加病院,521.0,557.0,完全一致,1.0,大分県立病院,,
鹿児島市立病院,鹿児島県,平成21年度DPC参加病院,574.0,574.0,完全一致,1.0,鹿児島市立病院,,
兵庫県立淡路医療センター,兵庫県,平成20年度DPC参加病院,342.0,402.0,完全一致,1.0,兵庫県立淡路医療センター,,
社会医療法人大阪国際メディカル＆サイエンスセンター大阪警察病院,大阪府,平成18年度DPC参加病院,609.0,609.0,完全一致,1.0,社会医療法人大阪国際メディカル＆サイエンスセンター　大阪警察病院,,
医療法人　徳洲会　野崎徳洲会病院,大阪府,平成24年度DPC参加病院,218.0,218.0,完全一致,1.0,医療法人徳洲会野崎徳洲会病院,,
地方独立行政法人大阪府立病院機構　大阪急性期・総合医療センター,大阪府,平成21年度DPC参加病院,748.0,865.0,完全一致,1.0,地方独立行政法人大阪府立病院機構大阪急性期・総合医療センター,,
関西医科大学総合医療センター,大阪府,平成20年度DPC参加病院,438.0,477.0,サフィックス一致,0.9,学校法人関西医科大学関西医科大学総合医療センター,,
公益財団法人田附興風会　医学研究所北野病院,大阪府,平成18年度DPC参加病院,643.0,643.0,完全一致,1.0,公益財団法人田附興風会医学研究所北野病院,,
りんくう総合医療センター,大阪府,平成20年度DPC参加病院,388.0,388.0,完全一致,1.0,りんくう総合医療センター,,
医療法人徳洲会　松原徳洲会病院,大阪府,平成20年度DPC参加病院,249.0,249.0,完全一致,1.0,医療法人徳洲会松原徳洲会病院,,
神戸市立医療センター中央市民病院,兵庫県,平成21年度DPC参加病院,760.0,768.0,完全一致,1.0,神戸市立医療センター中央市民病院,,
医療法人徳洲会　八尾徳洲会総合病院,大阪府,平成18年度DPC参加病院,427.0,427.0,完全一致,1.0,医療法人徳洲会八尾徳洲会総合病院,,
堺市立総合医療センター,大阪府,平成18年度DPC参加病院,487.0,487.0,完全一致,1.0,堺市立総合医療センター,,
地方独立行政法人大阪府立病院機構大阪国際がんセンター,大阪府,平成18年度DPC参加病院,500.0,500.0,完全一致,1.0,地方独立行政法人大阪府立病院機構大阪国際がんセンター,,
社会福祉法人恩賜財団大阪府済生会　中津病院,大阪府,平成18年度DPC参加病院,570.0,570.0,未結合,,,,
市立岸和田市民病院,大阪府,平成21年度DPC参加病院,376.0,396.0,完全一致,1.0,市立岸和田市民病院,,
独立行政法人国立病院機構　大阪医療センター,大阪府,平成18年度DPC参加病院,564.0,564.0,完全一致,1.0,独立行政法人国立病院機構大阪医療センター,,
国立研究開発法人　国立循環器病研究センター,大阪府,平成15年度DPC参加病院,525.0,525.0,完全一致,1.0,国立研究開発法人国立循環器病研究センター,,
岡山赤十字病院,岡山県,平成18年度DPC参加病院,480.0,500.0,完全一致,1.0,岡山赤十字病院,,
北播磨総合医療センター,兵庫県,平成21年度DPC参加病院,415.0,435.0,完全一致,1.0,北播磨総合医療センター,,
加古川中央市民病院,兵庫県,平成21年度DPC参加病院,592.0,600.0,完全一致,1.0,加古川中央市民病院,,
独立行政法人労働者健康安全機構　関西労災病院,兵庫県,平成18年度DPC参加病院,642.0,642.0,完全一致,1.0,独立行政法人労働者健康安全機構関西労災病院,,
兵庫県立尼崎総合医療センター,兵庫県,平成20年度DPC参加病院,722.0,730.0,完全一致,1.0,兵庫県立尼崎総合医療センター,,
姫路赤十字病院,兵庫県,平成18年度DPC参加病院,560.0,560.0,完全一致,1.0,姫路赤十字病院,,
兵庫県立はりま姫路総合医療センター,兵庫県,平成18年度DPC参加病院,700.0,736.0,完全一致,1.0,兵庫県立はりま姫路総合医療センター,,
神鋼記念病院,兵庫県,平成21年度DPC参加病院,333.0,333.0,完全一致,1.0,神鋼記念病院,,
豊橋市民病院,愛知県,平成18年度DPC参加病院,790.0,800.0,完全一致,1.0,豊橋市民病院,,
神戸市立西神戸医療センター,兵庫県,平成21年度DPC参加病院,425.0,470.0,完全一致,1.0,神戸市立西神戸医療センター,,
奈良県総合医療センター,奈良県,平成21年度DPC参加病院,476.0,496.0,完全一致,1.0,奈良県総合医療センター,,
公益財団法人　天理よろづ相談所病院,奈良県,平成21年度DPC参加病院,598.0,608.0,完全一致,1.0,公益財団法人天理よろづ相談所病院,,
日本赤十字社　和歌山医療センター,和歌山県,平成21年度DPC参加病院,680.0,700.0,完全一致,1.0,日本赤十字社和歌山医療センター,,
鳥取県立中央病院,鳥取県,平成20年度DPC参加病院,485.0,515.0,完全一致,1.0,鳥取県立中央病院,,
公益財団法人　大原記念倉敷中央医療機構　倉敷中央病院,岡山県,平成16年度DPC参加病院,1061.0,1080.0,完全一致,1.0,公益財団法人大原記念倉敷中央医療機構倉敷中央病院,,
津山中央病院,岡山県,平成20年度DPC参加病院,409.0,433.0,サフィックス一致,0.9,一般財団法人津山慈風会津山中央病院,,
小牧市民病院,愛知県,平成20年度DPC参加病院,506.0,520.0,完全一致,1.0,小牧市民病院,,
静岡市立静岡病院,静岡県,平成21年度DPC参加病院,506.0,506.0,完全一致,1.0,静岡市立静岡病院,,
社会福祉法人聖隷福祉事業団　総合病院聖隷浜松病院,静岡県,平成16年度DPC参加病院,750.0,750.0,完全一致,1.0,社会福祉法人聖隷福祉事業団総合病院聖隷浜松病院,,
社会福祉法人　聖隷福祉事業団　総合病院　聖隷三方原病院,静岡県,平成18年度DPC参加病院,747.0,928.0,完全一致,1.0,社会福祉法人 聖隷福祉事業団 総合病院 聖隷三方原病院,,
名古屋市立大学医学部附属東部医療センター,愛知県,平成21年度DPC参加病院,498.0,498.0,完全一致,1.0,名古屋市立大学医学部附属東部医療センター,,
日本赤十字社愛知医療センター　名古屋第一病院,愛知県,平成18年度DPC参加病院,798.0,818.0,完全一致,1.0,日本赤十字社愛知医療センター名古屋第一病院,,
日本赤十字社愛知医療センター　名古屋第二病院,愛知県,平成20年度DPC参加病院,801.0,801.0,完全一致,1.0,日本赤十字社愛知医療センター名古屋第二病院,,
独立行政法人地域医療機能推進機構　中京病院,愛知県,平成16年度DPC参加病院,580.0,580.0,完全一致,1.0,独立行政法人地域医療機能推進機構 中京病院,,
京都第二赤十字病院,京都府,平成18年度DPC参加病院,528.0,528.0,完全一致,1.0,京都第二赤十字病院,,
岡崎市民病院,愛知県,平成21年度DPC参加病院,660.0,680.0,完全一致,1.0,岡崎市民病院,,
一宮市立市民病院,愛知県,平成21年度DPC参加病院,562.0,594.0,完全一致,1.0,一宮市立市民病院,,
一宮西病院,愛知県,平成20年度DPC参加病院,601.0,801.0,完全一致,1.0,一宮西病院,,
医療法人徳洲会　名古屋徳洲会総合病院,愛知県,平成22年度DPC参加病院,282.0,350.0,完全一致,1.0,医療法人徳洲会名古屋徳洲会総合病院,,
愛知県厚生農業協同組合連合会　豊田厚生病院,愛知県,平成23年度DPC参加病院,589.0,606.0,完全一致,1.0,愛知県厚生農業協同組合連合会 豊田厚生病院,,
愛知県厚生農業協同組合連合会　安城更生病院,愛知県,平成21年度DPC参加病院,754.0,771.0,完全一致,1.0,愛知県厚生農業協同組合連合会 安城更生病院,,
愛知県厚生農業協同組合連合会　江南厚生病院,愛知県,平成24年度DPC参加病院,610.0,630.0,完全一致,1.0,愛知県厚生農業協同組合連合会江南厚生病院,,
愛知県厚生農業協同組合連合会　海南病院,愛知県,平成21年度DPC参加病院,522.0,540.0,完全一致,1.0,愛知県厚生農業協同組合連合会海南病院,,
市立四日市病院,三重県,平成20年度DPC参加病院,537.0,537.0,完全一致,1.0,市立四日市病院,,
伊勢赤十字病院,三重県,平成20年度DPC参加病院,581.0,590.0,完全一致,1.0,伊勢赤十字病院,,
社会福祉法人恩賜財団済生会滋賀県病院,滋賀県,平成20年度DPC参加病院,393.0,393.0,完全一致,1.0,社会福祉法人恩賜財団済生会滋賀県病院,,
医療法人徳洲会　宇治徳洲会病院,京都府,平成21年度DPC参加病院,467.0,479.0,完全一致,1.0,医療法人徳洲会宇治徳洲会病院,,
社会福祉法人京都社会事業財団　京都桂病院,京都府,平成18年度DPC参加病院,525.0,545.0,完全一致,1.0,社会福祉法人京都社会事業財団京都桂病院,,
京都市立病院,京都府,平成21年度DPC参加病院,477.0,503.0,サフィックス一致,0.9,地方独立行政法人京都市立病院機構京都市立病院,,
国家公務員共済組合連合会　平塚共済病院,神奈川県,平成18年度DPC参加病院,375.0,400.0,完全一致,1.0,国家公務員共済組合連合会 平塚共済病院,,
京都第一赤十字病院,京都府,平成18年度DPC参加病院,586.0,600.0,完全一致,1.0,京都第一赤十字病院,,
独立行政法人国立病院機構京都医療センター,京都府,平成18年度DPC参加病院,525.0,545.0,完全一致,1.0,独立行政法人国立病院機構京都医療センター,,
関西電力病院,大阪府,平成20年度DPC参加病院,356.0,400.0,サフィックス一致,0.9,関西電力株式会社関西電力病院,,
泉大津急性期メディカルセンター,大阪府,平成18年度DPC参加病院,300.0,300.0,完全一致,1.0,泉大津急性期メディカルセンター,,
和泉市立総合医療センター,大阪府,平成21年度DPC参加病院,283.0,307.0,完全一致,1.0,和泉市立総合医療センター,,
医療法人徳洲会　岸和田徳洲会病院,大阪府,平成20年度DPC参加病院,400.0,400.0,完全一致,1.0,医療法人徳洲会岸和田徳洲会病院,,
大阪赤十字病院,大阪府,平成20年度DPC参加病院,706.0,826.0,完全一致,1.0,大阪赤十字病院,,
新潟県厚生農業協同組合連合会　長岡中央綜合病院,新潟県,平成20年度DPC参加病院,450.0,450.0,未結合,,,,
国立健康危機管理研究機構国立国際医療センター,東京都,平成24年度DPC参加病院,658.0,665.0,完全一致,1.0,国立健康危機管理研究機構 国立国際医療センター,,
独立行政法人　国立病院機構　東京医療センター,東京都,平成20年度DPC参加病院,640.0,640.0,サフィックス一致,0.9,独立行政法人国立病院機構東京医療センター,,
国立研究開発法人　国立がん研究センター中央病院,東京都,平成15年度DPC参加病院,578.0,578.0,完全一致,1.0,国立研究開発法人国立がん研究センター中央病院,,
社会福祉法人恩賜財団済生会支部神奈川県　済生会横浜市東部病院,神奈川県,平成21年度DPC参加病院,468.0,562.0,完全一致,1.0,社会福祉法人恩賜財団済生会支部神奈川県済生会横浜市東部病院,,
公立大学法人　横浜市立大学附属市民総合医療センター,神奈川県,平成18年度DPC参加病院,613.0,655.0,完全一致,1.0,公立大学法人横浜市立大学附属市民総合医療センター,,
国家公務員共済組合連合会　横浜南共済病院,神奈川県,平成18年度DPC参加病院,545.0,565.0,完全一致,1.0,国家公務員共済組合連合会 横浜南共済病院,,
国家公務員共済組合連合会　横須賀共済病院,神奈川県,平成18年度DPC参加病院,688.0,698.0,完全一致,1.0,国家公務員共済組合連合会 横須賀共済病院,,
諏訪赤十字病院,長野県,平成18年度DPC参加病院,425.0,455.0,完全一致,1.0,諏訪赤十字病院,,
医療法人　徳洲会　湘南鎌倉総合病院,神奈川県,平成18年度DPC参加病院,659.0,669.0,完全一致,1.0,医療法人徳洲会 湘南鎌倉総合病院,,
藤沢市民病院,神奈川県,平成20年度DPC参加病院,536.0,536.0,完全一致,1.0,藤沢市民病院,,
昭和医科大学藤が丘病院,神奈川県,平成18年度DPC参加病院,554.0,554.0,完全一致,1.0,昭和医科大学藤が丘病院,,
社会医療法人財団石心会　川崎幸病院,神奈川県,平成18年度DPC参加病院,326.0,326.0,完全一致,1.0,社会医療法人財団石心会 川崎幸病院,,
独立行政法人労働者健康安全機構　関東労災病院,神奈川県,平成18年度DPC参加病院,610.0,610.0,サフィックス一致,0.9,関東労災病院,,
横浜市立市民病院,神奈川県,平成20年度DPC参加病院,625.0,650.0,完全一致,1.0,横浜市立市民病院,,
新潟市民病院,新潟県,平成21年度DPC参加病院,660.0,676.0,完全一致,1.0,新潟市民病院,,
静岡県立総合病院,静岡県,平成20年度DPC参加病院,662.0,718.0,完全一致,1.0,静岡県立総合病院,,
富山県立中央病院,富山県,平成21年度DPC参加病院,600.0,683.0,完全一致,1.0,富山県立中央病院,,
富山県厚生農業協同組合連合会高岡病院,富山県,平成20年度DPC参加病院,417.0,482.0,完全一致,1.0,富山県厚生農業協同組合連合会高岡病院,,
石川県立中央病院,石川県,平成21年度DPC参加病院,538.0,538.0,完全一致,1.0,石川県立中央病院,,
福井県立病院,福井県,平成21年度DPC参加病院,523.0,735.0,完全一致,1.0,福井県立病院,,
福井県済生会病院,福井県,平成18年度DPC参加病院,349.0,412.0,完全一致,1.0,福井県済生会病院,,
長野赤十字病院,長野県,平成18年度DPC参加病院,635.0,680.0,完全一致,1.0,長野赤十字病院,,
長野市民病院,長野県,平成18年度DPC参加病院,344.0,400.0,完全一致,1.0,長野市民病院,,
社会医療法人財団石心会　埼玉石心会病院,埼玉県,平成18年度DPC参加病院,430.0,470.0,完全一致,1.0,社会医療法人財団石心会埼玉石心会病院,,
長野県厚生農業協同組合連合会　佐久総合病院　佐久医療センター,長野県,平成25年度DPC参加病院,434.0,434.0,完全一致,1.0,長野県厚生農業協同組合連合会 佐久総合病院 佐久医療センター,,
岐阜市民病院,岐阜県,平成20年度DPC参加病院,515.0,565.0,完全一致,1.0,岐阜市民病院,,
岐阜県総合医療センター,岐阜県,平成21年度DPC参加病院,590.0,620.0,完全一致,1.0,岐阜県総合医療センター,,
岐阜県立多治見病院,岐阜県,平成21年度DPC参加病院,437.0,502.0,完全一致,1.0,岐阜県立多治見病院,,
大垣市民病院,岐阜県,平成20年度DPC参加病院,742.0,782.0,完全一致,1.0,大垣市民病院,,
順天堂大学医学部附属静岡病院,静岡県,平成23年度DPC参加病院,633.0,633.0,完全一致,1.0,順天堂大学医学部附属静岡病院,,
静岡県立静岡がんセンター,静岡県,平成22年度DPC参加病院,565.0,615.0,完全一致,1.0,静岡県立静岡がんセンター,,
船橋市立医療センター,千葉県,平成23年度DPC参加病院,429.0,449.0,完全一致,1.0,船橋市立医療センター,,
済生会宇都宮病院,栃木県,平成18年度DPC参加病院,620.0,640.0,完全一致,1.0,済生会宇都宮病院,,
前橋赤十字病院,群馬県,平成18年度DPC参加病院,493.0,555.0,完全一致,1.0,前橋赤十字病院,,
ＳＵＢＡＲＵ健康保険組合　太田記念病院,群馬県,平成18年度DPC参加病院,386.0,386.0,完全一致,1.0,ＳＵＢＡＲＵ健康保険組合太田記念病院,,
自治医科大学附属さいたま医療センター,埼玉県,平成18年度DPC参加病院,628.0,628.0,完全一致,1.0,自治医科大学附属さいたま医療センター,,
埼玉医科大学　総合医療センター,埼玉県,平成20年度DPC参加病院,1037.0,1037.0,完全一致,1.0,埼玉医科大学総合医療センター,,
獨協医科大学埼玉医療センター,埼玉県,平成18年度DPC参加病院,923.0,923.0,完全一致,1.0,獨協医科大学埼玉医療センター,,
社会医療法人社団　埼玉巨樹の会　新久喜総合病院,埼玉県,平成21年度DPC参加病院,293.0,391.0,サフィックス一致,0.9,新久喜総合病院,,
地方独立行政法人東京都立病院機構　東京都立駒込病院,東京都,平成21年度DPC参加病院,793.0,815.0,完全一致,1.0,地方独立行政法人東京都立病院機構　東京都立駒込病院,,
埼玉医科大学国際医療センター,埼玉県,平成21年度DPC参加病院,756.0,756.0,完全一致,1.0,埼玉医科大学国際医療センター,,
さいたま赤十字病院,埼玉県,平成20年度DPC参加病院,632.0,638.0,完全一致,1.0,さいたま赤十字病院,,
千葉県がんセンター,千葉県,平成20年度DPC参加病院,393.0,446.0,完全一致,1.0,千葉県がんセンター,,
総合病院　国保旭中央病院,千葉県,平成20年度DPC参加病院,749.0,819.0,完全一致,1.0,総合病院国保旭中央病院,,
学校法人　順天堂　順天堂大学医学部附属浦安病院,千葉県,平成18年度DPC参加病院,785.0,785.0,サフィックス一致,0.9,順天堂大学医学部附属浦安病院,,
東京慈恵会医科大学附属柏病院,千葉県,平成20年度DPC参加病院,664.0,664.0,完全一致,1.0,東京慈恵会医科大学附属柏病院,,
医療法人　徳洲会　千葉西総合病院,千葉県,平成18年度DPC参加病院,620.0,680.0,完全一致,1.0,医療法人徳洲会千葉西総合病院,,
公立昭和病院,東京都,平成18年度DPC参加病院,485.0,485.0,完全一致,1.0,公立昭和病院,,
医療法人鉄蕉会　亀田総合病院,千葉県,平成16年度DPC参加病院,865.0,917.0,完全一致,1.0,医療法人鉄蕉会亀田総合病院,,
学校法人東邦大学東邦大学医療センター佐倉病院,千葉県,平成22年度DPC参加病院,380.0,380.0,サフィックス一致,0.9,東邦大学医療センター佐倉病院,,
日本赤十字社　成田赤十字病院,千葉県,平成20年度DPC参加病院,605.0,655.0,サフィックス一致,0.9,成田赤十字病院,,
国立研究開発法人　国立がん研究センター東病院,千葉県,平成23年度DPC参加病院,400.0,427.0,完全一致,1.0,国立研究開発法人国立がん研究センター東病院,,
社会福祉法人　三井記念病院,東京都,平成21年度DPC参加病院,482.0,482.0,完全一致,1.0,社会福祉法人三井記念病院,,
聖路加国際病院,東京都,平成18年度DPC参加病院,497.0,520.0,完全一致,1.0,聖路加国際病院,,
虎の門病院,東京都,平成20年度DPC参加病院,817.0,819.0,完全一致,1.0,国家公務員共済組合連合会 虎の門病院,,
九州大学病院,福岡県,平成15年度DPC参加病院,1182.0,1223.0,完全一致,1.0,九州大学病院,,
公益財団法人　がん研究会　有明病院,東京都,平成23年度DPC参加病院,619.0,644.0,完全一致,1.0,公益財団法人がん研究会 有明病院,,
ＮＴＴ東日本関東病院,東京都,平成26年度DPC参加病院,528.0,594.0,完全一致,1.0,ＮＴＴ東日本関東病院,,
日本赤十字社医療センター,東京都,平成18年度DPC参加病院,628.0,645.0,完全一致,1.0,日本赤十字社医療センター,,
市立青梅総合医療センター,東京都,平成18年度DPC参加病院,455.0,505.0,完全一致,1.0,市立青梅総合医療センター,,
東京医科大学八王子医療センター,東京都,平成21年度DPC参加病院,602.0,602.0,完全一致,1.0,東京医科大学八王子医療センター,,
日本赤十字社東京都支部　武蔵野赤十字病院,東京都,平成18年度DPC参加病院,611.0,611.0,完全一致,1.0,日本赤十字社東京都支部武蔵野赤十字病院,,
地方独立行政法人　東京都立病院機構　東京都立多摩総合医療センター,東京都,平成21年度DPC参加病院,724.0,789.0,完全一致,1.0,地方独立行政法人東京都立病院機構　東京都立多摩総合医療センター,,
医療法人　徳洲会　札幌東徳洲会病院,北海道,平成20年度DPC参加病院,336.0,336.0,完全一致,1.0,医療法人徳洲会 札幌東徳洲会病院,,
徳島大学病院,徳島県,平成15年度DPC参加病院,651.0,692.0,完全一致,1.0,徳島大学病院,,
香川大学医学部附属病院,香川県,平成15年度DPC参加病院,572.0,598.0,完全一致,1.0,香川大学医学部附属病院,,
愛媛大学医学部附属病院,愛媛県,平成15年度DPC参加病院,588.0,628.0,完全一致,1.0,愛媛大学医学部附属病院,,
高知大学医学部附属病院,高知県,平成15年度DPC参加病院,568.0,598.0,完全一致,1.0,高知大学医学部附属病院,,
福岡大学病院,福岡県,平成15年度DPC参加病院,712.0,752.0,完全一致,1.0,福岡大学病院,,
久留米大学病院,福岡県,平成15年度DPC参加病院,924.0,977.0,完全一致,1.0,久留米大学病院,,
産業医科大学病院,福岡県,平成15年度DPC参加病院,638.0,660.0,完全一致,1.0,産業医科大学病院,,
大崎市民病院,宮城県,平成20年度DPC参加病院,494.0,494.0,完全一致,1.0,大崎市民病院,,
佐賀大学医学部附属病院,佐賀県,平成15年度DPC参加病院,580.0,602.0,完全一致,1.0,佐賀大学医学部附属病院,,
長崎大学病院,長崎県,平成15年度DPC参加病院,731.0,776.0,完全一致,1.0,長崎大学病院,,
熊本大学病院,熊本県,平成15年度DPC参加病院,795.0,845.0,完全一致,1.0,熊本大学病院,,
大分大学医学部附属病院,大分県,平成15年度DPC参加病院,563.0,593.0,完全一致,1.0,大分大学医学部附属病院,,
宮崎大学医学部附属病院,宮崎県,平成15年度DPC参加病院,568.0,604.0,完全一致,1.0,宮崎大学医学部附属病院,,
鹿児島大学病院,鹿児島県,平成15年度DPC参加病院,612.0,672.0,完全一致,1.0,鹿児島大学病院,,
琉球大学病院,沖縄県,平成15年度DPC参加病院,576.0,620.0,完全一致,1.0,琉球大学病院,,
筑波記念病院,茨城県,平成16年度DPC参加病院,324.0,476.0,サフィックス一致,0.9,医療法人社団 筑波記念会 筑波記念病院,,
旭川赤十字病院,北海道,平成18年度DPC参加病院,450.0,450.0,完全一致,1.0,旭川赤十字病院,,
社会医療法人　製鉄記念室蘭病院,北海道,平成16年度DPC参加病院,302.0,302.0,完全一致,1.0,社会医療法人製鉄記念室蘭病院,,
ＪＡ北海道厚生連　帯広厚生病院,北海道,平成21年度DPC参加病院,532.0,598.0,完全一致,1.0,ＪＡ北海道厚生連帯広厚生病院,,
青森県立中央病院,青森県,平成22年度DPC参加病院,572.0,572.0,完全一致,1.0,青森県立中央病院,,
八戸市立市民病院,青森県,平成20年度DPC参加病院,558.0,578.0,完全一致,1.0,八戸市立市民病院,,
岩手県立中央病院,岩手県,平成18年度DPC参加病院,685.0,685.0,完全一致,1.0,岩手県立中央病院,,
石巻赤十字病院,宮城県,平成20年度DPC参加病院,460.0,460.0,完全一致,1.0,石巻赤十字病院,,
岐阜大学医学部附属病院,岐阜県,平成15年度DPC参加病院,576.0,613.0,完全一致,1.0,岐阜大学医学部附属病院,,
独立行政法人国立病院機構仙台医療センター,宮城県,平成16年度DPC参加病院,583.0,615.0,完全一致,1.0,独立行政法人国立病院機構仙台医療センター,,
山形県立中央病院,山形県,平成20年度DPC参加病院,483.0,498.0,完全一致,1.0,山形県立中央病院,,
日本海総合病院,山形県,平成21年度DPC参加病院,590.0,590.0,完全一致,1.0,日本海総合病院,,
一般財団法人　脳神経疾患研究所　附属　総合南東北病院,福島県,平成18年度DPC参加病院,461.0,461.0,完全一致,1.0,一般財団法人 脳神経疾患研究所 附属 総合南東北病院,,
いわき市医療センター,福島県,平成22年度DPC参加病院,627.0,662.0,完全一致,1.0,いわき市医療センター,,
総合病院土浦協同病院,茨城県,平成20年度DPC参加病院,635.0,691.0,完全一致,1.0,総合病院土浦協同病院,,
茨城県立中央病院,茨城県,平成21年度DPC参加病院,409.0,457.0,完全一致,1.0,茨城県立中央病院,,
京都府立医科大学附属病院,京都府,平成15年度DPC参加病院,621.0,672.0,完全一致,1.0,京都府立医科大学附属病院,,
新潟大学医歯学総合病院,新潟県,平成15年度DPC参加病院,725.0,789.0,完全一致,1.0,新潟大学医歯学総合病院,,
国立大学法人富山大学附属病院,富山県,平成15年度DPC参加病院,569.0,612.0,完全一致,1.0,国立大学法人富山大学附属病院,,
金沢医科大学病院,石川県,平成15年度DPC参加病院,757.0,793.0,完全一致,1.0,金沢医科大学病院,,
国立大学法人　金沢大学附属病院,石川県,平成15年度DPC参加病院,792.0,830.0,完全一致,1.0,国立大学法人金沢大学附属病院,,
福井大学医学部附属病院,福井県,平成15年度DPC参加病院,559.0,600.0,完全一致,1.0,福井大学医学部附属病院,,
山梨大学医学部附属病院,山梨県,平成15年度DPC参加病院,578.0,618.0,完全一致,1.0,山梨大学医学部附属病院,,
国立大学法人　信州大学医学部附属病院,長野県,平成15年度DPC参加病院,621.0,653.0,完全一致,1.0,信州大学医学部附属病院,,
神戸大学医学部附属病院,兵庫県,平成15年度DPC参加病院,888.0,934.0,完全一致,1.0,神戸大学医学部附属病院,,
浜松医科大学医学部附属病院,静岡県,平成15年度DPC参加病院,576.0,613.0,完全一致,1.0,浜松医科大学医学部附属病院,,
名古屋市立大学病院,愛知県,平成15年度DPC参加病院,772.0,800.0,完全一致,1.0,名古屋市立大学病院,,
藤田医科大学病院,愛知県,平成15年度DPC参加病院,1218.0,1376.0,完全一致,1.0,藤田医科大学病院,,
愛知医科大学病院,愛知県,平成15年度DPC参加病院,853.0,900.0,完全一致,1.0,愛知医科大学病院,,
名古屋大学医学部附属病院,愛知県,平成15年度DPC参加病院,953.0,999.0,完全一致,1.0,名古屋大学医学部附属病院,,
国立大学法人三重大学医学部附属病院,三重県,平成15年度DPC参加病院,655.0,685.0,完全一致,1.0,国立大学法人三重大学医学部附属病院,,
滋賀医科大学医学部附属病院,滋賀県,平成15年度DPC参加病院,569.0,603.0,完全一致,1.0,滋賀医科大学医学部附属病院,,
山口大学医学部附属病院,山口県,平成15年度DPC参加病院,713.0,754.0,完全一致,1.0,山口大学医学部附属病院,,
国立大学法人京都大学医学部附属病院,京都府,平成15年度DPC参加病院,1024.0,1089.0,完全一致,1.0,京都大学医学部附属病院,,
大阪医科薬科大学病院,大阪府,平成15年度DPC参加病院,819.0,850.0,完全一致,1.0,大阪医科薬科大学病院,,
大阪公立大学医学部附属病院,大阪府,平成15年度DPC参加病院,927.0,965.0,完全一致,1.0,大阪公立大学医学部附属病院,,
関西医科大学附属病院,大阪府,平成15年度DPC参加病院,797.0,797.0,完全一致,1.0,関西医科大学附属病院,,
学校法人近畿大学　近畿大学病院,大阪府,平成15年度DPC参加病院,919.0,919.0,完全一致,1.0,学校法人近畿大学近畿大学病院,,
大阪大学医学部附属病院,大阪府,平成15年度DPC参加病院,1024.0,1076.0,完全一致,1.0,大阪大学医学部附属病院,,
兵庫医科大学病院,兵庫県,平成15年度DPC参加病院,853.0,897.0,完全一致,1.0,兵庫医科大学病院,,
筑波大学附属病院,茨城県,平成15年度DPC参加病院,779.0,809.0,完全一致,1.0,筑波大学附属病院,,
奈良県立医科大学附属病院,奈良県,平成15年度DPC参加病院,828.0,932.0,完全一致,1.0,奈良県立医科大学附属病院,,
和歌山県立医科大学附属病院,和歌山県,平成15年度DPC参加病院,710.0,750.0,完全一致,1.0,和歌山県立医科大学附属病院,,
鳥取大学医学部附属病院,鳥取県,平成15年度DPC参加病院,651.0,697.0,完全一致,1.0,鳥取大学医学部附属病院,,
島根大学医学部附属病院,島根県,平成15年度DPC参加病院,549.0,600.0,完全一致,1.0,島根大学医学部附属病院,,
川崎医科大学附属病院,岡山県,平成15年度DPC参加病院,896.0,997.0,完全一致,1.0,川崎医科大学附属病院,,
岡山大学病院,岡山県,平成15年度DPC参加病院,757.0,785.0,完全一致,1.0,岡山大学病院,,
広島大学病院,広島県,平成15年度DPC参加病院,722.0,742.0,完全一致,1.0,広島大学病院,,
東京慈恵会医科大学附属病院,東京都,平成15年度DPC参加病院,1026.0,1075.0,未結合,,,,
弘前大学医学部附属病院,青森県,平成15年度DPC参加病院,601.0,636.0,完全一致,1.0,弘前大学医学部附属病院,,
岩手医科大学附属病院,岩手県,平成15年度DPC参加病院,907.0,1000.0,完全一致,1.0,岩手医科大学附属病院,,
東北医科薬科大学病院,宮城県,平成16年度DPC参加病院,515.0,561.0,完全一致,1.0,東北医科薬科大学病院,,
東北大学病院,宮城県,平成15年度DPC参加病院,1098.0,1160.0,完全一致,1.0,東北大学病院,,
秋田大学医学部附属病院,秋田県,平成15年度DPC参加病院,579.0,615.0,完全一致,1.0,秋田大学医学部附属病院,,
国立大学法人山形大学医学部附属病院,山形県,平成15年度DPC参加病院,601.0,637.0,完全一致,1.0,国立大学法人山形大学医学部附属病院,,
公立大学法人福島県立医科大学附属病院,福島県,平成15年度DPC参加病院,715.0,778.0,完全一致,1.0,公立大学法人 福島県立医科大学附属病院,,
日本大学医学部附属板橋病院,東京都,平成15年度DPC参加病院,807.0,850.0,完全一致,1.0,日本大学医学部附属板橋病院,,
自治医科大学附属病院,栃木県,平成15年度DPC参加病院,990.0,1053.0,完全一致,1.0,自治医科大学附属病院,,
獨協医科大学病院,栃木県,平成15年度DPC参加病院,1025.0,1067.0,完全一致,1.0,獨協医科大学病院,,
群馬大学医学部附属病院,群馬県,平成15年度DPC参加病院,691.0,731.0,完全一致,1.0,群馬大学医学部附属病院,,
埼玉医科大学病院,埼玉県,平成15年度DPC参加病院,800.0,878.0,完全一致,1.0,埼玉医科大学病院,,
防衛医科大学校病院,埼玉県,平成15年度DPC参加病院,568.0,604.0,完全一致,1.0,防衛医科大学校病院,,
国際医療福祉大学成田病院,千葉県,令和4年度DPC参加病院,575.0,615.0,完全一致,1.0,国際医療福祉大学成田病院,,
千葉大学医学部附属病院,千葉県,平成15年度DPC参加病院,773.0,814.0,完全一致,1.0,千葉大学医学部附属病院,,
聖マリアンナ医科大学病院,神奈川県,平成15年度DPC参加病院,924.0,955.0,完全一致,1.0,聖マリアンナ医科大学病院,,
東京医科大学病院,東京都,平成15年度DPC参加病院,885.0,904.0,完全一致,1.0,東京医科大学病院,,
東京女子医科大学病院,東京都,平成15年度DPC参加病院,1112.0,1139.0,完全一致,1.0,東京女子医科大学病院,,
慶應義塾大学病院,東京都,平成15年度DPC参加病院,934.0,950.0,完全一致,1.0,慶應義塾大学病院,,
日本医科大学付属病院,東京都,平成15年度DPC参加病院,850.0,877.0,完全一致,1.0,日本医科大学付属病院,,
順天堂大学医学部附属順天堂医院,東京都,平成15年度DPC参加病院,1036.0,1051.0,完全一致,1.0,順天堂大学医学部附属順天堂医院,,
昭和医科大学病院,東京都,平成15年度DPC参加病院,815.0,815.0,完全一致,1.0,昭和医科大学病院,,
東邦大学医療センター大森病院,東京都,平成15年度DPC参加病院,765.0,795.0,完全一致,1.0,東邦大学医療センター大森病院,,
帝京大学医学部附属病院,東京都,平成15年度DPC参加病院,1019.0,1066.0,完全一致,1.0,帝京大学医学部附属病院,,
杏林大学医学部付属病院,東京都,平成15年度DPC参加病院,1023.0,1055.0,完全一致,1.0,杏林大学医学部付属病院,,
東京科学大学病院,東京都,平成15年度DPC参加病院,757.0,813.0,完全一致,1.0,東京科学大学病院,,
東京大学医学部附属病院,東京都,平成15年度DPC参加病院,1157.0,1197.0,完全一致,1.0,東京大学医学部附属病院,,
公立大学法人　横浜市立大学附属病院,神奈川県,平成15年度DPC参加病院,597.0,636.0,完全一致,1.0,公立大学法人 横浜市立大学附属病院,,
北里大学病院,神奈川県,平成15年度DPC参加病院,1088.0,1130.0,完全一致,1.0,北里大学病院,,
東海大学医学部付属病院,神奈川県,平成15年度DPC参加病院,804.0,804.0,完全一致,1.0,東海大学医学部付属病院,,
旭川医科大学病院,北海道,平成15年度DPC参加病院,527.0,558.0,完全一致,1.0,旭川医科大学病院,,
札幌医科大学附属病院,北海道,平成15年度DPC参加病院,769.0,801.0,完全一致,1.0,札幌医科大学附属病院,,
北海道大学病院,北海道,平成15年度DPC参加病院,803.0,843.0,完全一致,1.0,北海道大学病院,,
医療法人岸会岸病院,群馬県,令和6年度出来高算定病院,0.0,286.0,未結合,,,,
医療法人社団明芳会イムス横浜旭リハビリテーション病院,神奈川県,令和6年度出来高算定病院,0.0,120.0,完全一致,1.0,医療法人社団明芳会 イムス横浜旭リハビリテーション病院,,
医療法人新光会生田病院,神奈川県,令和6年度出来高算定病院,0.0,300.0,未結合,,,,
医療法人社団澄明会磐南中央病院,静岡県,令和6年度出来高算定病院,0.0,100.0,完全一致,1.0,医療法人社団 澄明会 磐南中央病院,,
医療法人仁精会三河病院,愛知県,令和6年度出来高算定病院,0.0,150.0,未結合,,,,
医療法人三善会津島中央病院,愛知県,令和6年度出来高算定病院,0.0,100.0,完全一致,1.0,医療法人三善会 津島中央病院,,
湖南病院,滋賀県,令和6年度出来高算定病院,0.0,116.0,未結合,,,,
医療法人社団積信会長野病院,北海道,令和6年度出来高算定病院,0.0,320.0,未結合,,,,
医療法人美喜和会美喜和会オレンジホスピタル,大阪府,令和6年度出来高算定病院,0.0,240.0,未結合,,,,
箕面神経サナトリウム,大阪府,令和6年度出来高算定病院,0.0,329.0,未結合,,,,
医療法人真心会真心会病院,大阪府,令和6年度出来高算定病院,0.0,75.0,完全一致,1.0,医療法人真心会真心会病院,,
医療法人慈心会咲洲病院,大阪府,令和6年度出来高算定病院,0.0,151.0,完全一致,1.0,医療法人慈心会咲洲病院,,
西部島根医療福祉センター,島根県,令和6年度出来高算定病院,0.0,112.0,完全一致,1.0,西部島根医療福祉センター,,
医療法人昭和会倉敷北病院,岡山県,令和6年度出来高算定病院,0.0,113.0,完全一致,1.0,医療法人昭和会 倉敷北病院,,
一般財団法人江原積善会積善病院,岡山県,令和6年度出来高算定病院,0.0,247.0,未結合,,,,
医療法人和同会吉南病院,山口県,令和6年度出来高算定病院,0.0,223.0,未結合,,,,
医療法人若草会小郡まきはら病院,山口県,令和6年度出来高算定病院,0.0,114.0,未結合,,,,
医療法人至誠会宮本病院,徳島県,令和6年度出来高算定病院,0.0,48.0,サフィックス一致,0.9,宮本病院,,
医療法人社団純心会善通寺前田病院,香川県,令和6年度出来高算定病院,46.0,46.0,完全一致,1.0,医療法人社団純心会 善通寺前田病院,,
医療法人格心会晴明病院,福岡県,令和6年度出来高算定病院,0.0,148.0,未結合,,,,
医療法人永寿会シーサイド病院,福岡県,令和6年度出来高算定病院,0.0,180.0,サフィックス一致,0.9,シーサイド病院,,
医療法人栄寿会眞珠園療養所,長崎県,令和6年度出来高算定病院,0.0,212.0,未結合,,,,
医療法人社団井上会ひかりテラス病院,熊本県,令和6年度出来高算定病院,0.0,52.0,サフィックス一致,0.9,ひかりテラス病院,,
医療法人浩然会内村病院,宮崎県,令和6年度出来高算定病院,0.0,261.0,未結合,,,,
公立置賜総合病院,山形県,平成21年度DPC参加病院,421.0,467.0,完全一致,1.0,公立置賜総合病院,,
東広島記念病院,広島県,令和7年度出来高算定病院,27.0,27.0,完全一致,1.0,東広島記念病院,,
時計台記念病院,北海道,令和7年度出来高算定病院,150.0,225.0,完全一致,1.0,時計台記念病院,,
国家公務員共済組合連合会　北陸病院,石川県,令和7年度出来高算定病院,0.0,124.0,完全一致,1.0,国家公務員共済組合連合会 北陸病院,,
医療法人社団　伊豆七海会　熱海所記念病院,静岡県,令和7年度出来高算定病院,0.0,144.0,完全一致,1.0,医療法人社団伊豆七海会 熱海所記念病院,,
医療法人　厚生会　小原病院,鹿児島県,令和7年度出来高算定病院,0.0,118.0,サフィックス一致,0.9,小原病院,,
医療法人　禄寿会　小禄病院,沖縄県,令和7年度出来高算定病院,0.0,70.0,完全一致,1.0,医療法人 禄寿会 小禄病院,,
コミュニティーホスピタル甲賀病院,静岡県,令和7年度出来高算定病院,0.0,349.0,サフィックス一致,0.9,社会医療法人駿甲会コミュニティーホスピタル甲賀病院,,
佐藤病院,神奈川県,令和6年度出来高算定病院,0.0,30.0,完全一致,1.0,医療法人佐藤病院,,
東條ウイメンズホスピタル,神奈川県,令和6年度出来高算定病院,36.0,36.0,完全一致,1.0,医療法人社団 東條ウイメンズホスピタル,,
医療法人清仁会のぞみの丘ホスピタル,岐阜県,令和6年度出来高算定病院,0.0,300.0,未結合,,,,
医療法人社団木野記念会福田西病院,静岡県,令和6年度出来高算定病院,0.0,141.0,未結合,,,,
医療法人同心会杉田病院,愛知県,令和6年度出来高算定病院,0.0,208.0,未結合,,,,
医療法人幸会南陽病院,愛知県,令和6年度出来高算定病院,51.0,99.0,完全一致,1.0,医療法人幸会 南陽病院,,
社会医療法人生長会府中病院,大阪府,令和6年度出来高算定病院,0.0,85.0,サフィックス一致,0.9,府中病院,,
医療法人社団心優会中江病院,北海道,令和6年度出来高算定病院,0.0,280.0,未結合,,,,
医療法人徳新会　四日市徳新会病院,三重県,令和6年度出来高算定病院,0.0,30.0,完全一致,1.0,医療法人徳新会　四日市徳新会病院,,
医療法人福知会もみじヶ丘病院,京都府,令和6年度出来高算定病院,0.0,380.0,未結合,,,,
医療法人渡辺医学会桜橋渡辺リハビリテーション病院,大阪府,令和6年度出来高算定病院,0.0,58.0,完全一致,1.0,医療法人渡辺医学会桜橋渡辺リハビリテーション病院,,
医療法人津樹会城東病院,大阪府,令和6年度出来高算定病院,0.0,46.0,完全一致,1.0,医療法人津樹会城東病院,,
医療法人緑清会樋口胃腸病院,兵庫県,令和6年度出来高算定病院,33.0,49.0,完全一致,1.0,医療法人緑清会樋口胃腸病院,,
医療法人社団栗原会栗原病院,兵庫県,令和6年度出来高算定病院,36.0,36.0,完全一致,1.0,医療法人社団栗原会 栗原病院,,
所沢白翔会病院,埼玉県,令和6年度出来高算定病院,59.0,59.0,サフィックス一致,0.9,医療法人社団敬寿会所沢白翔会病院,,
社会医療法人社団蛍水会名戸ヶ谷記念病院,千葉県,令和6年度出来高算定病院,0.0,100.0,完全一致,1.0,社会医療法人社団蛍水会名戸ヶ谷記念病院,,
医療法人愛善会由良病院,岡山県,令和6年度出来高算定病院,0.0,177.0,完全一致,1.0,医療法人愛善会由良病院,,
南海病院,徳島県,令和6年度出来高算定病院,0.0,270.0,未結合,,,,
井口野間病院,福岡県,令和6年度出来高算定病院,0.0,198.0,未結合,,,,
独立行政法人国立病院機構菊池病院,熊本県,令和6年度出来高算定病院,0.0,220.0,完全一致,1.0,独立行政法人国立病院機構菊池病院,,
森口病院,鹿児島県,令和6年度出来高算定病院,0.0,199.0,未結合,,,,
医療法人陽心会メディカルプラザ大道中央病院,沖縄県,令和6年度出来高算定病院,0.0,60.0,完全一致,1.0,医療法人陽心会　メディカルプラザ大道中央病院,,
岩屋病院,愛知県,令和6年度出来高算定病院,0.0,325.0,未結合,,,,
独立行政法人国立病院機構東尾張病院,愛知県,令和6年度出来高算定病院,0.0,200.0,未結合,,,,
社会医療法人柏葉会脳神経内科かしわば病院,北海道,令和6年度出来高算定病院,0.0,50.0,完全一致,1.0,社会医療法人柏葉会　脳神経内科かしわば病院,,
医療法人社団玄洋会道央佐藤病院,北海道,令和6年度出来高算定病院,0.0,402.0,未結合,,,,
社会医療法人みやま会盛岡観山荘病院,岩手県,令和6年度出来高算定病院,0.0,51.0,未結合,,,,
医療法人玉心会鹿嶋ハートクリニック,茨城県,令和6年度出来高算定病院,23.0,23.0,サフィックス一致,0.9,鹿嶋ハートクリニック,,
医療法人朝日会朝日病院,栃木県,令和6年度出来高算定病院,0.0,221.0,未結合,,,,
前橋城南病院,群馬県,令和6年度出来高算定病院,60.0,161.0,未結合,,,,
紀の郷病院,和歌山県,令和6年度出来高算定病院,0.0,120.0,未結合,,,,
公益財団法人林精神医学研究所附属林道倫精神科神経科病院,岡山県,令和6年度出来高算定病院,0.0,278.0,未結合,,,,
医療法人　徳洲会　東京西徳洲会病院,東京都,平成21年度DPC参加病院,443.0,524.0,完全一致,1.0,医療法人徳洲会 東京西徳洲会病院,,
公立羽咋病院,石川県,平成20年度DPC参加病院,116.0,174.0,完全一致,1.0,公立羽咋病院,,
医療法人社団協友会　笛吹中央病院,山梨県,平成21年度DPC参加病院,74.0,150.0,サフィックス一致,0.9,笛吹中央病院,,
社会医療法人厚生会多治見市民病院,岐阜県,平成28年度DPC参加病院,198.0,248.0,完全一致,1.0,社会医療法人 厚生会 多治見市民病院,,
大隈病院,愛知県,平成30年度DPC参加病院,80.0,156.0,完全一致,1.0,大隈病院,,
焼津市立総合病院,静岡県,平成21年度DPC参加病院,423.0,423.0,完全一致,1.0,焼津市立総合病院,,
社会医療法人寿会　富永病院,大阪府,平成21年度DPC参加病院,224.0,306.0,完全一致,1.0,社会医療法人寿会富永病院,,
医療法人　大道会　森之宮病院,大阪府,令和2年度DPC参加病院,159.0,355.0,完全一致,1.0,社会医療法人大道会森之宮病院,,
独立行政法人地域医療機能推進機構　大阪病院,大阪府,平成18年度DPC参加病院,525.0,525.0,完全一致,1.0,独立行政法人地域医療機能推進機構大阪病院,,
医療法人社団同仁会金光病院,岡山県,平成21年度DPC参加病院,50.0,147.0,完全一致,1.0,医療法人社団同仁会金光病院,,
福岡記念病院,福岡県,平成18年度DPC参加病院,239.0,239.0,完全一致,1.0,福岡記念病院,,
医療法人　松風海　内藤病院,福岡県,平成23年度DPC参加病院,41.0,90.0,完全一致,1.0,医療法人松風海 内藤病院,,
南部病院,宮崎県,平成21年度DPC参加病院,34.0,73.0,完全一致,1.0,南部病院,,
鹿児島赤十字病院,鹿児島県,平成22年度DPC参加病院,80.0,120.0,完全一致,1.0,鹿児島赤十字病院,,
今村総合病院,鹿児島県,平成18年度DPC参加病院,330.0,428.0,完全一致,1.0,今村総合病院,,
医療法人博愛会牧港中央病院,沖縄県,令和2年度DPC参加病院,53.0,99.0,サフィックス一致,0.9,牧港中央病院,,
医療法人八重瀬会　同仁病院,沖縄県,平成30年度DPC参加病院,100.0,154.0,完全一致,1.0,医療法人八重瀬会 同仁病院,,
医療法人　徳洲会　南部徳洲会病院,沖縄県,平成20年度DPC参加病院,316.0,357.0,完全一致,1.0,医療法人徳洲会 南部徳洲会病院,,
雲南市立病院,島根県,令和4年度新規DPC準備病院,155.0,281.0,完全一致,1.0,雲南市立病院,,
社会医療法人社団蛍水会名戸ケ谷病院,千葉県,令和4年度新規DPC準備病院,257.0,293.0,未結合,,,,
社会医療法人社団蛍水会名戸ヶ谷あびこ病院,千葉県,令和4年度新規DPC準備病院,115.0,131.0,完全一致,1.0,社会医療法人社団蛍水会名戸ヶ谷あびこ病院,,
ニューハート・ワタナベ国際病院,東京都,令和4年度新規DPC準備病院,44.0,44.0,完全一致,1.0,ニューハート・ワタナベ国際病院,,
医療法人社団成和会西新井病院,東京都,令和4年度新規DPC準備病院,90.0,196.0,サフィックス一致,0.9,西新井病院,,
医療法人社団同愛会病院,東京都,令和4年度新規DPC準備病院,149.0,149.0,完全一致,1.0,医療法人社団 同愛会病院,,
南魚沼市民病院,新潟県,令和4年度新規DPC準備病院,94.0,140.0,完全一致,1.0,南魚沼市民病院,,
地方独立行政法人長野県立病院機構長野県立阿南病院,長野県,令和4年度新規DPC準備病院,69.0,85.0,サフィックス一致,0.9,長野県立阿南病院,,
独立行政法人国立病院機構長良医療センター,岐阜県,令和4年度新規DPC準備病院,112.0,328.0,完全一致,1.0,独立行政法人国立病院機構長良医療センター,,
藤田医科大学岡崎医療センター,愛知県,令和4年度新規DPC準備病院,400.0,400.0,完全一致,1.0,藤田医科大学岡崎医療センター,,
医療法人社団仁生会甲南病院,滋賀県,令和4年度新規DPC準備病院,0.0,199.0,完全一致,1.0,医療法人社団仁生会甲南病院,,
社会医療法人社団順心会順心神戸病院,兵庫県,令和4年度新規DPC準備病院,68.0,118.0,完全一致,1.0,社会医療法人社団順心会 順心神戸病院,,
医療法人社団智聖会安藤病院,兵庫県,令和4年度新規DPC準備病院,42.0,129.0,未結合,,,,
角谷整形外科病院,和歌山県,令和4年度新規DPC準備病院,70.0,70.0,完全一致,1.0,角谷整形外科病院,,
医療法人財団竹政会セントラル病院,広島県,令和4年度新規DPC準備病院,40.0,60.0,完全一致,1.0,医療法人財団竹政会セントラル病院,,
独立行政法人国立病院機構広島西医療センター,広島県,令和4年度新規DPC準備病院,150.0,440.0,完全一致,1.0,独立行政法人国立病院機構広島西医療センター,,
山陽小野田市民病院,山口県,令和4年度新規DPC準備病院,144.0,199.0,完全一致,1.0,山陽小野田市民病院,,
西予市立西予市民病院,愛媛県,令和4年度新規DPC準備病院,89.0,111.0,完全一致,1.0,西予市立西予市民病院,,
学校法人久留米大学医療センター,福岡県,令和4年度新規DPC準備病院,144.0,234.0,完全一致,1.0,久留米大学医療センター,,
独立行政法人国立病院機構熊本南病院,熊本県,令和4年度新規DPC準備病院,74.0,172.0,完全一致,1.0,独立行政法人国立病院機構熊本南病院,,
津久見市医師会立津久見中央病院,大分県,令和4年度新規DPC準備病院,52.0,120.0,完全一致,1.0,津久見市医師会立津久見中央病院,,
春江病院,福井県,令和4年度新規DPC準備病院,60.0,137.0,完全一致,1.0,春江病院,,
独立行政法人　国立病院機構　鹿児島医療センター,鹿児島県,平成20年度DPC参加病院,405.0,405.0,サフィックス一致,0.9,独立行政法人国立病院機構鹿児島医療センター,,
社会医療法人　敬愛会中頭病院,沖縄県,平成16年度DPC参加病院,355.0,355.0,完全一致,1.0,社会医療法人 敬愛会 中頭病院,,
社会医療法人仁愛会浦添総合病院,沖縄県,平成18年度DPC参加病院,334.0,334.0,完全一致,1.0,社会医療法人仁愛会 浦添総合病院,,
北光記念病院,北海道,平成21年度DPC参加病院,145.0,145.0,完全一致,1.0,北光記念病院,,
独立行政法人国立病院機構霞ヶ浦医療センター,茨城県,平成28年度DPC参加病院,250.0,250.0,完全一致,1.0,独立行政法人国立病院機構 霞ヶ浦医療センター,,
山陽小野田市民病院,山口県,令和4年度新規DPC準備病院,160.0,215.0,完全一致,1.0,山陽小野田市民病院,,
西予市立西予市民病院,愛媛県,令和4年度新規DPC準備病院,89.0,111.0,完全一致,1.0,西予市立西予市民病院,,
学校法人久留米大学医療センター,福岡県,令和4年度新規DPC準備病院,144.0,234.0,完全一致,1.0,久留米大学医療センター,,
独立行政法人国立病院機構熊本南病院,熊本県,令和4年度新規DPC準備病院,74.0,172.0,完全一致,1.0,独立行政法人国立病院機構熊本南病院,,
津久見市医師会立津久見中央病院,大分県,令和4年度新規DPC準備病院,52.0,120.0,完全一致,1.0,津久見市医師会立津久見中央病院,,
独立行政法人国立病院機構広島西医療センター,広島県,令和4年度新規DPC準備病院,150.0,440.0,完全一致,1.0,独立行政法人国立病院機構広島西医療センター,,
